row_id,TEXT,LABEL
0,director dirk shafer and co-writer greg hinton ride the dubious divide where gay porn reaches for serious drama .,0
1,"a charming , quirky and leisurely paced scottish comedy -- except with an outrageous central gimmick that could have been a reject from monty python 's meaning of life .",1
2,"the price was good ,  and came quickly though my prime membership .",1
3,i was looking forward to this game for a couple of num_extend,0
4,arguably the year 's silliest and most incoherent movie .,0
5,"emerges as something rare , an issue movie that 's so honest and keenly observed that it does n't feel like one .",1
6,anyway i recommend this one for its price and quality .,1
7,it seems to be of very good quality in its build .,1
8,... there are enough moments of heartbreaking honesty to keep one glued to the screen .,1
9,they get into the corners as described and are flexible yet firm .,1
10,"it extends the writings of jean genet and john rechy , the films of fassbinder , perhaps even the nocturnal works of goya .",1
11,"liman , of swingers and go , makes his big-budget action film debut something of a clunker as he delivers a long , low-heat chase , interrupted by a middling car chase .",0
12,a sermonizing and lifeless paean to teenage dullards .,0
13,the issue of faith is not explored very deeply,0
14,armada lacks the epic scope of similar games like homeworld or even starcraft .,0
15,"the people in dogtown and z-boys are so funny , aggressive and alive , you have to watch them because you ca n't wait to see what they do next .",1
16,"bad company leaves a bad taste , not only because of its bad-luck timing , but also the staleness of its script .",0
17,"scarlet diva has a voyeuristic tug , but all in all it 's a lot less sensational than it wants to be .",0
18,with this i say i work giving support to the u . s .,0
19,this meter is technology from a decade ago .,0
20,"they were huge ,  yet the same size in the leather is tight .",0
21,it never fails to engage us .,1
22,it worked great for the first couple of weeks then it just stopped completely .,0
23,"as lo-fi as the special effects are , the folks who cobbled nemesis together indulge the force of humanity over hardware in a way that george lucas has long forgotten .",1
24,either than or the developers decided to do their own .,0
25,it 's neither as romantic nor as thrilling as it should be .,0
26,will update this review should it meet a similar fate to my previous wheel .,1
27,i cannot recommend this product for anyone trying to fix a leaky transmission .,0
28,but this time there 's some mold on the gold .,0
29,i won t give this to the new puppy i m getting .,0
30,i have never had a pleasant experience with the customer support at cuisnart .,1
31,pretty much all i ask for in a grinder .,1
32,"snug fit ,  with all the buttons and holes perfectly aligned .",1
33,"also ,  it creates more static than the one i m used to .",0
34,"this road movie gives you emotional whiplash , and you 'll be glad you went along for the ride .",1
35,"stars matthew perry and elizabeth hurley illicit more than a chuckle , and more jokes land than crash , but ultimately serving sara does n't distinguish itself from the herd .",0
36,"a triumph , relentless and beautiful in its downbeat darkness .",1
37,"a very witty take on change , risk and romance , and the film uses humour to make its points about acceptance and growth .",1
38,perfect size for preparing dishes . it really works well .,1
39,it keeps the air clean and nice fresh smelling .,1
40,i do n't have an i am sam clue .,0
41,but the back side looks nice as well .,1
42,"a dreary , incoherent , self-indulgent mess of a movie in which a bunch of pompous windbags drone on inanely for two hours ... a cacophony of pretentious , meaningless prattle .",0
43,think of it as a sort of comfort food for the mind .,1
44,this keeps the cord out of the way and above the board .,1
45,"what will , most likely , turn out to be the most repellent movie of 2002 .",0
46,item arrived in num_num days in bulk packaging exactly like j .,1
47,a chaotic panorama that 's too busy flying a lot of metaphoric flags .,0
48,"and ,  there were many things we liked about this game .",0
49,what makes the movie a comedy is the way it avoids the more serious emotions involved .,1
50,thank heaven the operation is intuitive because there are no instructions .,0
51,i miss my days of cracker eating before becoming gluten free .,0
52,"so ,  to me this is pretty darn  instant  .",1
53,a well-made and often lovely depiction of the mysteries of friendship .,1
54,"occasionally melodramatic , it 's also extremely effective .",1
55,"even with all those rough edges safely sanded down , the american insomnia is still pretty darned good .",1
56,"like i said ,  it works ,  these are ok .",1
57,this is junk food cinema at its greasiest .,0
58,"-lrb- wendigo is -rrb- why we go to the cinema : to be fed through the eye , the heart , the mind .",1
59,"a mix of velocity and idiocy , this ruinous remake lacks the brawn -- and the brains -- of the 1970s original .",0
60,"without september 11 , collateral damage would have been just another bad movie .",0
61,"my little girl wanted this for her birthday ,  so we got it .",0
62,i wouldn t trade them but this is a great knife for the price .,1
63,"static , repetitive , muddy and blurry , hey arnold !",0
64,a predictable and stereotypical little b-movie .,0
65,"so many documentaries like this presuppose religious bigotry or zealous nuttiness of its antagonists , but family fundamentals displays a rare gift for unflinching impartiality .",1
66,flaccid drama and exasperatingly slow journey .,0
67,the movie will reach far beyond its core demographic .,1
68,one to another company and two to amazon . com .,1
69,"though howard demonstrates a great eye as a director , this southern gothic drama is sadly a tough sit , with an undeveloped narrative and enough flashbacks and heavy-handed metaphors to choke a horse -- or at least slow him down to a canter .",0
70,it stays stable in your ear very nicely and is surprisingly very comfortable .,1
71,the material that it is made of is like a dirt magnet .,0
72,a meeting my phone is in the bag charging .,1
73,if you can afford it step up to something that will last .,0
74,i would not trust anything bigger than iphone num_extend,0
75,i was concerned for the price that these measuring cups would be flimsy .,1
76,the movie exists for its soccer action and its fine acting .,1
77,the bottom most container is not as small as one would think .,1
78,"usually when i get this much syrup , i like pancakes to go with it .",0
79,"this headset is awesome ,  the sound quality is truly amazing .",1
80,ford deserves to be remembered at oscar time for crafting this wonderful portrait of a conflicted soldier .,1
81,trying to slide to a different screen instantly turns it back off .,0
82,steve irwin 's method is ernest hemmingway at accelerated speed and volume .,1
83,that is sufficiently minor as to not affect my rating .,1
84,"the picture , scored by a perversely cheerful marcus miller accordion\/harmonica\/banjo abomination , is a monument to bad in all its florid variety .",0
85,high crimes miscasts nearly every leading character .,0
86,a captivating cross-cultural comedy of manners .,1
87,"like a tone-deaf singer at a benefit concert , john q. is a bad movie appearing on behalf of a good cause .",0
88,life is a crock -- or something like it .,0
89,"for its seriousness , high literary aspirations and stunning acting , the film can only be applauded .",1
90,replaced my pampered chef garlic press with this one .,1
91,i love the floral design and the colors .,1
92,i have read reviews from wine experts that it doesn t work .,1
93,a richly imagined and admirably mature work from a gifted director who definitely has something on his mind .,1
94,"superior genre storytelling , which gets under our skin simply by crossing the nuclear line .",1
95,fear dot com is so rambling and disconnected it never builds any suspense .,0
96,i think i will return and stick with wool gloves .,0
97,so not that great for leaving on at night .,0
98,"places a slightly believable love triangle in a difficult-to-swallow setting , and then disappointingly moves the story into the realm of an improbable thriller .",0
99,"the tug-of-war at the core of beijing bicycle becomes weighed down with agonizing contrivances , overheated pathos and long , wistful gazes .",0
100,"in the second half of the film , frei 's control loosens in direct proportion to the amount of screen time he gives nachtwey for self-analysis .",0
101,"it 's so underwritten that you ca n't figure out just where the other characters , including ana 's father and grandfather , come down on the issue of ana 's future .",0
102,imagine the james woods character from videodrome making a home movie of audrey rose and showing it to the kid from the sixth sense and you 've imagined the ring .,0
103,i think this size wont do a bigger bird than num_num pounds .,1
104,"it does succeed by following a feel-good formula with a winning style , and by offering its target audience of urban kids some welcome role models and optimism .",1
105,"it s very black ,  and it does add volume .",0
106,i don t see what others have liked about this .,0
107,i received them as a christmas present and i love them .,1
108,i was glad to see it was still available .,1
109,nice not to have a burner going for hours .,1
110,the last time i did it was a year ago  .,1
111,i purchased two to mount horizontally under the shelves of my kitchen island .,1
112,"the pleasures of super troopers may be fleeting , but they 'll register strongly with anybody who still retains a soft spot for precollegiate humor .",1
113,plugs the ipad into my car and works great .,1
114,the flap also is good and does not come loose at all .,1
115,"it 's a sly wink to the others without becoming a postmodern joke , made creepy by its `` men in a sardine can '' warped logic .",1
116,"an unsatisfying hybrid of blair witch and typical stalk-and-slash fare , where the most conservative protagonist is always the last one living .",0
117,i purchased this jawbone hd as a replacement for an older jawbone thinker .,0
118,but what spectacular sizzle it is !,1
119,"toasts bread ,  muffins and bagels with lots of options to choose .",1
120,"despite the authenticity of the trappings , the film is overblown in its plotting , hackneyed in its dialogue and anachronistic in its style .",0
121,a film that is a portrait of grace in an imperfect world .,1
122,"herzog is obviously looking for a moral to his fable , but the notion that a strong , unified showing among germany and eastern european jews might have changed 20th-century history is undermined by ahola 's inadequate performance .",0
123,"the overall feel of the film is pretty cheesy , but there 's still a real sense that the star trek tradition has been honored as best it can , given the embarrassing script and weak direction .",0
124,"dialogue-heavy and too cerebral for its own good -- or , at any rate , too cerebral for its racy subject matter .",0
125,i use it charge my batteries since my usb port is not an option .,1
126,"feels like one of those contrived , only-in - hollywood productions where name actors deliver big performances created for the sole purpose of generating oscar talk .",0
127,this film 's relationship to actual tension is the same as what christmas-tree flocking in a spray can is to actual snow : a poor -- if durable -- imitation .,0
128,"great charger ,  though there may be cheaper options .",1
129,all my testing proves the same . hope that helps .,1
130,i ve used these a few times and broke them very easily .,0
131,so far i am not at all happy .,0
132,"one of those rare , exhilarating cinematic delights that gets even better in hindsight , as you mull over its every nuance in your mind .",1
133,westfeldt and juergensen exude a chemistry and comfort level that 's both saucy and endearing .,1
134,but it offers plenty to ponder and chew on as its unusual relationship slowly unfolds .,1
135,writer-director burger imaginatively fans the embers of a dormant national grief and curiosity that has calcified into chronic cynicism and fear .,1
136,imagine if you will a tony hawk skating video interspliced with footage from behind enemy lines and set to jersey shore techno .,0
137,"order it with something else ,  and you ll get free shipping .",1
138,the only element of suspense is whether the movie will change titles or distributors again before the closing credits roll .,0
139,"shainberg weaves a carefully balanced scenario that is controlled by neither character , is weirdly sympathetic to both and manages to be tender and darkly comic .",1
140,no. .,0
141,these run quite small even though they are stretchy .,0
142,"whether seen on a 10-inch television screen or at your local multiplex , the edge-of-your-seat , educational antics of steve irwin are priceless entertainment .",1
143,this case is far from what i expected .,0
144,"as a singular character study , it 's perfect .",1
145,"complex , affecting and uniquely almod??var , the film evokes strong emotions and pushes viewers to question their deepest notions of moral right and wrong .",1
146,the smartest bonehead comedy of the summer .,1
147,it is best to invest in a good set of makeup brushes .,0
148,i made flour tortillas that night for our mexican burrito dinner .,1
149,i would not buy anything else from this vendor .,0
150,there are films that try the patience of even the most cinema-besotted critic -- and this was one of them .,0
151,this salad spinner is durable and easy to use .,1
152,"for the price ,  this is a good buy .",1
153,but fans should have fun meeting a brand-new pokemon called celebi .,1
154,"audiences conditioned to getting weepy over saucer-eyed , downy-cheeked moppets and their empathetic caretakers will probably feel emotionally cheated by the film 's tart , sugar-free wit .",0
155,not to mention it did not fit my screen completely .,0
156,there are num_num bright leds for taking pictures or just as a flashlight .,1
157,"i enjoyed the ride -lrb- bumps and all -rrb- , creamy depth , and ultimate theme .",1
158,"i saw knockaround guys yesterday , and already the details have faded like photographs from the spanish-american war ... it 's so unmemorable that it turned my ballpoint notes to invisible ink .",0
159,my dish feels very solid to the touch .,1
160,$ is too much to pay for a $ cable .,0
161,"by the end of no such thing the audience , like beatrice , has a watchful affection for the monster .",1
162,but it pays a price for its intricate intellectual gamesmanship .,0
163,we have been treating our hair for months and finally got this .,0
164,i bought this set for our toaster oven .,0
165,just hurry up and play the darn song and move on for goodness sake .,0
166,"the plot is straight off the shelf , the performances are television - caliber and the message of providing solace through deception is a little creepy .",0
167,while mcfarlane 's animation lifts the film firmly above the level of other coming-of-age films ... it 's also so jarring that it 's hard to get back into the boys ' story .,0
168,"everything that has to do with yvan and charlotte , and everything that has to do with yvan 's rambunctious , jewish sister and her non-jew husband , feels funny and true .",1
169,this one does the job i need it for !  .,1
170,"when it 's all wet , blue crush is highly enjoyable .",1
171,unfortunately this product did not do much for me .,0
172,still it is a fun learning experience and so far so good .,1
173,a deviant topical comedy which is funny from start to finish .,1
174,if you can get past the fantastical aspects and harsh realities of `` the isle '' you 'll get a sock-you-in-the-eye flick that is a visual tour-de-force and a story that is unlike any you will likely see anywhere else .,1
175,this did not stop odor and my pets wanted to eat it .,0
176,not a good product for conditioning even though it says it has shea butter .,0
177,he s heavy and stable enough to not tip over when it s windy .,1
178,the filmmakers skillfully evoke the sense of menace that nature holds for many urban dwellers .,1
179,and do not remove part one of the screen until part two is applied .,1
180,i may even give some as gifts this holiday season .,1
181,"it it pretty hardy ,  i haven t broken it yet .",1
182,well-shot but badly written tale set in a future ravaged by dragons .,0
183,"these are lives worth watching , paths worth following .",1
184,i cannot wait to show it off ! thank you !  .,1
185,like how many times you face the nazgul and how easily they are beaten .,0
186,beyond a handful of mildly amusing lines ... there just is n't much to laugh at .,0
187,spent more time fiddling with this than i did looking at the road .,0
188,i bought the lowest priced model more to test the brand than anything else .,1
189,i though it would be faster and easier but it wasn t .,1
190,if your bike had a kickstand on the plate it won t lock down .,0
191,something the true film buff will enjoy .,1
192,most of crush is a clever and captivating romantic comedy with a welcome pinch of tartness .,1
193,i tried everything short of breaking the thing open .,0
194,"great headset ,  solid build quality and blocks out the wind .",1
195,i loved the food for my cats as you can read below .,0
196,"its like that showtime rotisserrie oven ,  you set it and forget it .",1
197,i ordered these from amazon since i could find them nowhere in my area .,0
198,i had much better luck with the other three pairs mentioned .,0
199,i put in a password but router won t recoginize it .,0
200,"it takes this never-ending confusion and hatred , puts a human face on it , evokes shame among all who are party to it and even promotes understanding .",1
201,i got this as a gift for my son .,1
202,"num_extend has much better graphics ,  better sound ,  slightly better control .",0
203,maybe i found the proceedings a little bit too conventional .,0
204,it basically picks up what is directly in front of it .,1
205,"what full frontal lacks in thematic coherence it largely makes up for as loosey-goosey , experimental entertainment .",1
206,... the sum of the parts equals largely a confused mediocrity .,0
207,almost everything else is wan .,0
208,this style of meat pounder is sort of commodity like .,1
209,"even as lame horror flicks go , this is lame .",0
210,they pile up nice in the closet and clean up great in the dishwasher .,1
211,"a boring , wincingly cute and nauseatingly politically correct cartoon guaranteed to drive anyone much over age 4 screaming from the theater .",0
212,the film runs on equal parts of innocence and wisdom -- wisdom that comes with experience .,1
213,the wheel oftenly stuck and wont turn on its rail .,0
214,i would not suggest this on black iphones .,1
215,one minute per slice seems like a good rule of thumb so far .,1
216,the cheese came out light and fluffy wished i had had one earlier .,1
217,"auto shut off after num_num hours ,  which is a good feature .",1
218,"too loud , too long and too frantic by half , die another day suggests that the bond franchise has run into a creative wall that 007 can not fly over , tunnel under or barrel through .",0
219,just do your homework and you will end up pretty satisfied .,1
220,this bold and lyrical first feature from raja amari expands the pat notion that middle-aged women just wanna have fun into a rousing treatise of sensual empowerment .,1
221,sugar is extremely addictive and does absolutely nothing for your body .,0
222,then into my phone and it chargers my phone .,1
223,there is no menu selection for find free books .,0
224,i only ordered on here because they were alot cheaper .,0
225,"a hip ride into hyper-time , clockstoppers is a lively and enjoyable adventure for all ages at any time .",1
226,voice command is better on this set than other ones i ve tried .,1
227,i kept it though i do not use it .,0
228,despite the port breaking it gets num_extend stars .,1
229,the main flavor to come through is cinnamon and the slight sweetness of stevia .,0
230,director rob marshall went out gunning to make a great one .,1
231,we usually run it on low and it is relatively quite .,1
232,i can t believe i haven t owned one of these before .,1
233,a marvellous journey from childhood idealism to adolescent self-absorption .,1
234,and i wanted them all to be easy to access .,0
235,it does this to a very significant degree and is extremely uncomfortable to wear .,0
236,"christians sensitive to a reductionist view of their lord as a luv-spreading dr. feelgood or omnipotent slacker will feel vastly more affronted than secularists , who might even praise god for delivering such an instant camp classic .",1
237,i did not have what i felt were unrealistic expectations of this device .,1
238,shocking only in that it reveals the filmmaker 's bottomless pit of self-absorption .,0
239,... too gory to be a comedy and too silly to be an effective horror film .,0
240,"sunshine state lacks the kind of dynamic that limbo offers , and in some ways is a rather indulgent piece .",0
241,"a sour , nasty offering .",0
242,"finish is great ,  and it makes great french toast .",1
243,"ultimately the project comes across as clinical , detached , uninvolving , possibly prompting audience members to wonder , ` what 's the point ? '",0
244,"unfortunately ,  not my blackberry nor my cell phone .",0
245,the acting alone is worth the price of admission .,1
246,another thing i really like is that it does not have rivets .,1
247,it worked for maybe num_num months then died .,0
248,i do n't think i 've been as entranced and appalled by an asian film since shinya tsukamoto 's iron man .,1
249,this turner has worked well for the last few years .,1
250,of course the german s call this sort of idea good engineering .,1
251,"synching is simple ,  with no passwords or codes required .",1
252,notorious c.h.o. has oodles of vulgar highlights .,0
253,"the character is too forced and overwritten to be funny or believable much of the time , and clayburgh does n't always improve the over-the-top mix .",0
254,"whether you 're moved and love it , or bored or frustrated by the film , you 'll still feel something .",1
255,we miss the quirky amazement that used to come along for an integral part of the ride .,0
256,"sluggishly directed by episodic tv veteran joe zwick , it 's a sitcom without the snap-crackle .",0
257,a dreary rip-off of goodfellas that serves as a muddled and offensive cautionary tale for hispanic americans .,0
258,"spousal abuse is a major problem in contemporary society , but the film reduces this domestic tragedy to florid melodrama .",0
259,"do n't plan on the perfect ending , but sweet home alabama hits the mark with critics who escaped from a small town life .",1
260,"to the film 's credit , the acting is fresh and unselfconscious , and munch is a marvel of reality versus sappy sentiment .",1
261,"a sensual performance from abbass buoys the flimsy story , but her inner journey is largely unexplored and we 're left wondering about this exotic-looking woman whose emotional depths are only hinted at .",1
262,"truth to tell , if you 've seen more than half-a-dozen horror films , there 's nothing here you have n't seen before .",0
263,you 've seen them a million times .,0
264,"other than that small problem ,  this is a great bt headdest .",1
265,will grab your children by the imagination and amaze them and amuse them .,1
266,it is so small . get a racket ball . pass this one by .,0
267,"a thoughtful , moving piece that faces difficult issues with honesty and beauty .",1
268,i did n't believe for a moment in these villains or their plot .,0
269,"the film benefits greatly from a less manic tone than its predecessor , as cho appears to have settled comfortably into her skin .",1
270,"one of those movies where you walk out of the theater not feeling cheated exactly , but feeling pandered to , which , in the end , might be all the more infuriating .",0
271,"as adapted by kevin molony from simon leys ' novel `` the death of napoleon '' and directed by alan taylor , napoleon 's journey is interesting but his parisian rebirth is stillborn",0
272,"only an epic documentary could get it all down , and spike lee 's jim brown : all american at long last gives its subject a movie worthy of his talents .",1
273,"it might be tempting to regard mr. andrew and his collaborators as oddballs , but mr. earnhart 's quizzical , charming movie allows us to see them , finally , as artists .",1
274,"once the charger is removed ,  the phone starts working ,  again .",0
275,seems to working fine in my mother s humidifier .,1
276,they have a medium pile lining that has more of a stiffer polyester feel .,0
277,"it 's an example of sophisticated , challenging filmmaking that stands , despite its noticeable lack of emotional heft , in welcome contrast to the indulgent dead-end experimentation of the director 's previous full frontal .",1
278,"this cuddly sequel to the 1999 hit is a little more visually polished , a little funnier , and a little more madcap .",1
279,easy to put on and i have no problems .,1
280,"though everything might be literate and smart , it never took off and always seemed static .",0
281,"a thoughtful , provocative , insistently humanizing film .",1
282,"the wwii drama is well plotted , visually striking and filled with enjoyably complex characters who are never what they first appear .",1
283,"i do n't know precisely what to make of steven soderbergh 's full frontal , though that did n't stop me from enjoying much of it .",1
284,the result is something quite fresh and delightful .,1
285,one of the greatest romantic comedies of the past decade .,1
286,haneke challenges us to confront the reality of sexual aberration .,1
287,the plot is so predictable and sentimental that viewers are likely to lose interest before sandrine and her goats walk off into the sunset .,0
288,it 's also heavy-handed and devotes too much time to bigoted views .,0
289,plus its from amazon and amazon wouldn t put their name on crap .,1
290,games like gem journey are easier to play with a stylus like this .,1
291,"i ll stick to my xbox for now ,  thanks .",0
292,the same panel buttons are there but in a better placement .,1
293,"it feels like a community theater production of a great broadway play : even at its best , it will never hold a candle to the original .",0
294,"... perhaps the heaviest , most joyless movie ever made about giant dragons taking over the world .",0
295,i have dropped the phone onto a tile floor and it is fine .,1
296,"once again , director jackson strikes a rewarding balance between emotion on the human scale and action\/effects on the spectacular scale .",1
297,he read every amazon . com review as well as the zojirushi website .,1
298,"however ,  slicing up tons of veggies can be quite time consuming .",1
299,hawke draws out the best from his large cast in beautifully articulated portrayals that are subtle and so expressive they can sustain the poetic flights in burdette 's dialogue .,1
300,the recipe that comes with it is tasty .,1
301,"hand graters can be a mess to clean ,  especially under the handle .",1
302,this is definitely not the case with the num_extend,1
303,looks like a high school film project completed the day before it was due .,0
304,i also have to hold the headphone cord to keep it from flapping around .,0
305,"witty , touching and well paced .",1
306,"this version 's no classic like its predecessor , but its pleasures are still plentiful .",1
307,my first draft of this review was also way too long .,0
308,her delivery and timing are flawless .,1
309,speedloader is very hard to use especially with an extended magazine .,0
310,"a graceless , witless attempt at mating some like it hot with the wwii espionage thriller .",0
311,frida 's artistic brilliance is undeniable -- it 's among the most breathtakingly designed films i 've ever seen .,1
312,"first good , then bothersome .",0
313,at heart the movie is a deftly wrought suspense yarn whose richer shadings work as coloring rather than substance .,1
314,"if your senses have n't been dulled by slasher films and gorefests , if you 're a connoisseur of psychological horror , this is your ticket .",1
315,don t buy this unless you like replacing toasters .,0
316,i am glad that i did not spend a fortune on the electric models .,1
317,unfortunately i m not sure what all the five star reviews are for .,0
318,"the plot is very clever , but boyd weighs it down with too many characters and events , all intertwined and far too complicated to keep track of .",0
319,ridiculous !  i had trouble getting it on with zero bubbles .,0
320,a very stylish but ultimately extremely silly tale ... a slick piece of nonsense but nothing more .,0
321,"the computer recognized the usb connection ,  but the cursor never moved .",0
322,it s too bad because they look like they would keep my ears warm .,0
323,little more than a frothy vanity project .,0
324,this is the old faithful water filter pitcher .,1
325,just spend the extra bucks and buy an official one from apple .,0
326,the constriction on my dog caused him to sit .,0
327,"at times , however , dogtown and z-boys lapses into an insider 's lingo and mindset that the uninitiated may find hard to follow , or care about .",0
328,"pretty darn good , despite its smarty-pants aura .",1
329,its very similar to that type of style .,0
330,it was just what i expected it to be .,1
331,"it 's rare to find a film that dazzles the eye , challenges the brain , and satisfies our lust for fast-paced action , but minority report delivers all that and a whole lot more .",1
332,i give it five stars for making eating good so easy !  .,1
333,a long-winded and stagy session of romantic contrivances that never really gels like the shrewd feminist fairy tale it could have been .,0
334,i wore this product today for a few hours today .,0
335,it 's as flat as an open can of pop left sitting in the sun .,0
336,"this warm and gentle romantic comedy has enough interesting characters to fill several movies , and its ample charms should win over the most hard-hearted cynics .",1
337,it did what it was supposed to do .,1
338,resourceful and ingenious entertainment .,1
339,"i then emptied th coffee grinder and looked for an obstruction ,  none .",0
340,"edited and shot with a syncopated style mimicking the work of his subjects , pray turns the idea of the documentary on its head , making it rousing , invigorating fun lacking any mtv puffery .",1
341,take the whole thing out in the sink .,1
342,this is a happy throwback to the time when cartoons were cinema 's most idiosyncratic form instead of one of its most predictable .,1
343,"4 friends , 2 couples , 2000 miles , and all the pabst blue ribbon beer they can drink - it 's the ultimate redneck road-trip .",1
344,the balm is crap more like a vaseline stick .,0
345,my wife despises window fans usually and she loves this thing too .,1
346,the movie quickly drags on becoming boring and predictable .,0
347,"it 's drained of life in an attempt to be sober and educational , and yet it 's so devoid of realism that its lack of whistles and bells just makes it obnoxious and stiff .",0
348,"also ,  the knife is easy to maneuver despite its length .",1
349,"an enjoyable film for the family , amusing and cute for both adults and kids .",1
350,this knife sharpener more than met our expectations .,1
351,"it 's a pleasure to see seinfeld griping about the biz with buddies chris rock , garry shandling and colin quinn .",1
352,and it s a bread knife and nothing all that special .,1
353,place it in the freezer and close the door .,1
354,i threw it out because i can t take alcohol .,0
355,if you need a pot with this capacity num_extend qts  buy this one .,1
356,"too silly to be frightening , too stolid to be funny , it projects the same lazy affability as its nominal star , david arquette .",0
357,it makes a farce out of a good num_num num_extend,0
358,"not a movie but a live-action agitprop cartoon so shameless and coarse , it 's almost funny .",0
359,dash mounts are either bulky and in the way or not strong enough .,1
360,i have had two of these cans outside for over a year .,1
361,"a graceful , contemplative film that gradually and artfully draws us into a world where the personal and the political get fatally intertwined .",1
362,"the passions aroused by the discord between old and new cultures are set against the strange , stark beauty of the mideast desert , so lovingly and perceptively filmed that you can almost taste the desiccated air .",1
363,moderately involving despite bargain-basement photography and hackneyed romance .,0
364,i expected an improvement in signal strength from my tiny usb direct plugin type .,0
365,"gangs of new york is an unapologetic mess , whose only saving grace is that it ends by blowing just about everything up .",0
366,the sum of all fears is almost impossible to follow -- and there 's something cringe-inducing about seeing an american football stadium nuked as pop entertainment .,0
367,"after four days of that ,  i gave up and chucked it .",0
368,the visuals alone make metropolis worth seeing .,1
369,"a real movie , about real people , that gives us a rare glimpse into a culture most of us do n't know .",1
370,"helmer devito ... attempts to do too many things in this story about ethics , payola , vice , murder , kids ' tv and revenge .",0
371,it is not difficult to clean or assemble .,1
372,i say this as a guy with fairly thin wrists too .,0
373,and still the focus was extremely soft or just plain terrible .,0
374,most operations there is a noticable delay lag of num_extend to num_num seconds .,0
375,"we can see the wheels turning , and we might resent it sometimes , but this is still a nice little picture , made by bright and friendly souls with a lot of good cheer .",1
376,... as the story congeals you feel the pieces of the star wars saga falling into place in a way that makes your spine tingle with revelation and excitement .,1
377,i was surprised as the box seemed to be in good shape .,0
378,that does not hold true for this product .,0
379,i had it professionally installed at a local bike shop .,0
380,should have a wider design for different foods .,1
381,"my goodness , queen latifah has a lot to offer and she seemed to have no problem flaunting her natural gifts .",1
382,it is worse then no lube because it gets soooo sticky .,0
383,"an impossible romance , but we root for the patronized iranian lad .",1
384,"oh ,  and the battery life is pretty decent .",1
385,gosling provides an amazing performance that dwarfs everything else in the film .,1
386,"while not as aggressively impressive as its american counterpart , `` in the bedroom , '' moretti 's film makes its own , quieter observations",1
387,"i did n't laugh at the ongoing efforts of cube , and his skinny buddy mike epps , to make like laurel and hardy 'n the hood .",0
388,"there is a kind of attentive concern that hoffman brings to his characters , as if he has been giving them private lessons , and now it is time for their first public recital .",1
389,i ve not been terribly impressed with this box .,0
390,"the unceasing sadism is so graphically excessive , the director just ends up exposing his own obsession .",0
391,i did not buy from a num_extend party seller .,0
392,but it didn t do anything for my face .,0
393,"the streets , shot by cinematographer michael ballhaus , may be as authentic as they are mean , but it is nearly impossible to care about what happens on them .",0
394,try explaining to a two year old why her tattoo keeps  breaking  .,0
395,"it is also , at times , curiously moving .",1
396,i also love it because the jar is plastic .,1
397,a painfully leaden film destined for pre-dawn cable television slots .,0
398,"we both use the blackberry num_num curve ,  which each use bluetooth version num_extend",1
399,"does what a fine documentary does best : it extends a warm invitation into an unfamiliar world , then illuminates it fully and allows the larger implications of the journey to sink in unobtrusively .",1
400,i bought this toy for my boys a few years back .,0
401,i was bored after the first num_num minutes .,0
402,"spyro games always used to be fun ,  but that tradition ends here .",0
403,this case is cute however the is the only good thing about it .,0
404,u.s. audiences may find -lrb- attal and gainsbourg 's -rrb- unfamiliar personas give the film an intimate and quaint reality that is a little closer to human nature than what hollywood typically concocts .,1
405,it is close to the old one i had for years .,1
406,i would not buy this again in the future .,0
407,"if this holiday movie is supposed to be a gift , somebody unwrapped it early , took out all the good stuff , and left behind the crap -lrb- literally -rrb- .",0
408,"the movie is as far as you can get from racy , to the point where it almost stops the blood flow to your brain ; it has a dull , costumey feel .",0
409,what 's most striking about this largely celebratory film ... is the sense of isolation that permeates these bastions of individuality in an ikea world .,1
410,so i purchased another knife sharpener for this our num_num yankee swap .,1
411,you 'll have more fun setting fire to yourself in the parking lot .,0
412,it has a num_num year warranty on defects too .,1
413,-lrb- u -rrb- nrelentingly stupid .,0
414,it is a poor performer when it comes to odor retention and clumping .,0
415,effectively feeds our senses with the chilling sights and sounds from within the camp to create a completely numbing experience .,1
416,hope this lasts longer than my last grinder so can buy as a gift .,1
417,the kids often appear to be reading the lines and are incapable of conveying any emotion .,0
418,"flotsam in the sea of moviemaking , not big enough for us to worry about it causing significant harm and not smelly enough to bother despising .",0
419,once it dies i will purchase a better unit .,1
420,"the film would work much better as a video installation in a museum , where viewers would be free to leave .",0
421,"exquisitely acted and masterfully if preciously interwoven ... -lrb- the film -rrb- addresses in a fascinating , intelligent manner the intermingling of race , politics and local commerce .",1
422,i must find a way to return them .,0
423,one corner is slightly taller than the other but its hardly noticeable .,1
424,"the values that have held the enterprise crew together through previous adventures and perils do so again-courage , self-sacrifice and patience under pressure .",1
425,"a depressing confirmation of everything those of us who do n't object to the description `` unelected '' have suspected all along : george w. bush is an incurious , uncharismatic , overgrown frat boy with a mean streak a mile wide .",0
426,a moody horror\/thriller elevated by deft staging and the director 's well-known narrative gamesmanship .,1
427,this pan is a bit heavier and truly nonstick .,1
428,wait for video -- and then do n't rent it .,0
429,"you can feel the heat that ignites this gripping tale , and the humor and humanity that root it in feeling .",1
430,"in my experience ,  they are a constant source of problems .",0
431,the complication is the heft of the phone .,1
432,i practically felt like i threw away my money on this one .,0
433,"it 's a brave attempt to tap into the heartbeat of the world , a salute to the universal language of rhythm and a zippy sampling of sounds .",1
434,also the headphones do not feel comfortable on your head .,0
435,"the director , steven shainberg , has succeeded by focusing intently on his characters , making them quirky individuals rather than figures of fun .",1
436,a process that takes a couple of minutes .,0
437,"finally , a genre movie that delivers -- in a couple of genres , no less .",1
438,"so clich??d that , at one point , they literally upset an apple cart .",0
439,you 'll be more entertained getting hit by a bus .,0
440,"you have to pay attention to follow all the stories , but they 're each interesting .",1
441,"a shambles of a movie -- visually unattractive , unbearably loud and utterly silly ... its hilarity is completely unintentional .",0
442,the use of cgi and digital ink-and-paint make the thing look really slick .,1
443,there was nothing at all to indicate that belkin manufactured this item .,0
444,i bought this product for feeding my num_num persian cats while on vacation .,0
445,apparently there are thirteen more words required to successfully submit this review .,1
446,abandons all pretense of creating historical context and waltzes off into a hectic soap about the ups and downs of the heavy breathing between the two artists .,0
447,has the feel of an unedited personal journal .,0
448,"like the film 's almost anthropologically detailed realization of early - '80s suburbia , it 's significant without being overstated .",1
449,a waste of good performances .,0
450,"thrilling , provocative and darkly funny , this timely sci-fi mystery works on so many different levels that it not only invites , it demands repeated viewings .",1
451,"home alone goes hollywood , a funny premise until the kids start pulling off stunts not even steven spielberg would know how to do .",0
452,skip work to see it at the first opportunity .,1
453,"if it 's possible for a sequel to outshine the original , then sl2 does just that .",1
454,big fat liar is just futile silliness looking to tap into the kiddie sensibilities .,0
455,"we often cook sausages ,  hot dogs and hamburgers in it as well .",1
456,an unbelievably fun film just a leading man away from perfection .,1
457,gave it to someone named happy on her birthday .,0
458,i have owned it for two years and it is a work horse .,1
459,i ve had this thermometer for about num_num years .,1
460,i can carry it in my pocket and use it when i need to .,1
461,when i contacted the company the response was that they shipped it .,0
462,"the weight of water uses water as a metaphor for subconscious desire , but this leaky script barely stays afloat .",0
463,"perhaps it won t rust ,  but upclose it looks a little cheesey .",0
464,"it 's getting harder and harder to ignore the fact that hollywood is n't laughing with us , folks .",0
465,"the diversity of the artists represented , both in terms of style and ethnicity , prevents the proceedings from feeling repetitious , as does the appropriately brief 40-minute running time .",1
466,he has not learnt that storytelling is what the movies are about .,0
467,a mixed bag of a comedy that ca n't really be described as out of this world .,0
468,"these are supposedly cotton ,  but they don t feel like it .",0
469,begins as a promising meditation on one of america 's most durable obsessions but winds up as a slender cinematic stunt .,0
470,it would be hard to think of a recent movie that has worked this hard to achieve this little fun .,0
471,"as conceived by mr. schaeffer , christopher and grace are little more than collections of quirky traits lifted from a screenwriter 's outline and thrown at actors charged with the impossible task of making them jell .",0
472,"interacting eyeball-to-eyeball and toe-to-toe , hopkins and norton are a winning combination -- but fiennes steals ` red dragon ' right from under their noses .",1
473,no complaints and my wife loves the color .,1
474,"an endlessly fascinating , landmark movie that is as bold as anything the cinema has seen in years .",1
475,how did it ever get made ?,0
476,"i 'm not suggesting that you actually see it , unless you 're the kind of person who has seen every wim wenders film of the '70s .",0
477,"one minute , you think you 're watching a serious actioner ; the next , it 's as though clips from the pink panther strikes again and\/or sailor moon have been spliced in .",0
478,i could not tell a difference at all .,1
479,so i just thought maybe it ll help keep my acne away .,0
480,a modest and messy metaphysical thriller offering more questions than answers .,0
481,i don t think the saying  you get what you pay  .,0
482,a blessed gift to film geeks and historians .,1
483,i had to buy one out on the road .,0
484,they were awesome and they work great i like them a lot thank you .,1
485,impresses you with its open-endedness and surprises .,1
486,my husband said it was obvious so i had to return it .,0
487,obviously we all have our own preferences for taste .,0
488,the item was what i was looking for and arrived exactly as described .,1
489,it should be mentioned that the set design and interiors of the haunted vessel are more than effectively creepy and moodily lit .,1
490,i shall be ordering a second one in the not too distant future .,1
491,"the film takes too long getting to the good stuff , then takes too long figuring out what to do next .",0
492,this clever caper movie has twists worthy of david mamet and is enormous fun for thinking audiences .,1
493,"matthew mcconaughey tries , and fails , to control the screen with swaggering machismo and over-the-top lunacy .",0
494,the aluminum ones get stained and ugly after a few uses .,1
495,it creates heaping folds of foam andturns your coffee into a breve latte .,1
496,it s more powerful so i expect it to be a little louder .,1
497,an original gem about an obsession with time .,1
498,"some of seagal 's action pictures are guilty pleasures , but this one is so formulaic that it seems to be on auto-pilot .",0
499,an incredibly clever and superbly paced caper filled with scams within scams within scams .,1
500,"the year 's happiest surprise , a movie that deals with a real subject in an always surprising way .",1
501,worked best on older new england house with narrow staircase .,0
502,the sound range and loudness is pretty impressive for the price and size .,1
503,all came well sharpened and ready to go .,1
504,wish it had a crank or something to make it easier .,1
505,i wore my first one out by pouring hot gravies in it .,1
506,extremely confusing .,0
507,as the clock clicked by num_extend i still felt sluggish .,0
508,"all of them are utter garbage ,  not even decent polyester .",0
509,"the film 's greatest asset is how much it 's not just another connect-the-dots , spy-on-the-run picture .",1
510,"the film makes a tragic error by going on for too long , trying to mirror every subsequent event in chinese history : war , revolution , communism , etc. .",0
511,things i notice so far : + bluetooth num_extend streaming is solid .,1
512,good thing filters for num_num gallon tanks are cheap .,0
513,it s not as bulky feel as the other cases available .,1
514,"it works with all types ,  but works best with roma tomatoes .",1
515,"this is a fantastic idea ,  however it has some flaws .",0
516,"say this for the soundtrack , it drowns out the lousy dialogue .",0
517,the only thing is it stretches easily so be careful with that .,1
518,"very easy to put on ,  no bubbles whatsoever .",1
519,"this may not have the dramatic gut-wrenching impact of other holocaust films , but it 's a compelling story , mainly because of the way it 's told by the people who were there .",1
520,"get it ,  it s worth the price for sure .",1
521,the cookbook that comes with it is adequate .,1
522,offers that rare combination of entertainment and education .,1
523,"the story itself is uninteresting , and the songs are painfully undistinguished : they might be giants ' so to be one of us may be the most tuneless tune ever composed .",0
524,a psychological thriller with a smart script and an obsessive-compulsive 's attention to detail .,1
525,"it is ridiculous , of course ... but it is also refreshing , disarming , and just outright enjoyable despite its ridiculousness .",1
526,have been using it daily since it arrived .,1
527,i paid $ for this when i bought a few other pieces .,1
528,"the performances are so leaden , michael rymer 's direction is so bloodless and the dialogue is so corny that the audience laughs out loud .",0
529,"the movie 's quiet affirmation of neighborhood values gives it an honest , lived-in glow .",1
530,even legends like alfred hitchcock and john huston occasionally directed trifles ... so it 's no surprise to see a world-class filmmaker like zhang yimou behind the camera for a yarn that 's ultimately rather inconsequential .,0
531,"unfortunately , heartbreak hospital wants to convey the same kind of haughtiness in its own sketchy material but this territory has already been explored previously with better aplomb and sardonic wit .",0
532,im thinking num_num gem stones in at least a num_num inch wheel .,0
533,shame on what otherwise has been a reliable company with several other respectful products .,0
534,could the whole plan here have been to produce something that makes fatal attraction look like a classic by comparison ?,0
535,absorbing and disturbing -- perhaps more disturbing than originally intended -- but a little clarity would have gone a long way .,0
536,i ve not had this happen with my wusthofs .,0
537,"scene-by-scene , things happen , but you 'd be hard-pressed to say what or why .",0
538,we re too stupid to put together normal sounding sentences .,0
539,"i have several of these ,  well worth it .",1
540,"a sad , superior human comedy played out on the back roads of life .",1
541,"the cables seem rather basic and work well ,  except one problem .",0
542,the story and characters are nowhere near gripping enough .,0
543,i use this thing to core out the inside of a potato .,1
544,a gas cooktop would be worse and a smooth cooktop probably much better .,1
545,open carefully and handle the zippers with care .,1
546,"for the first time in several years , mr. allen has surpassed himself with the magic he 's spun with the hollywood empress of ms. leoni 's ellie .",1
547,propelled not by characters but by caricatures .,0
548,warmed-over tarantino by way of wannabe elmore leonard .,0
549,never -lrb- sinks -rrb- into exploitation .,1
550,"despite what anyone believes about the goal of its makers , the show ... represents a spectacular piece of theater , and there 's no denying the talent of the creative forces behind it .",1
551,"a baffling misfire , and possibly the weakest movie -lrb- woody allen -rrb- has made in the last twenty years .",0
552,she handed it back to me and picked up her ginsu knife .,0
553,this just doesn t have enough power to massage my shoulders and neck .,0
554,"they pee in it about once a week ,  if that .",0
555,"this film is so slick , superficial and trend-hoppy , that it 's easy to imagine that a new software program spit out the screenplay .",0
556,this is n't a `` friday '' worth waiting for .,0
557,"the vampire thriller blade ii starts off as a wild hoot and then sucks the blood out of its fun -- toward the end , you can feel your veins cringing from the workout .",0
558,also these attachment pieces are very easy to clean .,1
559,"not so much funny as aggressively sitcom-cute , it 's full of throwaway one-liners , not-quite jokes , and a determined tv amiability that allen personifies .",0
560,i simply treated it how i would assume a curling iron works .,0
561,"lanie 's professional success means she must be a failure at life , because she 's driven by ambition and does n't know how to have fun .",0
562,"an enthralling , playful film that constantly frustrates our desire to know the ` truth ' about this man , while deconstructing the very format of the biography in a manner that derrida would doubtless give his blessing to .",1
563,"the furious coherence that -lrb- deniro -rrb- brings to this part only underscores the fuzzy sentimentality of the movie itself , which feels , as it plods toward the end , less like a movie than like the filmed reading of a script in need of polishing .",0
564,i will never again purchase another game where this is a requirement .,0
565,a masterpiece four years in the making .,1
566,what really surprises about wisegirls is its low-key quality and genuine tenderness .,1
567,some reviewers complained of grounds in the coffee .,1
568,i love cheetos and any artificially or naturally enhanced cheese snack .,0
569,we use these alot and they work great .,1
570,there 's a vastness implied in metropolis that is just breathtaking .,1
571,what might have been a predictably heartwarming tale is suffused with complexity .,1
572,i would definitely recommend this for a cute case .,1
573,"good for a few unintentional laughs , `` extreme ops '' was obviously made for the `` xxx '' crowd , people who enjoy mindless action without the benefit of decent acting , writing , and direction .",0
574,we have used ours at least a couple of hundred times .,1
575,b. -rrb- that sure is pathetic !,0
576,love it !  really handy to set by the stove .,1
577,the good pieces that i manages to salvage the birds refuse to touch .,0
578,"a deceivingly simple film , one that grows in power in retrospect .",1
579,but these knives are well worth their price .,1
580,"the premise for this kegger comedy probably sounded brilliant four six-packs and a pitcher of margaritas in , but the film must have been written ... in the thrall of a vicious hangover .",0
581,"a comprehensive and provocative film -- one that pushes the boundaries of biography , and challenges its audience .",1
582,the production values are up there .,1
583,"i hated the color that was sent to me ,  pale chalky beige .",0
584,"whatever the case ,  i couldn t be more unhappy with this purchase .",0
585,an intelligent fiction about learning through cultural clash .,1
586,easy to apply and it works very well .,1
587,engagingly captures the maddening and magnetic ebb and flow of friendship .,1
588,"this is what s affordable right now ,  so it has to do .",1
589,ranks among willams ' best screen work .,1
590,blade release buttons are simple to use which makes cleaning easy .,1
591,i contacted the seller and was given a refund .,0
592,also the  free will  option is an absolute joke .,0
593,"while undercover brother is definitely one for the masses , it 's also full of sharp , smart satire .",1
594,unless you have very small or very large hands it is comfortable to use .,1
595,"instead of kicking off the intrigue and suspense and mystery of the whole thing , hart 's war , like the st. louis rams in the super bowl , waits until after halftime to get started .",0
596,the sequel has turned completely and irrevocably bizarre to the point of utter nonsense .,0
597,for caine lovers only .,0
598,these small cookie scoops made perfectly uniform two inch cookies .,1
599,i m selling mine to make room for something else .,0
600,"for the price tag ,  its nothing to rave about .",0
601,i d rather be a little less healthy and a little more happy .,0
602,boring we did n't .,0
603,coming from an asian background it s not something we normally cook with .,1
604,i m sure it depends on your age and body type .,0
605,there are num_num blue lights to indicate the level of the unit s charge .,1
606,i followed the guidance and am grateful for it .,1
607,davis has filled out his cast with appealing fresh faces .,1
608,did nt have time to return it before christmas so bought another necklass .,0
609,i was torn between ordering the wagner steam cleaner and this mcculloch steam cleaner .,1
610,i only wish the vacuum head was a little larger .,1
611,a sports movie with action that 's exciting on the field and a story you care about off it .,1
612,a very average science fiction film .,0
613,"a gentle , compassionate drama about grief and healing .",1
614,i ve tried the pulls with prongs that go along side the cork .,1
615,if you are stir frying your ingredients  i . e .,0
616,i tried hiding them in her food and in her treats .,0
617,"the film is all a little lit crit 101 , but it 's extremely well played and often very funny .",1
618,"not everything works , but the average is higher than in mary and most other recent comedies .",1
619,this little butter bell is a fantastic buy .,1
620,i m just looking forward to the day i get to replace it .,0
621,enfamil infant is characterized by choline and dha .,0
622,i don t want the bulk of an otterbox defender .,1
623,its characters are thinner than cardboard -- or even comic-book paper .,0
624,"even by dumb action-movie standards , ballistic : ecks vs. sever is a dumb action movie .",0
625,i was not at all pleased with the performance of this chopper .,0
626,"i m a male ,  a bachelor who lives alone .",1
627,"a splendid entertainment , young in spirit but accomplished in all aspects with the fullness of spirit and sense of ease that comes only with experience .",1
628,that s not what it felt like with the original gel adhesive .,0
629,we use a bread machine to prepare the dough and provide the first rise .,1
630,"we never really feel involved with the story , as all of its ideas remain just that : abstract ideas .",0
631,you ve probably seen them use it on iron chef .,1
632,"the whole cast looks to be having so much fun with the slapstick antics and silly street patois , tossing around obscure expressions like bellini and mullinski , that the compact 86 minutes breezes by .",1
633,"behind the snow games and lovable siberian huskies -lrb- plus one sheep dog -rrb- , the picture hosts a parka-wrapped dose of heart .",1
634,not that we should of had to do that .,0
635,hello;i purchased this item from a major retailer about num_num years ago .,0
636,"egoyan 's movie is too complicated to sustain involvement , and , if you 'll excuse a little critical heresy , too intellectually ambitious .",0
637,anker is a fine product though i d never heard of it .,1
638,"almost every scene in this film is a gem that could stand alone , a perfectly realized observation of mood , behavior and intent .",1
639,i m convinced vacuum sealing works just as advertised .,1
640,much better than block and tackle type hooks to store overhead .,1
641,a psychologically rich and suspenseful moral thriller with a stellar performance by al pacino .,1
642,i purchased these batteries based on the reviews of others .,1
643,so shipping takes a while but it is definitely worth the price .,1
644,"for all its failed connections , divine secrets of the ya-ya sisterhood is nurturing , in a gauzy , dithering way .",1
645,i will update my review after num_num months .,1
646,you can go to any chain store and do better .,0
647,this machine is no match for the new consoles .,0
648,i recommand smaller size for everyday use . but i like this pan .,1
649,my mouth feels very dry and i am thirsty after drinking this .,0
650,if high crimes were any more generic it would have a universal product code instead of a title .,0
651,"the principals in this cast are all fine , but bishop and stevenson are standouts .",1
652,"a turgid little history lesson , humourless and dull .",0
653,"once the lid closes ,  the smell goes away .",1
654,"do not buy this product ! the photos are horribly ,  horribly misleading .",0
655,the drama is played out with such aching beauty and truth that it brings tears to your eyes .,1
656,it didn t work for me hopefully other people will have better luck .,0
657,two reviewers determined there are drivers to be downloaded but i was unsuccessful .,0
658,makes an aborbing if arguable case for the man 's greatness .,1
659,"no , it 's not nearly as good as any of its influences .",0
660,"got all excited ,  but this taste nohthing like honey at all .",0
661,i think this case is a very nice phone case .,1
662,"the writers , director wally wolodarsky , and all the actors should start their own coeducational fraternity : kappa rho alpha phi .",0
663,"so after two months of use ,  working in it .",0
664,it would n't be my preferred way of spending 100 minutes or $ 7.00 .,0
665,it charges my phone very quickly and to full % battery .,1
666,brilliant ! ',1
667,this is a worthless item that makes no sense at all .,0
668,"here 's a british flick gleefully unconcerned with plausibility , yet just as determined to entertain you .",1
669,this particular variety is rather lacking in the flavor department .,0
670,a cockamamie tone poem pitched precipitously between swoony lyricism and violent catastrophe ... the most aggressively nerve-wracking and screamingly neurotic romantic comedy in cinema history .,1
671,mind you the oem xoom charger is not like that at all .,0
672,the la prima ran about half a shot then choked the machine .,1
673,then i thought something was wrong with my car .,1
674,now i just need to buy a catch can for the bottle tops .,1
675,it took 19 predecessors to get this ?,0
676,a definite num_extend for how they handled this .,0
677,stephen earnhart 's homespun documentary mule skinner blues has nothing but love for its posse of trailer park denizens .,1
678,a romantic comedy that operates by the rules of its own self-contained universe .,1
679,me too is a nice brand and make very comfortable shoes .,0
680,not so much a movie as a picture book for the big screen .,0
681,i would recommend this case to my friends .,1
682,i ordered two of them and both arrived within a week .,0
683,so far has lasted for a long time and does not wear off .,1
684,i dropped phone once and the case held up perfectly .,1
685,durable and seems similar quality to apple products .,1
686,"this romantic thriller is steeped in the atmosphere of wartime england , and ably captures the speech patterns , moral codes and ideals of the 1940s .",1
687,"all in all ,  though ,  happy with the product .",1
688,"if this dud had been made in the '70s , it would have been called the hills have antlers and played for about three weeks in drive-ins .",0
689,wrapped around me easily to tuck in for getting ready at the gym .,1
690,"like a marathon runner trying to finish a race , you need a constant influx of liquid just to get through it .",0
691,proves that a movie about goodness is not the same thing as a good movie .,0
692,another num_num calories from the other num_num grams of carbohydrates .,0
693,a film so tedious that it is impossible to care whether that boast is true or not .,0
694,i have to lower the rating another notch .,0
695,"all ends well , sort of , but the frenzied comic moments never click .",0
696,"shadyac shoots his film like an m. night shyamalan movie , and he frequently maintains the same snail 's pace ; he just forgot to add any genuine tension .",0
697,i ve had many lighters and this one might be the best .,0
698,even die-hard fans of japanese animation ... will find this one a challenge .,0
699,"more honest about alzheimer 's disease , i think , than iris .",1
700,researched before i bought it and had actually chosen another one .,1
701,what happened with pluto nash ?,0
702,put homemade pizza sauce on top then add pepperoni and fresh mushrooms .,1
703,"for the first two-thirds of this sparklingly inventive and artful , always fast and furious tale , kids will go happily along for the ride .",1
704,"flashy , pretentious and as impenetrable as morvern 's thick , working-class scottish accent .",0
705,it s this second part that really grosses me out .,0
706,i just received a replacement bb curve from verizon .,1
707,i woke up with basically an oil slick on my face .,0
708,marineland does a very good job with their led aquarium systems .,0
709,i ve used it once and i won t be using it again .,0
710,now i have a game that i don t ever want to play .,0
711,"elling , portrayed with quiet fastidiousness by per christian ellefsen , is a truly singular character , one whose frailties are only slightly magnified versions of the ones that vex nearly everyone .",1
712,"a little at first ,  more with each successive try .",0
713,i used this set with a toaster oven and with a coleman camping oven .,1
714,"a compelling , moving film that respects its audience and its source material .",1
715,"it 's the best film of the year so far , the benchmark against which all other best picture contenders should be measured .",1
716,after a num_extend try i received the same product .,0
717,i didn t have enough of them to return .,0
718,remember when bond had more glamour than clamor ?,0
719,i can t send it back again because i don t have it .,0
720,... surprisingly inert for a movie in which the main character travels back and forth between epochs .,0
721,"might work for others ,  didn t work for me .",0
722,"when a set of pre-shooting guidelines a director came up with for his actors turns out to be cleverer , better written and of considerable more interest than the finished film , that 's a bad sign .",0
723,it s very simple and takes up very little space on the pot rack .,1
724,the concept was great and it worked very well when it worked .,0
725,"de oliveira creates an emotionally rich , poetically plump and visually fulsome , but never showy , film whose bittersweet themes are reinforced and brilliantly personified by michel piccoli .",1
726,"for all its surface frenzy , high crimes should be charged with loitering -- so much on view , so little to offer .",0
727,the transmit strength on this compact num_extend is pretty strong .,0
728,"as i get hit ,  my health endurance goes down .",0
729,most products are for dandruff caused by dry scalp .,0
730,went looking for them and you had them .,1
731,farrell ... thankfully manages to outshine the role and successfully plays the foil to willis 's world-weary colonel .,1
732,i had it a long time now and i still love it .,1
733,i followed the instructions and threw away the first num_num batches of coffee .,1
734,i can not send it back due to shipping requirements .,0
735,"a teasing drama whose relentless good-deed\/bad-deed reversals are just interesting enough to make a sinner like me pray for an even more interesting , less symmetrical , less obviously cross-shaped creation .",1
736,excellent acting and direction .,1
737,"still , i 'm not quite sure what the point is ...",0
738,"i just flipped the pan over ,  and there they were .",1
739,"sadly , hewitt 's forte is leaning forward while wearing low-cut gowns , not making snappy comebacks .",0
740,a harmless and mildly amusing family comedy .,1
741,"even after several days ,  they are air tight in a wine bottle .",1
742,"theology aside , why put someone who ultimately does n't learn at the center of a kids ' story ?",0
743,absolutely horrid; cheaper @ costco if you must .,0
744,purchased this to charge my new android tablet in the car on trips .,1
745,i tried supergluing the magnets back on to no avail .,0
746,"you would be better off investing in the worthy emi recording that serves as the soundtrack , or the home video of the 1992 malfitano-domingo production .",0
747,and it ll keep rice perfect and hot for up to num_num hours .,1
748,"elling really is about a couple of crazy guys , and it 's therapeutic to laugh along with them .",1
749,-lrb- howard -rrb- so good as leon barlow ... that he hardly seems to be acting .,1
750,this is the worst game i have come across in a long time .,0
751,the tug of war that ensues is as much a snapshot of modern china in microcosm as it is a crash course in movie mythology .,1
752,i finally made he purchase and am glad i did .,1
753,"when it 's on dry land , though , this surfer-girl melodrama starts gasping like a beached grouper .",0
754,i spent $ for the num_extend and overall it was not worth the cost .,0
755,bullock 's complete lack of focus and ability quickly derails the film,0
756,like they glued it together and shipped it out it seemed .,0
757,insert the micro usb to your phone and enjoy your widescreen display .,0
758,i dumped all num_num screen protectors in the trash bin .,0
759,we juiced our garden lettuce and greens with ease .,1
760,this case looks nice but that s about it .,0
761,the handle is comfortable and holds the pitchers securely in your hands .,1
762,well worth the time .,1
763,"it 's traditional moviemaking all the way , but it 's done with a lot of careful period attention as well as some very welcome wit .",1
764,"yes ,  it is plastic ,  but not cheap plastic .",1
765,"hu and liu offer natural , matter-of-fact performances that glint with sorrow , longing and love .",1
766,puts together very easily and does what it s said it would .,1
767,this idea has lost its originality ... and neither star appears very excited at rehashing what was basically a one-joke picture .,0
768,the original unreal tournament is the very definition of fun .,0
769,the invincible werner herzog is alive and well and living in la,1
770,"it might work for all purpose flour ,  which has less gluten .",0
771,soe decided to push it to live a whole num_num weeks sooner than that .,0
772,"as an actor , the rock is aptly named .",0
773,"earnest but earthbound ... a slow , soggy , soporific , visually dank crime melodrama\/character study that would be more at home on the small screen but for its stellar cast .",0
774,makmalbaf follows a resolutely realistic path in this uncompromising insight into the harsh existence of the kurdish refugees of iran 's borderlands .,1
775,"merely as a technical , logistical feat , russian ark marks a cinematic milestone .",1
776,bought this for use to hold my droid incredible .,0
777,"this film was made to get laughs from the slowest person in the audience -- just pure slapstick with lots of inane , inoffensive screaming and exaggerated facial expressions .",0
778,"a movie that will touch the hearts of both children and adults , as well as bring audiences to the edge of their seats .",1
779,company will exchange though but it wastes your time doing this .,0
780,"moore 's complex and important film is also , believe it or not , immensely entertaining , a david and goliath story that 's still very much playing itself out .",1
781,"the first time through ,  things really slowed down around level num_extend",0
782,you place all the ingredients into the bread maker .,1
783,we plugged in an extra headset laying around the house .,0
784,it really is like they didn t take anything at all .,0
785,here 's a self-congratulatory 3d imax rah-rah .,0
786,i had to get some from the phone store .,0
787,i of course treated it with a wood sealant to last through the winter .,1
788,"offensive in the way it exploits the hot-button issue of domestic abuse for cheap thrills and disgusting in the manner it repeatedly puts a small child in jeopardy , treating her as little more than a prop to be cruelly tormented .",0
789,the description on the website did not state that the straps were elastic .,0
790,the movie has lots of dancing and fabulous music .,1
791,the box is very shallow and not easily covered securely .,0
792,what a change in my life this will make .,1
793,i love my lodge omelet pan and use it almost every morning .,1
794,neither funny nor suspenseful nor particularly well-drawn .,0
795,all the well-meaningness in the world ca n't erase the fact that the believer feels like a 12-step program for the jewish nazi .,0
796,the grill surface is easier to clean than our other grills .,1
797,i also like the adjustable heat option for the warming plate .,1
798,it reminds me more of silly putty than of a concealer .,0
799,please reply with the filter part number and your location .,0
800,the graphics are most definitely improved over the previous version .,0
801,"theirs is a simple and heart-warming story , full of mirth that should charm all but the most cynical .",1
802,this is one of polanski 's best films .,1
803,the only thing in pauline and paulette that you have n't seen before is a scene featuring a football field-sized oriental rug crafted out of millions of vibrant flowers .,0
804,if you have soft facial fair then by all means use these razors .,0
805,son of the bride may be a good half-hour too long but comes replete with a flattering sense of mystery and quietness .,0
806,too small and not the quality i expected .,0
807,i never thought about making cheese until ree drummond made some on her show .,1
808,"call me a wimp , but i cried , not once , but three times in this animated sweet film .",1
809,"as weber and weissman demonstrate with such insight and celebratory verve , the cockettes were n't as much about gender , sexual preference or political agitprop as they were simply a triumph of the indomitable human will to rebel , connect and create .",1
810,"i have many oxo products ,  and i ve always been pleased .",1
811,sharp cutting edges make your pies look as good as they taste .,1
812,"accuracy and realism are terrific , but if your film becomes boring , and your dialogue is n't smart , then you need to use more poetic license .",0
813,there 's something fundamental missing from this story : something or someone to care about .,0
814,i had a less powerful one for num_num years before it finally gave out .,1
815,"romanek keeps the film constantly taut ... reflecting the character 's instability with a metaphorical visual style and an unnerving , heartbeat-like score .",1
816,"however ,  definitely does not work like a new battery .",0
817,it s also a good size for a family of num_extend,1
818,"director benoit jacquot , making his first opera-to-film translation with tosca , conveys the heaving passion of puccini 's famous love-jealousy - murder-suicide fandango with great cinematic innovation .",1
819,perfect fit for replacement in my num_num year old blender that still works .,1
820,it 's hard not to feel you 've just watched a feature-length video game with some really heavy back story .,0
821,doesn t really reduce the fat anymore than most cooking methods .,1
822,formula 51 is so trite that even yu 's high-energy action stylings ca n't break through the stupor .,0
823,"very nice unit ,  easy to assemble and operate .",1
824,"it 's hard not to be seduced by -lrb- witherspoon 's -rrb- charisma , even in this run-of-the-mill vehicle , because this girl knows how to drive it to the max .",1
825,try it once and you won t think it s stupid .,0
826,nolan bravely treads where few american films dare to delve -- into the world of ambivalence and ambiguity ...,1
827,"as it abruptly crosscuts among the five friends , it fails to lend the characters ' individual stories enough dramatic resonance to make us care about them .",0
828,in num_num thq came out with this wrestling game .,0
829,arnold 's jump from little screen to big will leave frowns on more than a few faces .,0
830,short blades and longer handles give you the leverage you need for tough cutting .,1
831,this ring looked beautiful on out of the box .,0
832,i m starting to hate it because i don t need to upgrade .,1
833,i won t be buying from this vender ever again .,0
834,may be it will become soft with use and then it should be fine .,1
835,"like its two predecessors , 1983 's koyaanisqatsi and 1988 's powaqqatsi , the cinematic collage naqoyqatsi could be the most navel-gazing film ever .",0
836,"tadpole is a sophisticated , funny and good-natured treat , slight but a pleasure .",1
837,i mainly use my blentec now but haven t sold the vitamix yet .,1
838,i estimate that four trips were made to empty and refill the water compartments .,1
839,does this ever happen to the cpu ?  rarely .,0
840,"longley has constructed a remarkably coherent , horrifically vivid snapshot of those turbulent days .",1
841,mr. wedge and mr. saldanha handle the mix of verbal jokes and slapstick well .,1
842,"lasted for two games ,  during which i was the sole operator .",0
843,then i used the attachemnts on my furniture and the water was gray .,1
844,"they are cheerios ,  afterall ,  and we love the original kind .",0
845,"it suggests the wide-ranging effects of media manipulation , from the kind of reporting that is done by the supposedly liberal media ... to the intimate and ultimately tragic heartache of maverick individuals like hatfield and hicks .",1
846,this pan i have had for one year .,1
847,"other reviews seemed more positive ,  but i just gave mine away .",0
848,the movie succumbs to being nothing more than a formulaic chase in the dark .,0
849,i weep for the future when a good portion of the respected critical community in this country consider blue crush to be an intelligent film about young women .,0
850,it is hard to go to anything else now that i have used this .,1
851,"nicolas philibert observes life inside a one-room schoolhouse in northern france in his documentary to be and to have , easily one of the best films of the year .",1
852,note that i got mine from an amazon store called  small appliance  .,0
853,the bottom part is stretching after only a month of owning the case .,0
854,undercover brother does n't go far enough .,0
855,it 's just a silly black genre spoof .,0
856,this item does not provide full coverage as the picture suggests .,0
857,"zhang yimou delivers warm , genuine characters who lie not through dishonesty , but because they genuinely believe it 's the only way to bring happiness to their loved ones .",1
858,i would have given a five star if the packaging with some bubble wrap .,1
859,it not educational or exciting and it s annoying .,0
860,"a spunky , original take on a theme that will resonate with singles of many ages .",1
861,i read all the reviews and decided on this one .,1
862,"it 's a decent glimpse into a time period , and an outcast , that is no longer accessible , but it does n't necessarily shed more light on its subject than the popular predecessor .",1
863,now it 's just tired .,0
864,"a boring , formulaic mix of serial killers and stalk 'n' slash .",0
865,i ve owned this crock pot for several years .,1
866,and it is very possible that these are good cables .,0
867,the backyard battles you staged with your green plastic army men were more exciting and almost certainly made more sense .,0
868,it works fine and the coffee is just as great !  .,1
869,i would recommend to anyone who wants a pda .,1
870,i did not purchase my set from this vendor .,0
871,but i like the phone to be up higher on the windshield . recommended .,1
872,if you want loud get the cdn num_extend count down big digit timer .,1
873,what kids will discover is a new collectible .,1
874,moore 's performance impresses almost as much as her work with haynes in 1995 's safe .,1
875,the film is often filled with a sense of pure wonderment and excitement not often seen in today 's cinema du sarcasm,1
876,"a miniscule little bleep on the film radar , but one that many more people should check out",1
877,an idealistic love story that brings out the latent 15-year-old romantic in everyone .,1
878,it adds size o an already pretty big system .,0
879,careful when using steak knives however because they will scratch these plates .,1
880,"an intelligent , moving and invigorating film .",1
881,the fact that the rookie is a nearly impeccable cinematic experience -- and a wonderful all-ages triumph besides -- is a miracle akin to the story the film portrays .,1
882,"sometimes , nothing satisfies like old-fashioned swashbuckling .",1
883,my cat just isn t at all interested in these springs .,0
884,"despite a blue-chip cast and a provocative title , writer-director peter mattei 's first feature microwaves dull leftover romantic motifs basted in faux-contemporary gravy .",0
885,but he loses his focus when he concentrates on any single person .,0
886,"there 's not much more to this adaptation of the nick hornby novel than charm -- effortless , pleasurable , featherweight charm .",1
887,you get what you pay for i guess .,0
888,i figured this would be a great alternative to use during the six weeks .,0
889,you do have to hold a bowl when catching the meat you re grinding .,1
890,"it 's not horrible , just horribly mediocre .",0
891,i ve only charged it once since i bought it .,1
892,i liked this and was happy with my purchase .,1
893,i was hoping for a bit better than this from amazon .,0
894,can t imagine how it acts when you heat style your hair .,0
895,"as are its star , its attitude and its obliviousness .",0
896,time changer may not be the most memorable cinema session but its profound self-evaluation message about our fragile existence and the absence of spiritual guidance should at least invade an abundance of mindsets,1
897,mediocre results until hitting upon a great cookbook .,1
898,it hasn t done anything for his thin coat though .,0
899,no reason for anyone to invest their hard-earned bucks into a movie which obviously did n't invest much into itself either .,0
900,it took three years three vets and over twelve hundred dollars spent before success .,0
901,the otterbox defender series is by far the best available .,1
902,you dont get so much sand with this .,0
903,"had anyone here done anything remotely intelligent , we all could have stopped watching long ago .",0
904,for my purpose this is the perfect item .,1
905,the movie is one of the best examples of artful large format filmmaking you are likely to see anytime soon .,1
906,"the animated subplot keenly depicts the inner struggles of our adolescent heroes - insecure , uncontrolled , and intense .",1
907,"goyer 's screenplay and direction are thankfully understated , and he has drawn excellent performances from his cast .",1
908,this is art paying homage to art .,1
909,i put it together to surprise my husband .,0
910,the shipping charges are now lower and upfront on the order .,1
911,no comment on the strainer since i have not used it yet .,0
912,"great dutch oven ,  works well and fun to use on camping trips .",1
913,i sprinkle a little flour on the rolls before stamping to prevent sticking .,1
914,"if nothing else , this movie introduces a promising , unusual kind of psychological horror .",1
915,"the fight scenes are fun , but it grows tedious .",0
916,"but if it is indeed a duty of art to reflect life , than leigh has created a masterful piece of artistry right here .",1
917,"crayola makes the best crayons ,  don t get me wrong .",0
918,carrots will leave a big orange smear on the surface .,1
919,"cedar takes a very open-minded approach to this sensitive material , showing impressive control , both visually and in the writing .",1
920,"this is a film well worth seeing , talking and singing heads and all .",1
921,this is honestly the only case i ve thrown away in the garbage .,0
922,these people would n't know subtle characterization if it put on a giant furry monster costume and then gave them a lapdance .,0
923,the bar contains  agave nectar  which does not occur naturally .,0
924,we are ice cream lovers and fussy about the quality of ice cream .,1
925,i purchased this to replace a knife that was lost .,1
926,i have no doubt that it will hold up well through the years .,1
927,"the low-budget full frontal was one of the year 's murkiest , intentionally obscure and self-indulgent pictures , and solaris is its big-budget brother .",0
928,"director ferzan ozpetek creates an interesting dynamic with the members of this group , who live in the same apartment building .",1
929,borrows from so many literary and cinematic sources that this future world feels absolutely deja vu .,0
930,"there are times when a rumor of angels plays like an extended episode of touched by an angel -- a little too much dancing , a few too many weeping scenes -- but i liked its heart and its spirit .",1
931,few films this year have been as resolute in their emotional nakedness .,1
932,hasn t had to be rebooted yet due to connection issues .,0
933,the measuring spoons would make a great stocking stuffer for any kitchen queen .,1
934,"even if britney spears is really cute , her movie is really bad .",0
935,"once glitch ,  which i did not view as all that negative .",1
936,"what a ripoff !  learn from my mistake ,  do not buy .",0
937,"why come up with something even quasi-original , when you can pillage from shirley jackson , richard matheson ... and puke up something like rose red ?",0
938,they felt like the same movie to me .,0
939,"if you are sensitive to maltodextrin ,  this isn t for you .",0
940,"it opens cans ok ,  but no better than the old fashioned openers .",0
941,"i used this along with another similar product ,  for over num_num months .",0
942,i have two of them in different locations in my house .,1
943,"like most sequels , it takes what worked last time , repeats it and adds more characters , more stunts , more stuff in attempt to camouflage its sameness .",0
944,"if you think that jennifer lopez has shown poor judgment in planning to marry ben affleck , wait till you see maid in manhattan .",0
945,"it 's all pretty cynical and condescending , too .",0
946,would be five stars if it was out of slightly heavier material .,1
947,this is a good hoodie and well made .,0
948,"mine is a piece of junk ,  as far as i am concerned .",0
949,"its direction , its script , and weaver 's performance as a vaguely discontented woman of substance make for a mildly entertaining 77 minutes , if that 's what you 're in the mood for .",1
950,"when your leading ladies are a couple of screen-eating dominatrixes like goldie hawn and susan sarandon at their raunchy best , even hokum goes down easily .",1
951,"based on a david leavitt story , the film shares that writer 's usual blend of observant cleverness , too-facile coincidence and slightly noxious preciousness .",0
952,"the film meant well in its horse tale about freedom , but was n't able to reach the heart because it was too overbearing .",0
953,scores a few points for doing what it does with a dedicated and good-hearted professionalism .,1
954,"as elegantly crafted as it often is , anderson 's movie is essentially a one-trick pony that , hampered by an undeveloped script , ultimately pulls up lame .",0
955,"not a cozy or ingratiating work , but it 's challenging , sometimes clever , and always interesting , and those are reasons enough to see it .",1
956,choppy editing and too many repetitive scenes spoil what could have been an important documentary about stand-up comedy .,0
957,so please stop buying this and maybe they will lower the price .,0
958,`` an entire film about researchers quietly reading dusty old letters . '',0
959,maguire is a surprisingly effective peter\/spider-man .,1
960,this does not appear to attract more mosquitos than the light does by itself .,0
961,i will never buy hamilton beach products again .,0
962,there is n't a weak or careless performance amongst them .,1
963,adam sandler is to gary cooper what a gnat is to a racehorse .,0
964,"the finer the setting ,  the longer it takes .",1
965,i have a  made in usa  version of this .,0
966,"half of it is composed of snappy patter and pseudo-sophisticated cultural observations , while the remainder ... would be more at home on a daytime television serial .",0
967,i ve been through so many of these ineffective silly things .,0
968,i couldn t stand the persistent smell of feces in my apartment .,0
969,it makes a buzzing sound when devices are plugged in .,0
970,"for all its alleged youthful fire , xxx is no less subservient to bond 's tired formula of guns , girls and gadgets while brandishing a new action hero .",0
971,"it s not overpowering ,  it is not like perfume .",0
972,"a movie that , rather than skip along the seine , more or less slogs its way through soggy paris , tongue uncomfortably in cheek .",0
973,"i would have preferred a transfer down the hall to mr. holland 's class for the music , or to robin williams 's lecture so i could listen to a teacher with humor , passion , and verve .",0
974,an endearingly offbeat romantic comedy with a great meet-cute gimmick .,1
975,it is not a mass-market entertainment but an uncompromising attempt by one artist to think about another .,1
976,must-see viewing for anyone involved in the high-tech industry .,1
977,one major complaint is the micromanagment of collecting  shards  .,0
978,and theres no warning on any of these cans that i can identify .,0
979,"i complain all the time about seeing the same ideas repeated in films over and over again , but the bourne identity proves that a fresh take is always possible .",1
980,"it is a comedy that 's not very funny and an action movie that is not very thrilling -lrb- and an uneasy alliance , at that -rrb- .",0
981,the waist cords are over a foot long after being taken in .,0
982,"he enjoys this toy ,  but can get the treats out fairly quickly .",0
983,"lacking gravitas , macdowell is a placeholder for grief , and ergo this sloppy drama is an empty vessel .",0
984,"gee , a second assassin shot kennedy ?",0
985,some studio pizazz might have helped .,0
986,"the film is itself a sort of cinematic high crime , one that brings military courtroom dramas down very , very low .",0
987,it would have been perfect if it was a tad bit smaller .,1
988,this one is available at a decent price with fair shipping here on amazon .,1
989,"the stunning , dreamlike visuals will impress even those viewers who have little patience for euro-film pretension .",1
990,there is not an ounce of honesty in the entire production .,0
991,too bulky and there are better products out there in single units .,0
992,these type honeywells have been around a long time .,1
993,"you have to break it in ,  in other words .",1
994,i have had this mount for about a year and it works great .,1
995,"painful to watch , but viewers willing to take a chance will be rewarded with two of the year 's most accomplished and riveting film performances .",1
996,a byzantine melodrama that stimulates the higher brain functions as well as the libido .,1
997,he 's super spy !,1
998,but this stuff will fall apart after only a few washings .,0
999,the aftertaste is so overpowering i had to brush my teeth .,0
1000,gollum 's ` performance ' is incredible !,1
1001,a compendium of solondz 's own worst instincts in under 90 minutes .,0
1002,quite tasteless and they make you order so many .,0
1003,it was all potatoes and had very little clam flavor .,0
1004,i can t believe how strong this little guy is .,1
1005,the shape of the grains makes all the difference .,0
1006,there 's plenty of style in guillermo del toro 's sequel to the 1998 hit but why do we need 117 minutes to tell a tale that simply ca n't sustain more than 90 minutes .,0
1007,an eccentric little comic\/thriller deeply in love with its own quirky personality .,1
1008,other brands in this large of a container are glass .,0
1009,it was almost like pokemon yellow in the fighting system .,0
1010,that rara avis : the intelligent romantic comedy with actual ideas on its mind .,1
1011,but what saves lives on the freeway does not necessarily make for persuasive viewing .,0
1012,jir?? hubac 's script is a gem .,1
1013,there must be an engineering issue with the motor of the toy .,0
1014,"run , do n't walk , to see this barbed and bracing comedy on the big screen .",1
1015,instead i would recommend cetaphil gentle cleanser and you will be fine .,0
1016,the lid is the best part of the pot ensemble .,0
1017,i ordered num_num and find this to be a hugh mistake .,0
1018,"while the mascara is soft ,  it is not full .",0
1019,it was supposed to be a complete toy .,0
1020,"for example ,  the box says there s an led battery indicator light .",1
1021,the result is mesmerizing -- filled with menace and squalor .,1
1022,i made beef bolognese in the oven and it turned out wonderfully .,1
1023,that is right up until one day the record feature stopped working .,0
1024,invincible is a wonderful movie .,1
1025,"even when foreign directors ... borrow stuff from hollywood , they invariably shake up the formula and make it more interesting .",1
1026,this is the best american movie about troubled teens since 1998 's whatever .,1
1027,save yourself some time and money and skip this product .,0
1028,a little too pat for its own good .,0
1029,"i will always have slight pain ,  no matter what .",0
1030,"that zhang would make such a strainingly cute film -- with a blind orphan at its center , no less -- indicates where his ambitions have wandered .",1
1031,i adjusted the volumes on the ipod and the cassette player .,0
1032,claritin used to be the best thing around .,0
1033,however signal between transmitter and receiver does not work between insulated patio glass door .,1
1034,just a bloody mess .,0
1035,i contacted the company and they said that the shipment had been lost .,0
1036,"while it would be easy to give crush the new title of two weddings and a funeral , it 's a far more thoughtful film than any slice of hugh grant whimsy .",1
1037,pray 's film works well and will appeal even to those who are n't too familiar with turntablism .,1
1038,really confused ppl riding with me at first .,1
1039,"a stunning piece of visual poetry that will , hopefully , be remembered as one of the most important stories to be told in australia 's film history .",1
1040,"oft-described as the antidote to american pie-type sex comedies , it actually has a bundle in common with them , as the film diffuses every opportunity for a breakthrough",0
1041,"greene delivers a typically solid performance in a role that is a bit of a departure from the noble characters he has played in the past , and he is matched by schweig , who carries the film on his broad , handsome shoulders .",1
1042,birds or squirrels . tried num_num different kinds of bird food .,0
1043,it 's one of the saddest films i have ever seen that still manages to be uplifting but not overly sentimental .,1
1044,the did not a aborb water at all .,0
1045,i ll just stick with a good mayo and skip the bacon .,0
1046,"... a big , baggy , sprawling carnival of a movie , stretching out before us with little rhyme or reason .",0
1047,"like showdown : legends of wrestling , it has too many glitches to count .",0
1048,"that said ,  the mic did pic up everything it could .",1
1049,... an inviting piece of film .,1
1050,"without a strong script and energetic acting , dogma films can produce the same sleep-inducing effects as watching your neighbor 's home videos .",0
1051,and i have tried a lot of them .,1
1052,spend the extra bucks and get the chopat knee bands .,0
1053,eight crazy nights is a showcase for sandler 's many talents .,1
1054,the movie bounces all over the map .,0
1055,it works as expected and is just the right size for the camper .,1
1056,i am so glad we chose this one .,1
1057,i can use a creamy concealer on it .,0
1058,"worse ,  the controls are so confusing that it gives me a headache .",0
1059,"compelling as it is exotic , fast runner has a plot that rivals shakespeare for intrigue , treachery and murder .",1
1060,"i kept thinking over and over again , ' i should be enjoying this . '",0
1061,a fairly by-the-books blend of action and romance with sprinklings of intentional and unintentional comedy .,1
1062,tuck everlasting achieves a delicate balance of romantic innocence and philosophical depth .,1
1063,rainy days and movies about the disintegration of families always get me down .,0
1064,"a smart , sweet and playful romantic comedy .",1
1065,a cumbersome and cliche-ridden movie greased with every emotional device known to man .,0
1066,"as hugh grant says repeatedly throughout the movie , ` lovely !",1
1067,one thing is the amazingly poor unit a . i .,0
1068,simple !  does the job it was intended for .,1
1069,i d rather tie a towel around my neck as a cape .,0
1070,a yarn that respects the marvel version without becoming ensnared by it .,1
1071,i first used it on my hands and fingers .,0
1072,"highlights are the terrific performances by christopher plummer , as the prime villain , and nathan lane as vincent crummles , the eccentric theater company manager .",1
1073,barely goes beyond comic book status .,0
1074,"droll caper-comedy remake of `` big deal on madonna street '' that 's a sly , amusing , laugh-filled little gem in which the ultimate `` bellini '' begins to look like a `` real kaputschnik . ''",1
1075,amazon does not provide enough information about this press .,0
1076,it 's a terrific american sports movie and dennis quaid is its athletic heart .,1
1077,do not buy . i didn t expect much because of the cost .,0
1078,"great for about anything you want to shred ,  cut or mix .",1
1079,extremely dumb .,0
1080,any one episode of the sopranos would send this ill-conceived folly to sleep with the fishes .,0
1081,also cheaper than going to the grocery store .,1
1082,i use it for my line of work and it stands up .,1
1083,"the movie is full of fine performances , led by josef bierbichler as brecht and monica bleibtreu as helene weigel , his wife .",1
1084,this cuts down on waste and you don t have to ingest harmful propellants .,1
1085,i purchased the screen protectors for my evo .,1
1086,the case fit okay but not attractive at all .,0
1087,this will compete with any top of the line knife you can buy .,1
1088,a fascinating and fun film .,1
1089,"serry does a fine job of capturing the climate of the times and , perhaps unwittingly , relating it to what is happening in america in 2002 .",1
1090,"expect to be reminded of other , better films , especially seven , which director william malone slavishly copies .",0
1091,"a trashy , exploitative , thoroughly unpleasant experience .",0
1092,i hate this movie,0
1093,i have been missing out !  this thing is so sharp .,1
1094,i think that dsp manager is the stock one for android phones .,1
1095,this product was not in functioning condition when delivered .,0
1096,easily moved to various locations depending on need .,1
1097,some movies are like a tasty hors-d'oeuvre ; this one is a feast .,1
1098,i would buy again if the shipping wasnt so long .,1
1099,maybe it just needs broken in and some fine fitting .,0
1100,i think the sensor is reading carpet fibers its sucking up as dirt .,1
1101,i admired this work a lot .,1
1102,"nair stuffs the film with dancing , henna , ornamentation , and group song , but her narrative clich??s and telegraphed episodes smell of old soap opera .",0
1103,"now trimmed by about 20 minutes , this lavish three-year-old production has enough grandeur and scale to satisfy as grown-up escapism .",1
1104,"with the film 's striking ending , one realizes that we have a long way to go before we fully understand all the sexual permutations involved .",1
1105,"in that short time ,  he ripped one wing off the toy .",0
1106,"this extremely unfunny film clocks in at 80 minutes , but feels twice as long .",0
1107,good ol' urban legend stuff .,1
1108,does increase volume but does not feel nice to the touch .,0
1109,"-lrb- t -rrb- hose same extremes prevent us from taking its message seriously , and the stepford wives mentality does n't work in a modern context .",0
1110,"the film has just enough of everything -- re-enactments , archival footage , talking-head interviews -- and the music is simply sublime .",1
1111,the reason this picture works better than its predecessors is that myers is no longer simply spoofing the mini-mod-madness of '60s spy movies .,1
1112,"it smacks of purely commercial motivation , with no great love for the original .",0
1113,i guess you could say so what it s a ladle .,1
1114,"jason x has cheesy effects and a hoary plot , but its macabre , self-deprecating sense of humor makes up for a lot .",1
1115,"the story is familiar from its many predecessors ; like them , it eventually culminates in the not-exactly - stunning insight that crime does n't pay .",0
1116,it works for maybe a few minutes and wears off quickly .,0
1117,i d suggest anyone looking to purchase linksys products look into netgear instead .,0
1118,dawdles and drags when it should pop ; it does n't even have the virtue of enough mindless violence to break up the tedium of all its generational bonding .,0
1119,it s almost like putting the phone into a high end pair of socks .,1
1120,"it almost fit ,  but not enough to snap completely together and fit .",0
1121,the whole thing gets hot when you use it .,1
1122,"the charms of willful eccentricity , at least as evidenced by this latest cinematic essay , are beginning to wear a bit thin .",0
1123,demands too much of most viewers .,0
1124,the title 's lameness should clue you in on how bad the movie is .,0
1125,the quality of materials and workmanship is noticeably less .,0
1126,it 's a great deal of sizzle and very little steak .,0
1127,i would have given this five stars except for the only complaint i had .,1
1128,"others may find it migraine-inducing , despite moore 's attempts at whimsy and spoon feeding .",0
1129,amazon was good to give me a refund right away .,0
1130,although once you go a little past halfway the quality gets a little worse .,1
1131,washing it is a breeze and just takes a second .,1
1132,exactly what i need for my phone and at the best price possible .,1
1133,i purchased it from one of the first  infomercials  .,1
1134,glad i went for this one over some of the less expensive ones .,1
1135,"i m tired of cheaply made ,  high priced appliances .",0
1136,i don t know why it has all the good reviews .,0
1137,nothing plot-wise is worth e-mailing home about .,0
1138,a very funny movie .,1
1139,"lovingly choreographed bloodshed taking place in a pristine movie neverland , basically .",1
1140,"great case ,  easy to use and very durable .",1
1141,they send you num_num because each one lasts about two days .,0
1142,fans of nijinsky will savor every minute of cox 's work .,1
1143,she could have decorated her carrying case herself .,0
1144,loved the deffender case hated the apple phone .,1
1145,mckay deflates his piece of puffery with a sour cliche and heavy doses of mean-spiritedness,0
1146,"before long , the film starts playing like general hospital crossed with a saturday night live spoof of dog day afternoon .",0
1147,"the film 's 45-minute running time stops shy of overkill , though viewers may be more exhausted than the athletes onscreen .",0
1148,the product is not durable but it might just be the one i received .,0
1149,"de niro and mcdormand give solid performances , but their screen time is sabotaged by the story 's inability to create interest .",1
1150,more creative than num_extend dont think so !  but still a great product .,1
1151,"day is not a great bond movie , but it is a good bond movie , which still makes it much better than your typical bond knock-offs .",1
1152,i also prefered the blade weight and thickness of the wustof .,1
1153,"suffers from rambling , repetitive dialogue and the visual drabness endemic to digital video .",0
1154,"there are weird resonances between actor and role here , and they 're not exactly flattering .",0
1155,kaufman creates an eerie sense of not only being there at the time of these events but the very night matthew was killed .,1
1156,"earns its laughs from stock redneck ` types ' and from the many , many moments when we recognize even without the elizabethan prose , the play behind the thing .",1
1157,"it 's best to avoid imprisonment with the dull , nerdy folks that inhabit cherish .",0
1158,this is simply the most fun you 'll ever have with a documentary !,1
1159,mine fit perfectly on my linen closet door with no securing necessary .,1
1160,-lrb- an -rrb- hilarious romantic comedy .,1
1161,i bought them and find them pretty annoying .,0
1162,"when the plot kicks in , the film loses credibility .",0
1163,what could and should have been biting and droll is instead a tepid waste of time and talent .,0
1164,"as -lrb- the characters -rrb- get more depressed , the story gets more tiresome , especially as it continues to mount a conspicuous effort to be profound .",0
1165,i like almost everything except cucumber juice  echhh  .,1
1166,"i will still continue to use philosophy products ,  just not this one .",0
1167,"well worth the money ,  wouldn t want to be without it .",1
1168,because these knives will greatly appreciate on the collector s market .,0
1169,comes with a  towel  to clean the phone before placement .,1
1170,a tale of horror and revenge that is nearly perfect in its relentless descent to the depths of one man 's tortured soul .,1
1171,am very disappointed that i still can t wear my shoes !  .,0
1172,a long slog for anyone but the most committed pokemon fan .,0
1173,quick : who wants to see a comedy about shoddy airport security ?,0
1174,put num_num quart of water into the machine .,1
1175,because it is definitely not worth full price .,0
1176,i hope it will be a better choice .,0
1177,i ve used it twice and it has stopped working .,0
1178,"technically , the film is about as interesting as an insurance commercial .",0
1179,you 're better off staying home and watching the x-files .,0
1180,"by the end , i was looking for something hard with which to bludgeon myself unconscious .",0
1181,i use this as a little office supply shelf .,1
1182,i didn t have the rust problems that others had .,0
1183,i ordered it and it was delivered well in time .,1
1184,the second chapter of the harry potter series is even more magical than the first and simply the best family film of the year .,1
1185,vividly conveys both the pitfalls and the pleasures of over-the-top love .,1
1186,"the makers of divine secrets of the ya-ya sisterhood should offer a free ticket -lrb- second prize , of course , two free tickets -rrb- to anyone who can locate a genuinely honest moment in their movie .",0
1187,"hilarious , touching and wonderfully dyspeptic .",1
1188,"however ,  this is an example of how rosle got it right .",1
1189,i have purchased fairly cheap holders from motorola and they lasted a while .,0
1190,"even if you ca n't pronounce `` gyro '' correctly , you 'll appreciate much of vardalos ' humor , which transcends ethnic boundaries .",1
1191,then along came this zester which i use constantly .,1
1192,i use this with afresh to clean my cook top .,1
1193,this cover does exactly what it is designed to do .,1
1194,the copper finish is coated with a clear plastic to prevent oxidation .,1
1195,"at nearly three hours , the whole of safe conduct is less than the sum of its parts .",0
1196,taking it out of the box i found the design to be awkward .,0
1197,i guess it fails in the truth department on its advertising .,0
1198,"went to the second one using the same method ,  no go .",0
1199,the tenderness of the piece is still intact .,1
1200,fair price . x x x x x x x x xx x .,1
1201,all these developments and challenges facing santa weigh down the plot so heavily that they drain all the film of its energy and needlessly strain credibility .,0
1202,i feel like i have a new phone .,1
1203,"it moves plenty of air ,  oscillating between two rooms .",1
1204,disappointed as i expected to received candy that would last a long time .,0
1205,"the result is solemn and horrifying , yet strangely detached .",0
1206,i m a fan of symbian and find it easy to operate .,1
1207,"the reason we keep seeing the same movie with roughly the same people every year is because so many of us keep going and then , out of embarrassment or stupidity , not warning anyone .",0
1208,"never quite transcends jokester status ... and the punchline does n't live up to barry 's dead-eyed , perfectly chilled delivery .",0
1209,"i like neutrogena products as a rule ,  so this was a disappointment .",0
1210,it scrolls way too easily and way too smoothly .,0
1211,the cartoon that is n't really good enough to be on afternoon tv is now a movie that is n't really good enough to be in theaters .,0
1212,it could be that i live in an apartment with hills and trees around .,0
1213,this is how you use special effects .,1
1214,they come with full instructions and not much more to say .,1
1215,rare is the ` urban comedy ' that even attempts the insight and honesty of this disarming indie .,1
1216,"it s still going great ,  i just needed more capacity .",1
1217,"this is a throwaway , junk-food movie whose rap soundtrack was better tended to than the film itself .",0
1218,"it risks seeming slow and pretentious , because it thinks the gamble is worth the promise .",0
1219,surely not worth what was paid for it by half .,0
1220,"kwan makes the mix-and - match metaphors intriguing , while lulling us into torpor with his cultivated allergy to action .",0
1221,"it almost plays like solaris , but with guns and jokes .",1
1222,what was subtle and mystifying in the novella is now broad and farcical .,0
1223,making seperation and cross contamination containment a very easy .,1
1224,"sharp , lively , funny and ultimately sobering film .",1
1225,you might not buy the ideas .,0
1226,julia is played with exasperating blandness by laura regan .,0
1227,it keeps it the coffee hot and fresh for hours .,1
1228,white in the refrigerator a couple of days longer .,1
1229,not a bad journey at all .,1
1230,there 's no denying the physically spectacular qualities of the film ... or the emotional integrity of the performances .,1
1231,the film is like a series of beginnings and middles that never take off .,0
1232,"when a film is created solely because it 's a marketable product , soulless and ugly movies like this are the result .",0
1233,i like that is is durable and washable .,1
1234,it s very easy to use and very dependable .,1
1235,this product does what it is suppose to do .,1
1236,so what it comes down to is that u get what u paid for .,0
1237,with sliced cheese in lieu of french bread on a fruit and cheese plate .,0
1238,returned product but from what i ve heard it does the job .,0
1239,i bought this for my num_num month old from santa for christmas .,0
1240,"with generic sets and b-grade special effects , jason is about as convincing on the sci-fi front as tv 's defunct cleopatra 2525 .",0
1241,` enigma ' is a good name for a movie this delibrately obtuse and unapproachable .,0
1242,i have had no problem with either piece and highly recommend the products .,1
1243,"if there 's a way to effectively teach kids about the dangers of drugs , i think it 's in projects like the -lrb- unfortunately r-rated -rrb- paid .",1
1244,another rent installment for the ian fleming estate .,0
1245,i guess maybe there are some people that this product could help .,0
1246,because it s too big for my cup holder .,0
1247,make sure the pins line up with the contacts .,1
1248,"cantet perfectly captures the hotel lobbies , two-lane highways , and roadside cafes that permeate vincent 's days",1
1249,"novak manages to capture a cruelly hilarious vein of black comedy in the situation with his cast of non-actors and a gritty , no-budget approach .",1
1250,"first ,  without the extension they are very short .",0
1251,the buttons to extend the arms worked exactly one time before breaking .,0
1252,it 's as close as we 'll ever come to looking through a photographer 's viewfinder as he works .,1
1253,"it tries too hard , and overreaches the logic of its own world .",0
1254,the talents of the actors helps `` moonlight mile '' rise above its heart-on-its-sleeve writing .,1
1255,"look , this is a terrific flick replete with dazzling camera-work , dancing and music .",1
1256,the jawbone may perform admirably as far as technology .,0
1257,i bought three of these units to place in our home .,1
1258,it has the courage to wonder about big questions with sincerity and devotion .,1
1259,my dog has started to become anxious at bedtime .,0
1260,it 's one of the most honest films ever made about hollywood .,1
1261,i mean she felt apart she broked down in a hundred pieces .,0
1262,it can t be tightened at that point to fix it .,1
1263,tastes in between the classic american blonde ale and cowboy golden lager .,1
1264,"makes s&m seem very romantic , and maggie gyllenhaal is a delight .",1
1265,"it represents better-than-average movie-making that does n't demand a dumb , distracted audience .",1
1266,"though avary has done his best to make something out of ellis ' nothing novel , in the end , his rules is barely worth following .",0
1267,"what you get with empire is a movie you 've seen many times before , repackaged as new material because there is a latino in the lead .",0
1268,it was just one and that s not a big deal .,1
1269,product arrived on time and was wrapped well .,1
1270,culkin exudes none of the charm or charisma that might keep a more general audience even vaguely interested in his bratty character .,0
1271,"flavor :  it has some tangy notes ,  and overall not bad .",0
1272,offers enough playful fun to entertain the preschool set while embracing a wholesome attitude .,1
1273,"i like the oster steamer ,  it does everything it claim to do .",1
1274,worth the effort to watch .,1
1275,"unfortunately , as a writer , mr. montias is n't nearly as good to his crew as he is as a director or actor .",0
1276,no need to find storage place because it fits in any shallow drawer .,1
1277,"philip k. dick must be turning in his grave , along with my stomach .",0
1278,one great feature is that the spatula head is removable for east cleaning .,1
1279,then she said  well you ordered the pu which is what you got .,0
1280,the unit itself rests like a necklace around your neck .,1
1281,a compelling journey ... and `` his best friend remembers '' is up there with the finest of specials .,1
1282,camera fell of it after a few uses .,0
1283,"windtalkers is shapelessly gratifying , the kind of movie that invites you to pick apart its faults even as you have to admit that somehow it hit you where you live .",1
1284,this time kaufman 's imagination has failed him .,0
1285,"i still have privacy screen ,  after num_num months .",1
1286,"an absorbing , slice-of-depression life that touches nerves and rings true .",1
1287,"workmanlike , maybe , but still a film with all the elements that made the other three great , scary times at the movies .",1
1288,it is great if you have more than one guest to serve .,1
1289,"hilarious , acidic brit comedy .",1
1290,"yes ,  they are light ,  and are not durable at all .",0
1291,it was not as good as our much cheaper model .,0
1292,it was the finger next to his hole finger .,1
1293,th product features and editorial review spell germany as the origin of manufacture .,0
1294,obviously the margin of safety  from overflow  is much smaller .,1
1295,it works great and i am very happy with it .,1
1296,escapism in its purest form .,1
1297,this is called cheating !  i expected canister with fuel at least .,0
1298,"hey , who else needs a shower ?",0
1299,very impressed than within a minute incorporated all ingredients to perfection .,1
1300,"george , hire a real director and good writers for the next installment , please .",0
1301,i love cooking and you need sharp knives when cooking .,1
1302,the thrill is -lrb- long -rrb- gone .,0
1303,"its lack of quality earns it a place alongside those other two recent dumas botch-jobs , the man in the iron mask and the musketeer .",0
1304,"this pep-talk for faith , hope and charity does little to offend , but if saccharine earnestness were a crime , the film 's producers would be in the clink for life .",0
1305,"it virtually defines a comedy that 's strongly mediocre , with funny bits surfacing every once in a while .",0
1306,i haven t had any problems with teflon flaking off .,1
1307,quite funny for the type of movie it is ...,1
1308,there is no warming plate in the unit but it doesn t need one .,1
1309,"it 's badly acted , blandly directed , and could have been scripted by someone who just graduated from elementary school .",0
1310,"after that , it just gets stupid and maudlin .",0
1311,good movie .,1
1312,it is inspirational in characterizing how people from such diverse cultures share the same human and spiritual needs .,1
1313,and it s much much cheaper than getting it at the cusinart parts site .,1
1314,"is n't quite the equal of woo 's best earlier work , but it 's easily his finest american film ... comes close to recapturing the brilliance of his hong kong films .",1
1315,"the movie is well shot and very tragic , and one to ponder after the credits roll .",1
1316,it s a very good quality at a reasonalbe price .,1
1317,"but in its child-centered , claustrophobic context , it can be just as frightening and disturbing -- even punishing .",0
1318,"for the most part , i spy was an amusing lark that will probably rank as one of murphy 's better performances in one of his lesser-praised movies .",1
1319,a refreshingly authentic coming-of-age tale .,1
1320,an unabashedly schmaltzy and thoroughly enjoyable true story .,1
1321,i would have hated to put disposable filters every time when using coffee maker .,1
1322,the braun has it all . this is my second programmable flavorselect .,1
1323,"i doubt anyone will remember the picture by the time christmas really rolls around , but maybe it 'll be on video by then .",0
1324,would suggest using one of the toy bubblers amazon sells .,0
1325,"however ,  i feel civilization iv is most definitely not an improvement overall .",0
1326,"love this mixer ,  wasn t near as loud as some were saying .",1
1327,just wipe the plates with a paper towel .,1
1328,it makes it easy and neat to store and access all of your scarves .,1
1329,the tiny green light on one side is very bright when fully charged .,1
1330,i agree with the others that this was tough to open .,0
1331,i have had to replace the paddles as they wore out .,1
1332,"and after all that ,  the base broke too .",0
1333,denis and co-writer michele petin 's impeccable screenplay penetrates with a rawness that that is both unflinching and tantalizing .,1
1334,the radtach procable num_num inch dock extender works only part way .,0
1335,it should reconnect easily when you are in the num_extend,1
1336,"renner 's performance as dahmer is unforgettable , deeply absorbing .",1
1337,enough similarities to gymkata and howie long 's firestorm that my fingernails instinctively crawled towards my long-suffering eyeballs .,0
1338,"although very much like the first movie based on j.k. rowling 's phenomenal fantasy best sellers , this second go-round possesses a quite pleasing , headlong thrust and a likably delinquent attitude .",1
1339,need a cheap car charger and it seems to do the job .,1
1340,fuller would surely have called this gutsy and at times exhilarating movie a great yarn .,1
1341,"s personal revelations regarding what the shop means in the big picture , iconic characters gambol fluidly through the story , with charming results .",1
1342,"shamelessly sappy and , worse , runs away from its own provocative theme .",0
1343,"ekobrew ,  the coffee always stays in that bottom wedge section .",0
1344,adds some bulk to phone but not a large amount .,1
1345,we love that it can go straight from the stove top to the oven .,1
1346,these tongs seem to have the locking mechanism backwards .,1
1347,"the makers have forsaken the entertaining elements of the original and , instead , rehash old jokes and leave any life at the doorstep .",0
1348,i had high hopes for this product since i bruise easily .,0
1349,all but the most persnickety preteens should enjoy this nonthreatening but thrilling adventure .,1
1350,"but it s not bad for wireless ,  i ve had worse .",1
1351,"newton draws our attention like a magnet , and acts circles around her better known co-star , mark wahlberg .",1
1352,i felt i must have missed something if the reviews were so good .,0
1353,"city by the sea is the cinematic equivalent of defensive driving : it 's careful , conscientious and makes no major mistakes .",1
1354,the ring just left me cold and wet like i was out in the seattle drizzle without rainwear .,0
1355,"roger michell , who did an appealing job directing persuasion and notting hill in england , gets too artsy in his american debut .",1
1356,"either you will like it ,  or you won t .",1
1357,"glib , satirical documentary that fudges facts , makes facile points and engages in the cinematic equivalent of tabloid journalism .",0
1358,`` collateral damage '' goes by the numbers and reps decent action entertainment -- until the silly showdown ending that forces the viewer to totally suspend disbelief,0
1359,i had installed two of these for the front entrance of our house .,1
1360,"this miserable excuse of a movie runs on empty , believing flatbush machismo will get it through .",0
1361,sometimes i m there for up to num_num hours .,1
1362,that s what it does and it does it well .,1
1363,"daring , mesmerizing and exceedingly hard to forget .",1
1364,the head set is quite comfortable  at least for me  .,1
1365,"though ganesh is successful in a midlevel sort of way , there 's nothing so striking or fascinating or metaphorically significant about his career as to rate two hours of our attention .",0
1366,"one of the most haunting , viciously honest coming-of-age films in recent memory .",1
1367,"smart science fiction for grown-ups , with only a few false steps along the way .",1
1368,since that time i have replaced the game .,0
1369,it 's laughing at us .,0
1370,"much of the way , though , this is a refreshingly novel ride .",1
1371,feels like six different movies fighting each other for attention .,0
1372,rates an ` e ' for effort -- and a ` b ' for boring .,0
1373,"the 3d images only enhance the film 's otherworldly quality , giving it a strange combo of you-are-there closeness with the disorienting unreality of the seemingly broken-down fourth wall of the movie screen .",1
1374,"a tender and touching drama , based on the true story of a troubled african-american 's quest to come to terms with his origins , reveals the yearning we all have in our hearts for acceptance within the family circle .",1
1375,"first things first ,  make sure you are ordering the right headset .",0
1376,i used a blade grinder for years before buying a burr grinder  .,1
1377,"a journey through memory , a celebration of living , and a sobering rumination on fatality , classism , and ignorance .",1
1378,i have been extremely happy with my purchase .,1
1379,she didn t like the handle of this one at all .,0
1380,not the fastest but better than my other hot air brush .,0
1381,i have had mine for almost two years and they have not frayed .,1
1382,is that what you re looking for ?  go elsewhere .,0
1383,just another fish-out-of-water story that barely stays afloat .,0
1384,"thirty years ago , it would have been groundbreaking .",0
1385,belt works fine and installed in just a few minutes .,1
1386,the cord is extra heavy to resist tangling .,1
1387,a monster combat thriller as impersonal in its relentlessness as the videogame series that inspired it .,0
1388,"an absorbing trip into the minds and motivations of people under stress as well as a keen , unsentimental look at variations on the theme of motherhood .",1
1389,i just got this and recently got a chance to use it .,1
1390,i m not sure why this grinder got so many mixed reviews .,1
1391,it doesn t require genius to get this unit operating .,1
1392,a well acted and well intentioned snoozer .,0
1393,i purchased this filter for a braun num_extend coffeemaker .,1
1394,"the powers team has fashioned a comedy with more laughs than many , no question .",1
1395,"thought ,  hey why not try something different might work .",0
1396,we ve tried num_num of these waffle makers since jan num_extend,0
1397,a wildly funny prison caper .,1
1398,but even a hero can stumble sometimes .,0
1399,i just bought a num_extend cubic ft chest freezer .,1
1400,there are companies that make dog biscuits with the activated charcoal in it .,0
1401,"a slick , well-oiled machine , exquisitely polished and upholstered .",1
1402,i received the wrong color and it shreds easily .,0
1403,"if you are grinding dry items ,  it should be ok .",0
1404,the voice from the earpiece says  connected  on successful completion .,1
1405,"if it tried to do anything more , it would fail and perhaps explode , but at this level of manic whimsy , it is just about right .",1
1406,this is one of the best vacuums i ve ever come across .,1
1407,i believe it was about $ when it came to market .,1
1408,for me this was a most disappointing product .,0
1409,i have been using this grill for num_num years .,1
1410,i used to use a good cooks brand safety opener and really liked it .,1
1411,"i say that after trying many cheap pathetic headsets ,  sigh .",1
1412,i would not even give my current one away .,0
1413,the item was considerably different quality than pictured .,0
1414,"at first , the sight of a blind man directing a film is hilarious , but as the film goes on , the joke wears thin .",0
1415,"anchored by a terrific performance by abbass , satin rouge shows that the idea of women 's self-actualization knows few continental divides .",1
1416,"the problem , it is with most of these things , is the script .",0
1417,"multiplayer is just as bad ,  though thankfully not worse .",0
1418,"generally if a toy makes noise ,  i don t mind so much .",0
1419,the master of disaster - it 's a piece of dreck disguised as comedy .,0
1420,the charger is working with my wireless bluetooth speaker just fine so far .,1
1421,if i spy were funny -lrb- enough -rrb- or exciting -lrb- enough -rrb- then it would be fairly simple to forgive the financial extortion it 's trying to reap from the moviegoing public .,0
1422,the film often achieves a mesmerizing poetry .,1
1423,it just smears it around until the water evaporates into the air .,0
1424,"basically ,  this product is a ripoff on consumers .",0
1425,don t waste your time or money on these jeans .,0
1426,despite some gulps the film is a fuzzy huggy .,1
1427,i used the product for five days straight before running out .,0
1428,"after seeing swept away , i feel sorry for madonna .",0
1429,mark me down as a non-believer in werewolf films that are not serious and rely on stupidity as a substitute for humor .,0
1430,"often hilarious , well-shot and , importantly , entertaining , hell house is a fascinating document of an event that has to be seen to be believed .",1
1431,"the film might have been more satisfying if it had , in fact , been fleshed out a little more instead of going for easy smiles .",0
1432,"first of all ,  this will void whatever warranty you have with microsoft .",0
1433,shipped free directly from realook and arrived within two days .,1
1434,"cho 's fearless in picking apart human foibles , not afraid to lay her life bare in front of an audience .",1
1435,"fits perfectly ,  cutouts are plsced where they should be .",1
1436,"i ve been using this for months ,  and like it very much .",1
1437,"first of all ,  syrup shouldn t run ,  it should ooze .",0
1438,so what is the point ?,0
1439,i run it outside the window and connect it to a garden hose .,0
1440,"with grandchildren ,  this is the perfect combination of colorful and functional .",1
1441,these wine stoppers are very inexpensive and certainly do the job .,1
1442,a feel-good picture in the best sense of the term .,1
1443,the roomba just thinks it s furniture and doesn t go up on it .,1
1444,most pizza wheels that i ve seen are much smaller .,1
1445,i have to say that it was money well spent .,1
1446,bento spoon and the boker knife which is quite nice .,1
1447,"funny and , at times , poignant , the film from director george hickenlooper all takes place in pasadena , `` a city where people still read . ''",1
1448,it had a great cost and a great product .,1
1449,i like the new footage and still love the old stuff .,1
1450,it 's just incredibly dull .,0
1451,another  energy  product that simply wastes our money .,0
1452,it turned out just fine to replace what i had lost .,1
1453,you can practically smell the patchouli oil .,0
1454,it looks like i ve splashed glitter all over my face .,0
1455,"afraid to pitch into farce , yet only half-hearted in its spy mechanics , all the queen 's men is finally just one long drag .",0
1456,this happened after about num_num years of use .,1
1457,i can see i will be using it a lot .,1
1458,"of course in most sports games ,  graphics shouldn t matter .",0
1459,the ill-conceived modern-day ending falls flat where it should deliver a moral punch .,0
1460,that is not to say that these treats are bad by any means .,0
1461,these make great little night lights for the kids .,0
1462,this item works just as i thought it would .,1
1463,wow im impressed with this device !  how useful it is .,1
1464,"so young , so smart , such talent , such a wise \*\*\* .",1
1465,it 's both a necessary political work and a fascinating documentary ...,1
1466,"there 's enough science to make it count as educational , and enough beauty to make it unforgettable .",1
1467,bubba ho-tep is a wonderful film with a bravura lead performance by bruce campbell that does n't deserve to leave the building until everyone is aware of it .,1
1468,it might as well have been problem child iv .,0
1469,"it s good to go the next morning ,  completely clean .",1
1470,"it dares to be a little different , and that shading is what makes it worthwhile .",1
1471,murder and mayhem of this sort quickly becomes monotonous .,0
1472,i thought this was the hard plastic screen cover and it isn t .,0
1473,"... an unimaginative , nasty , glibly cynical piece of work .",0
1474,certainly one of the more widely produced in the us .,0
1475,it stay clean and does not collect food stains .,1
1476,with medium usage its closer to about num_num hours .,1
1477,"the kids thought it was great ,  but it got old pretty quick .",0
1478,we purchased this so our daughter could have fun toy to play with .,0
1479,it comes at a good price and appears to be well made .,1
1480,take care of my cat offers a refreshingly different slice of asian cinema .,1
1481,this is the best cookware i ve ever owned .,1
1482,"it didn t fit in my bathtub ,  which is a standard size .",0
1483,"a soggy , cliche-bound epic-horror yarn that ends up being even dumber than its title .",0
1484,and yet it is compact and not too heavy .,1
1485,"majidi 's poetic love story is a ravishing consciousness-raiser , if a bit draggy at times .",1
1486,"being author wells ' great-grandson , you 'd think filmmaker simon wells would have more reverence for the material .",0
1487,"considering the harsh locations and demanding stunts , this must have been a difficult shoot , but the movie proves rough going for the audience as well .",0
1488,overall we will not be purchasing this product again .,0
1489,about as satisfying and predictable as the fare at your local drive through .,0
1490,very good price but this one harder to use than my cusinart .,1
1491,i ve come to the conclusion that i ve wasted my money .,0
1492,"a bold and subversive film that cuts across the grain of what is popular and powerful in this high-tech age , speaking its truths with spellbinding imagery and the entrancing music of philip glass .",1
1493,a bit of an unwieldy mess .,0
1494,i ve had to repair it a few times as it s % plastic .,1
1495,i ve been happy with most oxo products i ve purchased .,1
1496,"i might return it ,  but i need a can opener .",0
1497,"she lists ingredients , but never mixes and stirs .",0
1498,"despite the long running time , the pace never feels slack -- there 's no scene that screams `` bathroom break ! ''",1
1499,never mind whether you buy the stuff about barris being a cia hit man .,0
1500,i hate myself for falling for the james bond license and wasting $,0
1501,it 's like a poem .,1
1502,its actually a little better than the filter that came with the unit .,1
1503,the entire thing fits in the palm of my child s hand .,0
1504,it 's so full of wrong choices that all you can do is shake your head in disbelief -- and worry about what classic oliver parker intends to mangle next time .,0
1505,all i can say is fuhgeddaboutit .,0
1506,he simply presents his point of view that ayurveda works .,1
1507,"there is not a character in the movie with a shred of plausibility , not an event that is believable , not a confrontation that is not staged , not a moment that is not false .",0
1508,: pi also have limited space in my kitchen .,1
1509,the plot grinds on with yawn-provoking dullness .,0
1510,i do not like this belt because of lack of material .,0
1511,"as stated by the many reviews ,  this is an exceptinal carpet cleaner .",1
1512,tim story 's not there yet - but ` barbershop ' shows he 's on his way .,1
1513,"overall i love them ,  and would probably buy them again .",1
1514,"splashes its drama all over the screen , subjecting its audience and characters to action that feels not only manufactured , but also so false you can see the filmmakers ' puppet strings .",0
1515,"it 's push-the-limits teen comedy , the type written by people who ca n't come up with legitimate funny , and it 's used so extensively that good bits are hopelessly overshadowed .",0
1516,"i can hear the caller clearly ,  vice versa .",1
1517,a map of the inner rhythms of love and jealousy and sacrifice drawn with a master 's steady stroke .,1
1518,"waydowntown is by no means a perfect film , but its boasts a huge charm factor and smacks of originality .",1
1519,"his characters are engaging , intimate and the dialogue is realistic and greatly moving .",1
1520,not that anything sticks that much you just don t have to worry .,1
1521,"the pianist is a fine valedictory work for polanski , made richer by his own experiences , making his other movies somehow richer in the bargain .",1
1522,bullock does a good job here of working against her natural likability .,1
1523,i whole-heartedly recommend that everyone see this movie -- for its historical significance alone .,1
1524,"also it gets very hot while plugged in ,  which freaked me out .",0
1525,#NAME?,1
1526,japan 's premier stylist of sex and blood hits audiences with what may be his most demented film to date .,1
1527,"in this case ,  it s a big disappointment for num_extend",0
1528,"... with the candy-like taste of it fading faster than 25-cent bubble gum , i realized this is a throwaway movie that wo n't stand the test of time .",0
1529,"all that -lrb- powerpuff girls -rrb- charm is present in the movie , but it 's spread too thin .",0
1530,"a strong first quarter , slightly less so second quarter , and average second half .",0
1531,could the country bears really be as bad as its trailers ?,0
1532,"a tough go , but leigh 's depth and rigor , and his skill at inspiring accomplished portrayals that are all the more impressive for their lack of showiness , offsets to a notable degree the film 's often-mined and despairing milieu .",1
1533,it 's difficult to say whether the tuxedo is more boring or embarrassing -- i 'm prepared to call it a draw .,0
1534,no more .,0
1535,leave these flowers unpicked -- they 're dead on the vine .,0
1536,"reinforces the often forgotten fact of the world 's remarkably varying human population and mindset , and its capacity to heal using creative , natural and ancient antidotes .",1
1537,the cars that come with this garage are cute .,0
1538,moot point .,0
1539,"i would not recomend this for a tmobile ,  mytouch phone to anyone .",0
1540,for some reason it worked out terribly for me .,0
1541,i will add an update if i ever figure it out .,0
1542,would have been alot nicer if it simply threaded in with the correct alignment .,0
1543,we have tried a few recipes and had fun with them .,1
1544,"because it s made of cast iron ,  scorching is minimized .",1
1545,good for one day only . and opi test this product on animals .,0
1546,"lathan and diggs have considerable personal charm , and their screen rapport makes the old story seem new .",1
1547,the tone shifts abruptly from tense to celebratory to soppy .,0
1548,nothing about it fits .,0
1549,"as written by michael berg and michael j. wilson from a story by wilson , this relentless , all-wise-guys-all-the-time approach tries way too hard and gets tiring in no time at all .",0
1550,these salmons are in water not vegetable oil .,0
1551,the zester was easy enough to clean after use .,1
1552,this product is being used for dollar size pancakes .,1
1553,"collateral damage is , despite its alleged provocation post-9 \/ 11 , an antique , in the end .",0
1554,but some unexpected zigs and zags help .,1
1555,this version incarnates the prophetic book in a way even its exacting author might admire .,1
1556,"if you liked the 1982 film then , you 'll still like it now .",1
1557,"an elegant , exquisitely modulated psychological thriller .",1
1558,"in adobo , ethnicity is not just the spice , but at the heart of more universal concerns .",1
1559,this is the second one of these i have purchased .,1
1560,nicely serves as an examination of a society in transition .,1
1561,"none of this violates the letter of behan 's book , but missing is its spirit , its ribald , full-throated humor .",0
1562,"it 's a good film -- not a classic , but odd , entertaining and authentic .",1
1563,"for anyone who grew up on disney 's 1950 treasure island , or remembers the 1934 victor fleming classic , this one feels like an impostor .",0
1564,i started using xlear nasal spray a few years ago .,0
1565,"you might not want to hang out with samantha , but you 'll probably see a bit of yourself in her unfinished story .",1
1566,the subject of swinging still seems ripe for a documentary -- just not this one .,0
1567,just reinstall the previous ghost recon and raven shield games .,0
1568,the sound is also very surprising for the price and is enough for me .,1
1569,i have no idea if it s me or this product doing .,0
1570,i use is for more than deep frying .,1
1571,i ve learned that companies make varying degrees of quality .,0
1572,"all the characters are stereotypes , and their interaction is numbingly predictable .",0
1573,"too bad , but thanks to some lovely comedic moments and several fine performances , it 's not a total loss .",1
1574,overall it is inconvenient to keep the counter and the unit clean .,0
1575,"the charging light illuminates ,  but does not charge .",0
1576,this is not worth the money and the brand name is misleading .,0
1577,this cream will give you acne if you have sensitive skin .,0
1578,these definitely open up your nasal passages and functionally work as advertised .,0
1579,and that would be what you would need .,1
1580,"flavorful and romantic , you could call this how martha got her groove back -- assuming , that is , she ever had one to begin with .",1
1581,"suggests puns about ingredients and soup and somebody being off their noodle , but let 's just say the ingredients do n't quite add up to a meal .",0
1582,"cheap ,  low quality chicom scope with even cheaper ring mounts .",0
1583,only issue is the blue light it becomes a annoying after a while .,1
1584,"while the mystery surrounding the nature of the boat 's malediction remains intriguing enough to sustain mild interest , the picture refuses to offer much accompanying sustenance in the way of characterization , humor or plain old popcorn fun .",0
1585,this is one for the ages .,1
1586,its save-the-planet message clashes with its crass marketing .,0
1587,"unfortunately , the picture failed to capture me .",0
1588,"to ataris credit ,  this game was a bit fun .",0
1589,choose your reaction : a. -rrb- that sure is funny !,1
1590,"where last time jokes flowed out of cho 's life story , which provided an engrossing dramatic through line , here the comedian hides behind obviously constructed routines .",0
1591,"otherwise ,  they fall off your head at the slightest lean or tilt .",0
1592,"much to my dismay ,  the invisishield was nothing but garbage .",1
1593,i love that it uses natural ingredients but it was ineffective on my skin .,0
1594,"often gruelling and heartbreaking to witness , but seldahl and wollter 's sterling performances raise this far above the level of the usual maudlin disease movie .",1
1595,then contact sharp and go on from there .,0
1596,it s the lame players that drives halo multiplay into the ground .,0
1597,"rain is a small treasure , enveloping the viewer in a literal and spiritual torpor that is anything but cathartic .",1
1598,this is not at all expected from a respected brand like sony .,0
1599,these come in handy with those tender special moments and celebrations .,1
1600,fasy to keep clean and a real treasure .,1
1601,"first ,  there is nothing about this to really write home about .",0
1602,"do not , under any circumstances , consider taking a child younger than middle school age to this wallow in crude humor .",0
1603,just make sure that you don t misplace the spout stopper .,1
1604,then i put the cream on my feet especially around my toes and heels .,0
1605,i installed this on a horizantaly sliding window .,1
1606,i found these patches very hard to put on .,0
1607,love the way these roll instead of sliding on the rod .,1
1608,"divertingly ridiculous , headbangingly noisy .",0
1609,the film overcomes the regular minefield of coming-of-age cliches with potent doses of honesty and sensitivity .,1
1610,a clever blend of fact and fiction .,1
1611,"nevertheless ,  the smell lasts for num_num or num_num minutes tops .",0
1612,a candid and often fascinating documentary about a pentecostal church in dallas that assembles an elaborate haunted house each year to scare teenagers into attending services .,1
1613,"maybe it 's asking too much , but if a movie is truly going to inspire me , i want a little more than this .",0
1614,"when the first few villians are introduced as `` spider '' and `` snake '' you know you 're in for a real winner , creativity at its peak .",0
1615,only negative was delifery was num_num days late .,1
1616,"works because , for the most part , it avoids the stupid cliches and formulaic potholes that befall its brethren .",1
1617,after that you have to pay a subscription .,0
1618,dolgin and franco fashion a fascinating portrait of a vietnamese-born youngster who eagerly and easily assimilated as an all-american girl with a brand new name in southern tennessee .,1
1619,too lazy to take advantage of its semi-humorous premise .,0
1620,i pretreated the worst stains withwoolite pet stain .,1
1621,"well-written , nicely acted and beautifully shot and scored , the film works on several levels , openly questioning social mores while ensnaring the audience with its emotional pull .",1
1622,i have both a square and round pan i use this with .,1
1623,"it 's not exactly a gourmet meal but the fare is fair , even coming from the drive-thru .",1
1624,"so ,  this car looks cool and all but its not that great .",0
1625,the best movie of its kind since ` brazil . ',1
1626,"a frantic search for laughs , with a hit-to-miss ratio that does n't exactly favour the audience .",0
1627,murderous maids may well be the most comprehensive of these films and also strike closest to the truth .,1
1628,"for a film about two mismatched buddies , crystal and de niro share little screen time and even less chemistry .",0
1629,the bowl is too light  we even had it on a rubber mat .,0
1630,avoid the heartache and wasted titme of bad discs .,0
1631,its good that its made in canada rather than china .,0
1632,"you 'll be left with the sensation of having just witnessed a great performance and , perhaps , give in to the urge to get on your feet and shake it .",1
1633,most new movies have a bright sheen .,1
1634,i have not been able to stop using it .,1
1635,jacquot 's tosca is a treat .,1
1636,when purchased i discovered there was a newer product update :  model num_extend,1
1637,"adequately long cord . made in china ,  hence no reliability .",1
1638,screenwriters scott abbott and michael petroni have turned rice 's complex akasha into a cartoon monster .,0
1639,the knife got a tad rusty after running it through a cycle .,1
1640,i contacted q cell and they replaced the back cover .,0
1641,"well-intentioned though it may be , its soap-opera morality tales have the antiseptic , preprogrammed feel of an after-school special .",0
1642,i thought that all of the possibilities would be awesome .,0
1643,"the stupidest , most insulting movie of 2002 's first quarter .",0
1644,i thought i was over charged once it was returned .,0
1645,"foster nails the role , giving a tight , focused performance illuminated by shards of feeling .",1
1646,"this ecologically minded , wildlife friendly film teaches good ethics while entertaining with its unconventionally wacky but loving family",1
1647,"occasionally funny , always very colorful and enjoyably overblown in the traditional almod??var style .",1
1648,i have no padding of my own to offset hard soles .,0
1649,i have smaller bt headsets that last num_num hours longer .,1
1650,-lrb- newton -rrb- wanders through charlie completely unaware she needs to show some presence and star quality .,0
1651,"a somewhat crudely constructed but gripping , questing look at a person so racked with self-loathing , he becomes an enemy to his own race .",1
1652,"it 's the kind of movie that ends up festooning u.s. art house screens for no reason other than the fact that it 's in french -lrb- well , mostly -rrb- with english subtitles and is magically ` significant ' because of that .",0
1653,nothing more than a mediocre trifle .,0
1654,it s like i got an extension cord and male outlets on both ends .,0
1655,"there 's no denying the elaborateness of the artist 's conceptions , nor his ability to depict them with outrageous elan , but really the whole series is so much pretentious nonsense , lavishly praised by those who equate obscurity with profundity .",0
1656,look up videos on swype if you want to see it in action .,1
1657,but this one does the job very nicely .,1
1658,every product i own from them has failed or been a letdown .,0
1659,i could barely get through it they taste so nasty .,0
1660,presents an astute appraisal of middle american musical torpor and the desperate struggle to escape it .,1
1661,"from spiritual rebirth to bruising defeat , vincent 's odyssey resonates in a profound way , comparable to the classic films of jean renoir .",1
1662,"nothing debases a concept comedy quite like the grinding of bad ideas , and showtime is crammed full of them .",0
1663,i have no idea why this is a cult favorite .,0
1664,"clever , brutal and strangely soulful movie .",1
1665,"this is n't a narrative film -- i do n't know if it 's possible to make a narrative film about september 11th , though i 'm sure some will try -- but it 's as close as anyone has dared to come .",1
1666,do we really need a 77-minute film to tell us exactly why a romantic relationship between a 15-year-old boy and a 40-year-old woman does n't work ?,0
1667,the metal is very sturdy and the non stick finish is great .,1
1668,even the unwatchable soapdish is more original .,0
1669,"trash cans are pretty unexciting ,  but this one is awfully nice .",1
1670,"a recipe for cinematic disaster ... part quentin tarantino , part guy ritchie , and part 1960s spy spoof , it 's all bad .",0
1671,happily for mr. chin -- though unhappily for his subjects -- the invisible hand of the marketplace wrote a script that no human screenwriter could have hoped to match .,1
1672,when you place the eye brow attachment on you can get a mixed cut .,0
1673,first of all i m not some raging halo .,0
1674,drinking the coffee was slightly less unpleasent than the smell suggested it would be .,0
1675,this is due to the short lived cheaper lasers they put in them .,0
1676,i won t be buying any more in the future .,0
1677,both deeply weird and charmingly dear .,1
1678,i really like how this counter protector curves over the edge of the counter .,1
1679,"but for now ,  i m quite happy with this .",1
1680,de niro may enjoy the same free ride from critics afforded to clint eastwood in the lazy bloodwork .,0
1681,"while benigni -lrb- who stars and co-wrote -rrb- seems to be having a wonderful time , he might be alone in that .",0
1682,"tablets charge slowly ,  but that s to be expected .",1
1683,well it made it worse like a rubber band texture .,0
1684,"if it seems like a minor miracle that its septuagenarian star is young enough to be the nonagenarian filmmaker 's son , more incredible still are the clear-eyed boldness and quiet irony with which actor and director take on life 's urgent questions .",1
1685,i recently purchased  white rice  popcorn for my dad who has diverticulitious .,1
1686,"verbinski substitutes atmosphere for action , tedium for thrills .",0
1687,"a deliciously mordant , bitter black comedy .",1
1688,"it fulfills my modest requirements ,  and exceeds my expectations in appearance .",1
1689,a dreadful live-action movie .,0
1690,i bought this to grind xylitol and truvia sweeteners into a powder for cooking .,1
1691,maudlin and melodramatic we expected .,0
1692,you could nap for an hour and not miss a thing .,0
1693,the cast is uniformly excellent and relaxed .,1
1694,"it 's really yet another anemic and formulaic lethal weapon-derived buddy-cop movie , trying to pass off its lack of imagination as hip knowingness .",0
1695,it didn t have the smell a lot complained of though .,0
1696,a refreshing korean film about five female high school friends who face an uphill battle when they try to take their relationships into deeper waters .,1
1697,i was also very disappointed at how quickly it drains the batteries .,0
1698,i have been using one for nearly num_num years .,1
1699,"in fessenden 's horror trilogy , this theme has proved important to him and is especially so in the finale .",1
1700,"once you play one match ,  you ve played them all .",0
1701,there was almost nothing i liked about this product .,0
1702,i got this for my num_num month old daughter for christmas .,0
1703,"divine secrets of the ya-ya sisterhood may not be exactly divine , but it 's definitely -- defiantly -- ya ya , what with all of those terrific songs and spirited performances .",1
1704,"the smug , oily demeanor that donovan adopts throughout the stupidly named pipe dream is just repulsive .",0
1705,it takes several passes through some types of hair to cut it .,0
1706,"instead of accurately accounting a terrible true story , the film 's more determined to become the next texas chainsaw massacre .",0
1707,this unit makes the best french fries i ve ever made .,1
1708,over and over  and over and over  again .,0
1709,i would not recommend this item for dogs who chew .,0
1710,"maintenance cleaning is fast ,  neglected cleaning takes more time and repeated cleanings .",1
1711,this cord seemed like a deal and got good reviews .,0
1712,hardly something i would give as a wrapped birthday gift .,0
1713,the movie makes absolutely no sense .,0
1714,"taken individually or collectively , the stories never add up to as much as they promise .",0
1715,i can t believe how beautiful and substantial this ice cream maker is .,1
1716,it 's solid and affecting and exactly as thought-provoking as it should be .,1
1717,this is just a little too low quality .,0
1718,"still , this thing feels flimsy and ephemeral .",0
1719,"smith 's approach is never to tease , except gently and in that way that makes us consider our own eccentricities and how they are expressed through our homes .",1
1720,i have been using it twice a day since i received it .,0
1721,"-lrb- i -rrb- f you 've been to more than one indie flick in your life , chances are you 've already seen this kind of thing .",0
1722,i would never recommend this terrible waste of money case .,0
1723,"in particular ,  the coating on this cookware has been cheapened .",1
1724,outrageousness is all plympton seemed to be going for this time .,0
1725,"though the book runs only about 300 pages , it is so densely packed ... that even an ambitious adaptation and elaborate production like mr. schepisi 's seems skimpy and unclear .",0
1726,"everyone connected to this movie seems to be part of an insider clique , which tends to breed formulaic films rather than fresh ones .",0
1727,the ending is a cop-out .,0
1728,the movie has an avalanche of eye-popping visual effects .,1
1729,"what 's at stake in this film is nothing more than an obsolete , if irritating , notion of class .",0
1730,no battery to wear out and have to replace .,1
1731,ridiculous .,0
1732,"just one more collection of penis , breast and flatulence gags in search of a story .",0
1733,"as a belated nod to some neglected all-stars , standing in the shadows of motown is cultural history of the best kind : informative , revealing and richly entertaining .",1
1734,and if the hours wins ` best picture ' i just might .,1
1735,it does not slip all over the place when using .,1
1736,then both of them go into the dishwasher .,1
1737,"-lrb- director -rrb- byler may yet have a great movie in him , but charlotte sometimes is only half of one .",0
1738,a cop story that understands the medium amazingly well .,1
1739,i am actually afraid to open the remaining jars .,0
1740,one scarcely needs the subtitles to enjoy this colorful action farce .,1
1741,recently threw in the trash as the line wore out .,1
1742,"visits spy-movie territory like a novel you ca n't put down , examines a footnote to history seldom brought to light on the screen , and keeps you guessing from first frame to last .",1
1743,"my oh my , is this an invigorating , electric movie .",1
1744,an irresistible combination of a rousing good story set on a truly grand scale .,1
1745,"acting , particularly by tambor , almost makes `` never again '' worthwhile , but -lrb- writer\/director -rrb- schaeffer should follow his titular advice",0
1746,"this self-infatuated goofball is far from the only thing wrong with the clumsy comedy stealing harvard , but he 's the most obvious one .",0
1747,the directions were easy to follow but the quality of the easel was pathetic .,0
1748,"though a bit of a patchwork in script and production , a glossy , rich green , environment almost makes the picture work .",1
1749,"will break in over time though ,  it s rubber .",0
1750,extremely boring .,0
1751,this formulaic chiller will do little to boost stallone 's career .,0
1752,no problems with this and worked with many devices .,1
1753,about nowhere kids who appropriated turfs as they found them and become self-made celebrity athletes -- a low-down version of the american dream .,1
1754,"if this is the danish idea of a good time , prospective tourists might want to consider a different destination -- some jolly country embroiled in a bloody civil war , perhaps .",0
1755,"ostensibly celebrates middle-aged girl power , even as it presents friendship between women as pathetic , dysfunctional and destructive .",0
1756,"i did some research ,  and went with this one .",0
1757,"while the isle is both preposterous and thoroughly misogynistic , its vistas are incredibly beautiful to look at .",1
1758,"a gimmick in search of a movie : how to get carvey into as many silly costumes and deliver as many silly voices as possible , plot mechanics be damned .",0
1759,"but buying into sham truths and routine `` indie '' filmmaking , freundlich has made just another safe movie .",0
1760,i bought this in num_num and the pan is still in great shape .,1
1761,it will come as no surprise that the movie is n't scary .,0
1762,... the last time i saw a theater full of people constantly checking their watches was during my sats .,0
1763,"as green-guts monster movies go , it 's a beaut .",1
1764,"i had two problems ,  one caused the rating to num_num num_extend",1
1765,i am only giving this item num_num stars because of the absurd price .,0
1766,recomiendo este vendedor porque tengo total seguridad que es una bella y honesta persona .,1
1767,it is the handiest thing for slicing potatoes for scalloped potatoes and chips .,1
1768,"though the controversial korean filmmaker 's latest effort is not for all tastes , it offers gorgeous imagery , effective performances , and an increasingly unsettling sense of foreboding .",1
1769,i bought this is a gift for my brother .,1
1770,"while surprisingly sincere , this average little story is adorned with some awesome action photography and surfing .",1
1771,"a hideous , confusing spectacle , one that may well put the nail in the coffin of any future rice adaptations .",0
1772,"the humor is hinged on the belief that knees in the crotch , elbows in the face and spit in the eye are inherently funny .",0
1773,the impact of the armenian genocide is diluted by too much stage business in the modern day .,0
1774,good that they are from usa and not china !  .,0
1775,"not ` terrible filmmaking ' bad , but more like , ' i once had a nightmare like this , and it 's now coming true ' bad .",0
1776,"fine acting but there is no sense of connecting the dots , just dots .",0
1777,delicious over fruit and kashii go lean crunch cereal .,1
1778,cho 's fans are sure to be entertained ; it 's only fair in the interest of full disclosure to say that -- on the basis of this film alone -- i 'm not one of them .,0
1779,ordinary melodrama that is heavy on religious symbols but wafer-thin on dramatic substance,0
1780,an experience so engrossing it is like being buried in a new environment .,1
1781,i thought the concept was good; scuffy thinks otherwise .,0
1782,"an impressive debut for first-time writer-director mark romanek , especially considering his background is in music video .",1
1783,those who managed to avoid the deconstructionist theorizing of french philosopher jacques derrida in college can now take an 85-minute brush-up course with the documentary derrida .,0
1784,"a great ending does n't make up for a weak movie , and crazy as hell does n't even have a great ending .",0
1785,let 's cut to the consumer-advice bottom line : stay home .,0
1786,"otterboxes are a little bulky ,  but nothing protects better for the price .",1
1787,what jackson has accomplished here is amazing on a technical level .,1
1788,cliches are as thick as the cigarette smoke .,0
1789,after all the great reviews i thought i d give this a try .,0
1790,obvious politics and rudimentary animation reduce the chances that the appeal of hey arnold !,0
1791,-lrb- but it 's -rrb- worth recommending because of two marvelous performances by michael caine and brendan fraser .,1
1792,"when she speaks , her creepy egyptian demigod voice is as computer processed and overproduced as it was in her music .",0
1793,it is too bad because the ingredients looked to be quality .,0
1794,"plus ,  it s not very filling ,  even for rice .",0
1795,has it ever been possible to say that williams has truly inhabited a character ?,0
1796,"heavy ,  patterned glass ,  and very classy looking on the table .",1
1797,"what you would end up with if you took orwell , bradbury , kafka , george lucas and the wachowski brothers and threw them into a blender .",1
1798,"might have been better off as a documentary , with less of mr. eyre 's uninspired dramatics and more of his sense of observation and outrage .",0
1799,"i bought this skillet for steaks and fried potatoes  , and fried eggs .",0
1800,i bought this protective cover case for num_num cents plus shipping .,1
1801,"uncertain in tone ... a garbled exercise in sexual politics , a junior varsity short cuts by way of very bad things .",0
1802,a movie far more cynical and lazy than anything a fictitious charlie kaufman might object to .,0
1803,a sophomoric exploration of ` life problems ' most people solved long ago -- or at least got tired of hearing people kvetch about .,0
1804,i never have problems answering the phone this way with my blackberry .,1
1805,do n't expect any surprises in this checklist of teamwork cliches ...,0
1806,"it is a film that will have people walking out halfway through , will encourage others to stand up and applaud , and will , undoubtedly , leave both camps engaged in a ferocious debate for years to come .",1
1807,"it 's the cinematic equivalent of a good page-turner , and even if it 's nonsense , its claws dig surprisingly deep .",1
1808,"as bundy , michael reilly burke -lrb- octopus 2 : river of fear -rrb- has just the right amount of charisma and menace .",1
1809,"for the size ,  weight and price it is really worth it .",1
1810,i bought it for a new iphone num_extend,1
1811,has a shambling charm ... a cheerfully inconsequential diversion .,1
1812,it grinds it to a powder in just a couple of seconds .,1
1813,it is so refreshing to see robin williams turn 180 degrees from the string of insultingly innocuous and sappy fiascoes he 's been making for the last several years .,1
1814,"like most bond outings in recent years , some of the stunts are so outlandish that they border on being cartoonlike .",0
1815,nokia knows how to design a very good interface .,0
1816,i also love that this griddle doubles as an indoor grill .,1
1817,my daughter used this for school for about num_num months until the strap broke .,0
1818,"really ,  it all does look nice graphically wise .",0
1819,"i use it a lot ,  and it never gave me any problem .",1
1820,the problem with the acrylic ones i ve found is the tipping factor .,0
1821,it pushed right through the job with no trouble .,1
1822,"overall , the film misses the brilliance of jelinek 's novel by some way .",0
1823,"as shaky as the plot is , kaufman 's script is still memorable for some great one-liners .",1
1824,"every bit as bogus as most disney live action family movies are -- no real plot , no real conflict , no real point .",0
1825,"eventually , it wins you over .",1
1826,i purchased the frieling to replace a glass bodum press that broke .,1
1827,this gets the job done for the price .,1
1828,"grant gets to display his cadness to perfection , but also to show acting range that may surprise some who thought light-hearted comedy was his forte .",1
1829,all the songs build on the same words .,0
1830,"too stupid to be satire , too obviously hateful to be classified otherwise , frank novak 's irritating slice of lumpen life is as reliably soul-killing as its title is nearly meaningless .",0
1831,i purchased them and when they arrived they were torn .,0
1832,"though the violence is far less sadistic than usual , the film is typical miike : fast , furious and full of off-the-cuff imaginative flourishes .",1
1833,"for all its highfalutin title and corkscrew narrative , the movie turns out to be not much more than a shaggy human tale .",0
1834,an enchanting film that presents an audacious tour of the past and takes within its warm embrace the bounties of cultural artifacts inside st. petersburg 's hermitage museum .,1
1835,the case zipper shuts with a flap that covers the zipped part .,1
1836,"and in this regard , on guard delivers .",1
1837,i purchased this based on rave reviews from others .,0
1838,the inside of the case that contacts the phone is not smooth at all .,0
1839,this one sits on our shelf collecting dust .,0
1840,"might have been nice ,  but just went over my cheeks .",0
1841,"this insightful , oscar-nominated documentary , in which children on both sides of the ever-escalating conflict have their say away from watchful parental eyes , gives peace yet another chance .",1
1842,the daily challenge around here is keeping the cat fur to a minimum .,1
1843,i will never have a phone without an otterbox again .,1
1844,you can probably run them over with your car and still be okay .,0
1845,cleans up nice and cooks waffles in a reasonable amount of time .,1
1846,i put my kitchen appliances through the ringer .,1
1847,"if we do n't demand a standard of quality for the art that we choose , we deserve the trash that we get .",0
1848,"one of the greatest family-oriented , fantasy-adventure movies ever .",1
1849,sits uneasily as a horror picture ... but finds surprising depth in its look at the binds of a small family .,1
1850,a frustrating combination of strained humor and heavy-handed sentimentality .,0
1851,"myers never knows when to let a gag die ; thus , we 're subjected to one mind-numbingly lengthy riff on poo and pee jokes after another .",0
1852,after a few days i noticed i was unusually fatigued .,0
1853,"a picture that extols the virtues of comradeship and community in a spunky , spirited fashion .",1
1854,i imagine it will make soups even better than the old one as well .,1
1855,"fill the pan half way with water ,  and put it to boil .",1
1856,it works as advertised so i m happy !   :   .,1
1857,the loops stop any accidently lost or intentional disappearance .,1
1858,audio isn t a religion and these are not holy water .,0
1859,ecks this one off your must-see list .,0
1860,i don t think pie weights are for me .,1
1861,"it may be an easy swipe to take , but this barbershop just does n't make the cut .",0
1862,they would flip off or get hung up due to poorly rolling wheels .,0
1863,"an incredibly low-rent danish film , it brings a group of people together in a sweet and charming way , if a little convenient",1
1864,it holds the charge like when my phone was brand new .,1
1865,the glass cuisinart lids would pour water everywhere in a wet mess .,1
1866,"first ,  i put them both under my tongue simultaneously .",0
1867,the quality is declined quickly by heat exposure .,0
1868,i think that is the way to keep the fish moist .,1
1869,i do seem to need to invest in some better popcorn .,1
1870,nightwolf s friendship is cool too where he juggles his hammers .,0
1871,"smith 's point is simple and obvious -- people 's homes are extensions of themselves , and particularly eccentric people have particularly eccentric living spaces -- but his subjects are charmers .",1
1872,"blocking the red hot coils from my cookie sheets ,  and glassware .",1
1873,hopefully you won t have to go through this nonsense .,0
1874,birot 's directorial debut -lrb- she co-wrote the script with christophe honor?? -rrb- is n't so much bad as it is bland .,0
1875,doesn t get stuck on the rod like some non rollers do .,1
1876,... breathes surprising new life into the familiar by amalgamating genres and adding true human complexity to its not-so-stock characters . ',1
1877,ethan hawke has always fancied himself the bastard child of the beatnik generation and it 's all over his chelsea walls .,0
1878,may be spoofing an easy target -- those old ' 50 's giant creature features -- but ... it acknowledges and celebrates their cheesiness as the reason why people get a kick out of watching them today .,1
1879,if you get these just be a bit careful .,0
1880,automatically pegs itself for the straight-to-video sci-fi rental shelf .,0
1881,even those of a single digit age will be able to recognize that this story is too goofy ... even for disney .,0
1882,the pair made in mexico is much better .,0
1883,both rub my dog raw and cause bleeding .,0
1884,if you want a cheaper sub deal with companies that specialize in that category .,0
1885,"it crashed for no reason ,  saves got corrupted .",0
1886,the perfect film for those who like sick comedies that can be snide .,1
1887,does not give me any confidence in buying any of the discovery kids toys .,0
1888,"it 's rather like a lifetime special -- pleasant , sweet and forgettable .",1
1889,this is carion 's debut feature but his script and direction hums with a confidence that many spend entire careers trying to reach .,1
1890,"if you love motown music , you 'll love this documentary .",1
1891,the real thing is nong shim shin noodle ramyun .,0
1892,those outside show business will enjoy a close look at people they do n't really want to know .,1
1893,i can t remember when i first bought this timer .,1
1894,the movie has very little to offer besides unintentional laughs .,0
1895,it makes an annoying sound when it is on .,0
1896,so i bought this product hoping it would help to regulate my cycles .,0
1897,two days later i no longer saw them anywhere on the building .,0
1898,... in this incarnation its fizz is infectious .,1
1899,my first suggestion to anyone reading reviews on this product is to keep looking .,0
1900,genuinely touching because it 's realistic about all kinds of love .,1
1901,"an amusing , breezily apolitical documentary about life on the campaign trail .",1
1902,"leaves you with a knot in your stomach , its power is undercut by its own head-banging obviousness .",0
1903,very well designed and easy to figure out .,0
1904,there s no way this will last as long as claimed .,0
1905,no more oil on my hands when cooking up a steak or falafel .,1
1906,"a grim , flat and boring werewolf movie that refuses to develop an energy level .",0
1907,i would suggest a more tropical flavor with chilled water .,0
1908,hands down the year 's most thought-provoking film .,1
1909,i also tried a cheaper brand of slip on rubber broad heads .,0
1910,"reggio falls victim to relying on the very digital technology that he fervently scorns , creating a meandering , inarticulate and ultimately disappointing film .",0
1911,"these spiders can outrun a motorcycle and wrap a person in a sticky cocoon in seconds , but they fall short of being interesting or entertaining .",0
1912,the cast is so low-wattage that none of the characters comes off as big ... and the setting remains indistinct .,0
1913,old grandson loves all things that have to do with construction .,0
1914,"a triumph of art direction over narrative , but what art direction !",1
1915,"as tweedy talks about canning his stockbroker and repairing his pool , you yearn for a few airborne tv sets or nude groupies on the nod to liven things up .",0
1916,"there are touching moments in etoiles , but for the most part this is a dull , dour documentary on what ought to be a joyful or at least fascinating subject .",0
1917,"trivial where it should be profound , and hyper-cliched where it should be sincere .",0
1918,this game gives you no incentive to keep playing .,0
1919,i use these reviews so heavily that i want to give back .,1
1920,fast; better than a blender and is easy to use .,1
1921,a charming romantic comedy that is by far the lightest dogme film and among the most enjoyable .,1
1922,"unfortunately , they 're sandwiched in between the most impossibly dry account of kahlo 's life imaginable .",0
1923,"first ,  and surprising was that they have removeable sole inserts .",0
1924,it stays on and i unplug it when it s done .,1
1925,i loved it !,1
1926,"but watching huppert , a great actress tearing into a landmark role , is riveting .",1
1927,"no movement , no yuks , not much of anything .",0
1928,they are thinner and retain memory than the older ones .,0
1929,its tollable but thats not the best thing to say about headphones .,0
1930,the remaining sticker is attached to the second film .,1
1931,"a clutchy , indulgent and pretentious travelogue and diatribe against ... well , just stuff .",0
1932,"an intelligent , earnest , intimate film that drops the ball only when it pauses for blunt exposition to make sure you 're getting its metaphysical point .",1
1933,"opens at a funeral , ends on the protagonist 's death bed and does n't get much livelier in the three hours in between .",0
1934,"if you 're looking for comedy to be served up , better look elsewhere .",0
1935,i like it better than any of the forman items .,1
1936,this offers really good protection for the phone .,1
1937,m??nch 's genuine insight makes the film 's occasional overindulgence forgivable .,1
1938,the new guy does have a heart .,1
1939,a must have if you have one of the older foodsavers .,1
1940,an enjoyably half-wit remake of the venerable italian comedy big deal on madonna street .,1
1941,"a gob of drivel so sickly sweet , even the eager consumers of moore 's pasteurized ditties will retch it up like rancid cr??me br??l??e .",0
1942,the lack of opposing viewpoints soon grows tiresome -- the film feels more like a series of toasts at a testimonial dinner than a documentary .,0
1943,friday after next has the same problem that next friday did -- it 's called where 's chris tucker when you need him ?,0
1944,mocking them now is an exercise in pointlessness .,0
1945,"reggio 's trippy , ambitious downer can also sometimes come across like nothing more than a glorified nike ad .",0
1946,"how on earth , or anywhere else , did director ron underwood manage to blow $ 100 million on this ?",0
1947,it s probably my phone but it happens constantly since i got the battery .,1
1948,"greengrass has delivered an undoubted stylistic tour-de-force , and has managed elements such as sound and cinematography with skill",1
1949,it stores in a really small place and is built to last .,1
1950,they also make noise if you happen to touch one against the other .,0
1951,maybe a num_extend old girl could wear it .,0
1952,"it is easy to clean ,  but honestly i rarely clean it .",1
1953,"too much of this well-acted but dangerously slow thriller feels like a preamble to a bigger , more complicated story , one that never materializes .",0
1954,"waste of money ,  waste of time ,  waste of blood .",0
1955,"cute , funny , heartwarming digitally animated feature film with plenty of slapstick humor for the kids , lots of in-jokes for the adults and heart enough for everyone .",1
1956,... watching this film nearly provoked me to take my own life .,0
1957,so i guess it s really a matter of preference .,0
1958,"-lrb- schweiger is -rrb- talented and terribly charismatic , qualities essential to both movie stars and social anarchists .",1
1959,not even the hanson brothers can save it,0
1960,my goof to not research this brand more .,0
1961,with a couple of bucks you could make something a lot better yourself .,0
1962,a dream cast of solid female talent who build a seamless ensemble .,1
1963,anyone who can count to five -lrb- the film 's target market ? -rrb-,0
1964,"when -lrb- de palma 's -rrb- bad , he 's really bad , and femme fatale ranks with the worst he has done .",0
1965,very sturdy with a good selection of teeth sizes .,1
1966,too timid to bring a sense of closure to an ugly chapter of the twentieth century .,0
1967,i can t believe that i didn t buy these sooner .,1
1968,i could feel some of the grains even after much shaking .,0
1969,the instructions came over the motorola num_extend and were very clear .,1
1970,"biggie and tupac is so single-mindedly daring , it puts far more polished documentaries to shame .",1
1971,"thoughtful , provocative and entertaining .",1
1972,"also ,  don t use that yellow cloth to clean your phone .",1
1973,very hard plastic and not that fun to play with at all .,0
1974,both english and metric measurements are embossed onto each spoon .,1
1975,the movie 's biggest offense is its complete and utter lack of tension .,0
1976,much monkeyfun for all .,1
1977,"there were other vegetables included ,  but you really couldn t taste them .",0
1978,"everything you loved about it in 1982 is still there , for everybody who wants to be a kid again , or show it to their own kids .",1
1979,saves on cleaning and the use of aluminum foil .,1
1980,the feel of the wheel is nice and i like the side scrolling feature .,0
1981,"all the performances are top notch and , once you get through the accents , all or nothing becomes an emotional , though still positive , wrench of a sit .",1
1982,digital-video documentary about stand-up comedians is a great glimpse into a very different world .,1
1983,it 's a glorious groove that leaves you wanting more .,1
1984,i reported it havent heard a word about it .,0
1985,this game offers nothing unique and the graphics are not worth raving about .,0
1986,the whole thing plays out with the drowsy heaviness of synchronized swimmer wearing a wool wetsuit .,0
1987,plays less like a coming-of-age romance than an infomercial .,0
1988,i don t know how i ever managed without this handy devise .,1
1989,this casserole dish is the perfect size and i love having a nice lid .,1
1990,"not for everyone , but for those with whom it will connect , it 's a nice departure from standard moviegoing fare .",1
1991,sucking all the ` classic ' out of robert louis stevenson 's treasure island and filling the void with sci-fi video game graphics and disney-fied adolescent angst ...,0
1992,"a long-winded , predictable scenario .",0
1993,i have num_num bird feeders hanging from poles in my front and back yard .,0
1994,nothing bad to say about this wonderful innovation at all .,1
1995,an imaginative comedy\/thriller .,1
1996,a savvy exploration of paranoia and insecurity in america 's culture of fear .,1
1997,on the other hand for power grating you ve got something here .,1
1998,"like dickens with his passages , mcgrath crafts quite moving scenes throughout his resolutely dramatic variation on the novel .",1
1999,"those who would follow haneke on his creepy explorations ... are rewarded by brutal , committed performances from huppert and magimel .",1
0,Director Dirk Shafer and co-writer Greg Tippon ride the dubious gulf where gay porn takes hold for serious drama.,0
1,"a charming, quirky and leisurely Scottish comedy -- except with an unheard-of central gimmick that could have been a rejection of monty Python's meaning of life.",1
2,"the price was good, and came quickly, although my main membership.",1
3,I look forward to playing this game for a few num_extend,0
4,probably the stupidest and most incoherent movie of the year.,0
5,"dives as something rare, a movie theme, which is so honest and attentively observed that it is not like one.",1
6,anyway I recommend this for its price and quality.,1
7,it seems to be of very good quality in its construction.,1
8,... there are enough moments of heartbreaking honesty to keep you glued to the screen.,1
9,they reach the corners as described above and are flexible yet firm.,1
10,"it expands the writings of jean genet and john rechy, the films of fassbinder, perhaps even the nocturnal works of goya.",1
11,"liman, from swingers and go, makes his big budget action movie debut some of a lump, as he delivers a long, low-heat hunt, interrupted by a middling car hunt.",0
12,a preaching and lifeless paean to teenager dull.,0
13,the question of faith is not very deep researched,0
14,Armada lacks the epic reach of games similar to Homeworld or even Starcraft.,0
15,"the people in dogtown and z-boys are so funny, aggressive and alive, you have to watch them because you don't wait to see what they're doing next.",1
16,"bad company leaves a bad taste, not only because of its bad luck timing, but also the standstill of its writing.",0
17,"scarlet diva has a voyeuristic tug, but all in all it is much less sensational than it wants to be.",0
18,with this I say I'm working to support the u. s.,0
19,This meter is technology from a decade ago.,0
20,"They were huge, but the same size in the leather is tight.",0
21,Never fails to engage us.,1
22,"it worked great for the first few weeks, then it just stopped completely.",0
23,"as lo-fi as the special effects are, the people who cobbled nemesis together spoil the power of humanity via hardware in a way that george lucas has long forgotten.",1
24,either as or the developers decided to do their own.,0
25,It's neither as romantic nor as exciting as it should be.,0
26,"will update this review, should it meet a similar fate as my previous wheel.",1
27,I can't recommend this product to anyone trying to fix a leaky transmission.,0
28,but this time there is some mold on the gold.,0
29,I'm not gonna give this to the new puppy I'm getting.,0
30,I have never had a pleasant experience with customer support at cuisnart.,1
31,Pretty much everything I want in a grinding machine.,1
32,"tight fitting, perfectly aligned with all buttons and holes.",1
33,"Also, it creates more static than the im used.",0
34,"This road movie gives you emotional whipping, and you'll be glad you went along for the ride.",1
35,"Stars Matthew Perry and Elizabeth Hurley illegal more than a guckle, and more jokes land as a crash, but ultimately serve Sara is not different from the herd.",0
36,"a triumph, relentless and beautiful in its depressed darkness.",1
37,"a very funny take on change, risk and romance, and the movie uses humor to make its points about acceptance and growth.",1
38,perfect size for preparing dishes. it works really well.,1
39,it keeps the air clean and nice fresh smelling.,1
40,I have no idea.,0
41,but the back looks nice too.,1
42,"a bleak, incoherent, self-indulging mess of a film in which a bunch of pompous windbags roar lifeless for two hours ... a cacophony of presumptuous, meaningless talk.",0
43,Consider it a kind of comfort food for the mind.,1
44,This keeps the cord out of the way and over the board.,1
45,which will probably prove to be the most repulsive film of the year 2002.,0
46,Article in num_num days arrived in bulk packaging just like j.,1
47,a chaotic panorama that is too busy flying a lot of metaphorical flags.,0
48,"and, There were many things we liked about this game.",0
49,What makes the film a comedy is the way it avoids the more serious emotions.,1
50,"Thank God the operation is intuitive, since there are no instructions.",0
51,I miss my days of cracker eating before I get gluten-free.,0
52,"So, for me, this is a damn moment.",1
53,a well-made and often beautiful presentation of the secrets of friendship.,1
54,"occasionally melodramatic, it is also extremely effective.",1
55,"even with all these rough edges safely ground down, the American insomnia is still pretty damn good.",1
56,"like I said, it works, they're fine.",1
57,This is junk food cinema in its most greasy.,0
58,"-Irb-negotiable is -rrb- why we go to the movies: through the eye, the heart, the mind are fed.",1
59,"a mixture of speed and idiocy, this ruinous remake lacks the bronze -- and the brains -- of the 1970s original.",0
60,"Without September 11, collateral damage would be just another bad movie.",0
61,"My little girl wanted this for her birthday, so we got it.",0
62,"I wouldn't trade them, but that's a big knife for the price.",1
63,"static, repetitive, muddy and blurry, hey arnold!",0
64,a predictable and stereotyper small B-film.,0
65,"as many documentary films as these put religious bigotry or zealous nut of his antagonists, but family basics shows a rare gift for unbiased impartiality.",1
66,flaccid drama and terrifyingly slow journey.,0
67,the film will reach far beyond its core demographic.,1
68,one to another company and two to amazon . com .,1
69,"Although Howard shows a big eye as a director, this southern gothic drama is unfortunately a hard seat, with an undeveloped narrative and enough flashbacks and heavy-handed metaphors to suffocate a horse -- or at least slow down to a gallop.",0
70,it remains very stable in your ear and is surprisingly very comfortable.,1
71,The material it consists of is like a dirt magnet.,0
72,a meeting my phone is charging in the bag.,1
73,"If you can afford it, rise to something that will take time.",0
74,I wouldn't trust anything bigger than iphone number_extend,0
75,I was worried about the price that these measuring cups would be flimsy.,1
76,The film exists for his football action and his fine acting.,1
77,The bottom container is not as small as you would think.,1
78,"Usually when I'm so much syrup, I like to go pancakes with him.",0
79,"This headset is awesome, the sound quality is really amazing.",1
80,Ford deserves to be remembered in Oscar's time for making this wonderful portrait of a conflicting soldier.,1
81,"tries to move to another screen, it immediately turns off again.",0
82,Steve irwin's method is the most inhibiting way at accelerated speed and volume.,1
83,that is sufficiently small not to affect my evaluation.,1
84,"The image, of a perverted cheerful marcus miller accordion\/harmonica/banjo horror, is a monument too bad in all its floral diversity.",0
85,high crime falsifies almost any leading character.,0
86,a captivating intercultural comedy of manners.,1
87,"Like a ton dead singer at a benefit concert, John q. is a bad movie that appears in the name of a good thing.",0
88,Life is a crock -- or something like that.,0
89,"for its seriousness, high literary ambitions and breathtaking acting, the film can only be applauded.",1
90,replaced my spoiled cook garlic press with this.,1
91,I love the floral design and the colors.,1
92,I've read reviews from wine experts that it doesn't work.,1
93,a richly imagined and admirably mature work by a talented director who definitely has something on his head.,1
94,superior genre storytelling that comes under our skin simply by crossing the nuclear line.,1
95,Fear dot com is so wobbly and separate it never builds any tension.,0
96,I think I'll go back and stick with wool gloves.,0
97,So not so great to go on that night.,0
98,Places a slightly credible love triangle in a difficult to swallow attitude and then moves the story disappointingly into the realm of an unlikely thriller.,0
99,"The tug-of-war at the heart of the Beijing bike is complained of with painful contrasts, overheated pathos and long, wistful looks.",0
100,"in the second half of the movie, free's control dissolves in direct relation to the height of the screen time he gives nightwey for self-analysis.",0
101,"It's so signed that you won't find out where the other characters, including ana's father and grandfather, come up with the question of ana's future.",0
102,Imagine the James Wald character of videodrome making a home movie of Audrey Rose and showing it to the child from the sixth sense and you have presented the ring.,0
103,I don't think this size will do a bigger bird than num_num pounds.,1
104,"it succeeds by adhering to a feel-good formula with a winning style, and by providing its target group of urban children some welcome role models and optimism.",1
105,"It is very black, and it adds volume.",0
106,I don't see what others liked about this one.,0
107,I received it as a Christmas present and I love it.,1
108,I was glad to see it was still available.,1
109,Nice not to have a burner going for hours.,1
110,The last time I did it was a year ago.,1
111,I bought two to mount horizontally under the shelves of my kitchen island.,1
112,"the joys of the super troops can be fleeting, but they will strongly register with anyone who still retains a soft spot for pre-coordinated humor.",1
113,Put the ipad in my car and work great.,1
114,The mouth is also good and does not come loose at all.,1
115,"It's a smart wink to the others without becoming a postmodern joke, creepy made by his `` men in a sardine can '' twisted logic.",1
116,"an unsatisfactory hybrid of Blair Witch and typical stalk-and-slash fare, where the most conservative protagonist is always the last living.",0
117,I bought this jawbone hd as a replacement for an older jawbone thinker.,0
118,But what a spectacular sizzle it is!,1
119,"Toast bread, muffins and bagels with many options to choose from.",1
120,"Despite the authenticity of the trappings, the film is overblown in its plotting, hacked in its dialogue and anachronistic in its style.",0
121,a film that is a portrait of grace in an imperfect world.,1
122,"Herzog is obviously looking for a moral to his fable, but the idea that a strong, uniform representation among Germany and Eastern European Jews might have changed history of the 20th century is undermined by ahola 's insufficient achievement.",0
123,"the overall feeling of the movie is pretty cheesy, but there is still a real feeling that the Star Trek tradition has been honored as well as possible, given the embarrassing script and weak direction.",0
124,strong dialogue and too cerebral for his own well-being -- or at least too cerebral for his rabid subject.,0
125,I use it to charge my batteries as my USB port is not an option.,1
126,"feels like one of those invented, just-in- Hollywood productions, where names actors deliver great achievements created for the sole purpose of generating Oskar Talk.",0
127,The relationship of this film to the actual tension is the same as what Christmas tree flows in a spray can to actual snow: a bad -- if durable -- imitation.,0
128,"large charger, although it may be cheaper options.",1
129,all my tests proves the same. hope that helps.,1
130,I used this a few times and broke it very easily.,0
131,"So far, I'm not happy at all.",0
132,"one of these rare, thrilling cinematic delights that gets even better in hindsight as you mumble about its every nuance in your mind.",1
133,Westfeldt and juergensen radiate a chemistry and comfort level that is both saucy and lovable.,1
134,but it offers much to think and chew on as its unusual relationship slowly unfolds.,1
135,"Writer director Burger captivates imaginatively the glow of a slumbering national sadness and curiosity, which has become calcified in chronic cynicism and fear.",1
136,Imagine if you were a tony Hawk skating video with shots from behind enemy lines and put on Jersey Shore Techno intersplitced.,0
137,"Order it with something else, and you will receive free shipping.",1
138,the only element of tension is whether the movie titles or distributors change back before closing credits role.,0
139,"shainberg weaves a carefully balanced scenario, which is not controlled by any character, is strangely likeable to both and manages to be tender and dark comic.",1
140,Nope.,0
141,"They run very small, although they are stretchy.",0
142,"Whether seen on a 10-inch TV screen or at your local multiplex, the edge-of-your-seat, educational antique by Steve irwin are priceless entertainment.",1
143,This case is far from what I expected.,0
144,"as a unique character study, it is perfect.",1
145,"complex, affect and unique almod??var, the film calls for strong emotions and urges viewers to question their deepest notions of moral right and wrong.",1
146,the smartest bone-head comedy of summer.,1
147,it is best to invest in a good range of makeup brushes.,0
148,I made flour tortillas that night for our Mexican burrito dinner.,1
149,I wouldn't buy anything else from this salesman.,0
150,There are films that try the patience even of the most cinematic-dominated critic -- and that was one of them.,0
151,This salad spider is durable and easy to use.,1
152,"for the price, this is a good purchase.",1
153,But fans should have fun meeting a brand new Pokemon named Celebi.,1
154,"Audience conditioned to get weepy over saucer eyes, downy-cheeked moppets and their sensitive caregivers will probably feel emotionally cheated by the movie, cake, sugar-free joke.",0
155,not to mention that it did not quite fit my screen.,0
156,There are num_num bright LEDs for photography or just as a flashlight.,1
157,"I enjoyed the ride -lrb- bumps and all -rrb-, creamy depth, and ultimate theme.",1
158,"I saw Knockaround guys yesterday, and already the details are faded like photos from the Spanish-American War ... it's so unimaginable that it turned my ballpoint pens into invisible ink.",0
159,My court feels very tight.,1
160,$ is too much to pay for a $ cable.,0
161,"At the end of something like that, the audience, like Beatrice, has a watchful affection for the monster.",1
162,But it pays a price for its complicated intellectual play.,0
163,We've been treating our hair for months and finally got it.,0
164,I bought this set for our toaster.,0
165,Just hurry up and play the damn song and move for heaven's sake.,0
166,"the plot is straight out of the shelf, the performances are television caliber and the message of providing consolation by deception is a little creepy.",0
167,While mcfarlane 's animation lifts the film firmly across the level of other coming-of-age movies ... it is also so crooked that it is difficult to get back into the story of the boys.,0
168,"everything that has to do with yvan and charlotte, and everything that has to do with yvan 's rambuncious, Jewish sister and her non-Jew husband, feels funny and true.",1
169,This one does the job I need him for! .,1
170,"when it's all wet, blue crushing is very pleasant.",1
171,"Unfortunately, this product has not done much for me.",0
172,Still it's a fun learning experience and so good so far.,1
173,"a different current comedy, which is funny from beginning to end.",1
174,"if you can get past the fantastic aspects and hard realities of the ``the island '', you will get a sock-you-in-the-eye movie that is a visual tour-de-force and a story that is different from any you'll probably see somewhere else.",1
175,that didn't stop the smell and my pets wanted to eat it.,0
176,"not a good product for conditioning, although it says it has shea butter.",0
177,it is heavy and stable enough not to overturn when it is windy.,1
178,the filmmakers skillfully evoke the feeling of threat that nature holds for many city dwellers.,1
179,and do not remove part one of the screen until part two is applied.,1
180,I can even give some as gifts during this Christmas season.,1
181,"It's pretty hardy, I haven't broken it yet.",1
182,"well shot, but poorly written story set in a future devastated by dragons.",0
183,"these are worth watching life, paths worth following.",1
184,I can't wait to show it ! thank you ! .,1
185,how often you face the Nazgul and how easily they are beaten.,0
186,"Beyond a handful of slightly amusing lines, there's just not much to laugh about.",0
187,Spending more time than I'm looking at the street.,0
188,I bought the cheapest model more to test the brand than anything else.,1
189,"i though it would be faster and easier, but it wasn't.",1
190,"If your bike had a kickstand on the plate, it won't lock.",0
191,something the real movie buff will enjoy.,1
192,Most of crush is a clever and captivating romantic comedy with a welcome pinch of tortness.,1
193,I've tried everything without breaking that thing.,0
194,"great headset, solid construction quality and blocks the wind.",1
195,"I loved the food for my cats, as you can read below.",0
196,"its like the showtime rotisserie oven, make it and forget it.",1
197,I ordered these from amazon because I could not find them anywhere in my area.,0
198,I had mentioned much more luck with the other three couples.,0
199,"I put in a password, but router won't re-recognize it.",0
200,"it takes this never-ending confusion and hatred, puts a human face on it, calls shame among all who are party to it and even promotes understanding.",1
201,I have this as a gift for my son.,1
202,"num_extend has much better graphics, better sound, a little better control.",0
203,Maybe I found the procedure a little too conventional.,0
204,It basically records what's right in front of him.,1
205,"What full frontal lack of thematic coherence makes it largely as loose-goosey, experimental entertainment.",1
206,... the sum of the parts corresponds largely to a confused mediocrity.,0
207,almost everything else is wan .,0
208,this style of meat pounder is a kind of commodity like .,1
209,"Even if lame horror stripes go, that's lame.",0
210,they stack nicely in the closet and clean themselves great in the dishwasher.,1
211,"a boring, winking cute and disgusting politically correct cartoon guarantees someone to drive a lot over 4 years screaming out of the theater.",0
212,The film runs on equal parts of innocence and wisdom -- wisdom that comes with experience.,1
213,The wheel often stuck and did not turn on its track.,0
214,I wouldn't suggest this on black iphones.,1
215,One minute per disc seems to be a good rule of thumb so far.,1
216,the cheese came light and fluffy wish I had had one before.,1
217,"Turn off the car after num_num hours, which is a good feature.",1
218,"too loud , too long and too hectic by half , dying on another day indicates that the bond franchise in a creative wall , that 007 can not fly over , tunnel under or barrel through .",0
219,Just do your homework and you will end up quite satisfied.,1
220,This bold and lyrical debut feature of raja amari expands the pat idea that middle-aged women just want to have fun in a thrilling treatise on sensual empowerment.,1
221,Sugar is extremely addictive and does absolutely nothing for your body.,0
222,Then on my phone and it's charging my phone.,1
223,There is no menu selection for free books to find.,0
224,I only ordered here because they were much cheaper.,0
225,"a hip ride into hypertime, watchstopper is a lively and enjoyable adventure for all ages at any time.",1
226,Voice command is better on this sentence than others I've tried.,1
227,I kept it even though I don't use it.,0
228,"despite the port break, it gets num_extend stars.",1
229,The main taste to come through is cinnamon and the light sweetness of stevia.,0
230,The director's robbing Marshall was shot to make a great one.,1
231,we usually run it down to low and it's relatively right.,1
232,I can't believe I've owned one of them before.,1
233,a wonderful journey from childhood idealism to youthful self-absorption.,1
234,And I wanted them all to be easily accessible.,0
235,it does this to a very significant degree and is extremely uncomfortable to wear.,0
236,Christians receptive to a reductionist view of their Lord as a Luv-spread Dr. feel-good or almighty Slacker feel far more as secularists who could even praise God for providing such an Instant Camp classic.,1
237,I didn't have what I felt were unrealistic expectations of this device.,1
238,shocking only in that it reveals the filmmaker groundless pit of self-absorption.,0
239,... too annoying to be a comedy and too silly to be an effective horror movie.,0
240,"Sunshine state lacks the kind of dynamics that limbo offers, and in some ways is a rather lenient piece.",0
241,"an acidic, evil offer.",0
242,"Finish is great, and it makes great French toast.",1
243,"ultimately, the project comes across as a clinical, detached, uninvolving, possibly prompting audience members to ask, ‘what's the point?'",0
244,I'm afraid not my blackberry or my cell phone.,0
245,only the acting is worth the entrance price.,1
246,Another thing I really like is that it doesn't have any rivets.,1
247,It might have worked for num_num months then died.,0
248,I don't think I've been so excited and horrified by an Asian movie since the ironman of shiny Tsukamoto.,1
249,This gymnast has worked well in recent years.,1
250,"Of course, the Germans call this kind of idea good engineering.",1
251,"syncing is simple, without passwords or codes required.",1
252,notorious c.h.o. has noodles of vulgar highlights.,0
253,"The character is forced and overwritten to be funny or believable most of the time, and Clayburgh doesn't always improve the over-the-top mix.",0
254,"Whether you are moved and love it, or bored or frustrated by the movie, you will still feel something.",1
255,we miss the quirky astonishment that used to come along for an integral part of the ride.,0
256,"sluggishly led by episodic TV veteran Joe Zwick, it's a sitcom without the snap crackle.",0
257,"a bleak rip-off from goodfellas, which serves as a confused and offensive warning for Hispanic Americans.",0
258,"Family abuse is a major problem in today's society, but the film reduces this domestic tragedy to florid melodram.",0
259,"n't plan on the perfect end, but sweet house alabama meets the brand with critics who escape from a small city life.",1
260,"To the movie's credit, the drama is fresh and unconscious, and Munch is a miracle of reality versus suppy feeling.",1
261,"A sensual performance of Abbass buoys the fuzzy story, but her inner journey is largely unexplored and we are surprised by this exotic-looking woman whose emotional depths are only hinted at.",1
262,"Truth to tell, if you've seen more than half-a-dozen horror movies, there's nothing here you haven't seen before.",0
263,You've seen her a million times.,0
264,"unlike the small problem, this is a big bt head.",1
265,will grab your children through the imagination and surprise them and amuse them.,1
266,It's so small. get a racket ball. Pass it to.,0
267,"a thoughtful, moving piece that faces difficult problems with honesty and beauty.",1
268,I didn't believe in these villains or their actions for a moment.,0
269,"The film greatly benefits from a less manic tone than its predecessor, as Cho seems to have comfortably settled into her skin.",1
270,"one of those movies in which you go out of the theater not the feeling cheated exactly, but the feeling of being whistled, which in the end, could be all the more annoying.",0
271,"as adapted by kevin molony from simon leys' novel `` the death of napoleon '' and by alan taylor, napoleon 's journey is interesting, but his parisian rebirth is dead born",0
272,"just an epic documentary it could all go down, and Spike Lee's jim brown: all Americans finally gives his theme a film worthy of his talents.",1
273,"It might be tempting to consider Mr. Andrew and his associates odd balls, but Mr. Earnhart's quiztical, charming movie allows us to see them, finally, as an artist.",1
274,"Once the charger is removed, the phone starts working again.",0
275,seems to be working well in my mother's humidifier.,1
276,They have a medium stack lining that has more of a stiffer polyester feel.,0
277,"It is an example of sophisticated, sophisticated film production that stands, despite its perceptible lack of emotional booklet, in welcome contrast to the indulgent dead-end experiment of the director's previous full frontal.",1
278,"This cuddly sequel to the 1999 hit is a bit more optically polished, a little funnier and a little crazier.",1
279,Just put it on and I don't have any problems.,1
280,"although everything could be literary and smart, it has never taken off and always seemed static.",0
281,"a thoughtful , provocative , persistently humanizing film .",1
282,"the wwii drama is well drawn, visually striking and filled with enjoyable complex characters that are never what they appear first.",1
283,"I don't know exactly what to make of steven soderbergh's full frontal, although that didn't stop me from enjoying a lot of it.",1
284,the result is something very fresh and delightful.,1
285,one of the greatest romantic comedies of the last decade.,1
286,haneke challenges us to confront the reality of sexual aberration.,1
287,the plot is so predictable and sentimental that viewers are likely to lose interest before Sandrine and her goats go into the sunset.,0
288,it is also heavy-handed and devotes too much time to bizarre views.,0
289,plus his of amazon and amazon wouldn't put her name on shit.,1
290,Games like gemstone travel are easier to play with a stylus like this.,1
291,"I'll stay with my xbox for now, thank you.",0
292,the same panel buttons are available but in a better placement.,1
293,"it feels like a community theater production of a great Broadway game: even in its best, it will never hold a candle on the original.",0
294,"... maybe the heaviest, most joyless movie ever made about giant dragons taking over the world.",0
295,I dropped the phone on a tile floor and it's fine.,1
296,"once again, director Jackson strikes a rewarding balance between emotion on the human scale and action\/effects on the spectacular scale.",1
297,he read every amazon. com review as well as the zojirushi website.,1
298,"However, cutting up tons of vegetables can be time consuming.",1
299,"Hawke draws the best out of his great cast in beautifully articulated representations that are subtle and so expressive, they can make the poetic flights in Burdette's dialogue.",1
300,The recipe that comes with him is delicious.,1
301,"Handdrivers can be a mess to clean, especially under the handle.",1
302,This is definitely not the case with the num_extend.,1
303,looks like a high school film project the day before it was completed.,0
304,I also have to hold the headphone cable so it doesn't flutter around.,0
305,"funny, touching and well stepy.",1
306,"This version is not a classic like its predecessor, but its pleasures are still plentiful.",1
307,My first draft of this review was also far too long.,0
308,Your delivery and timing are impeccable.,1
309,speedloader is particularly difficult to use with an extended magazine.,0
310,"a merciless, mindless attempt to mate some like it hot with the wwii spy thriller.",0
311,Frida's artistic brilliance is undeniable -- it's one of the breathtakingly designed films I've ever seen.,1
312,"First good, then annoying.",0
313,in the heart of the film is a softly forged tension yarn whose richer shades work as coloring instead of substance.,1
314,"If your senses have not been dulled by slasher movies and gorefests, if you are a connoisseur of psychological horror, this is your ticket.",1
315,Do not buy this unless you like to replace toaster.,0
316,I'm glad I didn't spend any money on the electric models.,1
317,"Unfortunately, I'm not sure what all five star ratings are for.",0
318,"The plot is very clever, but Boyd weighs it with too many characters and events, all intertwined and far too complicated to keep track.",0
319,I had trouble putting it on with zero bubbles.,0
320,"a very stylish but ultimately extremely silly story ... a slick piece of nonsense, but nothing more.",0
321,"the computer recognized the USB connection, but the cursor has never moved.",0
322,It's too bad because they look like they're keeping my ears warm.,0
323,little more than a foamy vanity project.,0
324,This is the old faithful water filter jug.,1
325,Just give the extra dollars and buy an official apple.,0
326,The narrowing on my dog left him.,0
327,"At times, however, dogtown and z-boys in an insider's lingo and mindset that the uninitiated can find hard to follow, or take care of.",0
328,"Pretty damn good, despite his smarty-pants aura.",1
329,its very similar to this type of style.,0
330,It was exactly what I expected.,1
331,"It is rare to find a film that blinds the eye, challenges the brain and fills our desire for quick action, but the minority report provides all this and much more.",1
332,I give him five stars for the food so easy! .,1
333,a lengthy and stagnant session of romantic works that could never really have been gels like the clever feminist fairy tale.,0
334,I wore this product today for a few hours today.,0
335,It is as flat as an open can pop left sitting in the sun.,0
336,"this warm and gentle romantic comedy has enough interesting characters to fill several movies, and its plentiful charms should win the most hard-hearted cynics.",1
337,It did what it should do.,1
338,Ingenious and ingenious entertainment.,1
339,"I then emptied the coffee mill and looked for a disability, none.",0
340,"edited and imitated with a syncopated style the work of his themes, praying turns the idea of documentation on the head, making it tear, invigorating fun lacks any mtv buffery.",1
341,Take the whole thing in the sink.,1
342,This is a happy setback to the time when cartoons were cinema's most idiosyncratic form instead of one of its most predictable.,1
343,"4 friends, 2 couples, 2000 miles, and all the pabst blue band beer they can drink - it's the ultimate Redneck Road Trip.",1
344,The balm sucks more like a vaseline stick.,0
345,my wife usually despises window fans and she loves this thing too.,1
346,The film is quickly drawn to becoming boring and predictable.,0
347,"It is emptied from life in an attempt to be sober and educative, and yet it is so free of realism that its lack of whistles and bells makes it simply disgusting and stiff.",0
348,The knife is also easy to maneuver despite its length.,1
349,"a pleasant movie for the family, amusing and cute for adults and children.",1
350,This knife sharpener has more than fulfilled our expectations.,1
351,"it's a pleasure to see his field grabbing over the biz with buddies chris rock, garry shandling and colin quinn.",1
352,And it is a bread knife and nothing so special.,1
353,Put it in the freezer and close the door.,1
354,I threw it out because I can't take alcohol.,0
355,if you need a pot with this capacity num_extend qts buy this .,1
356,"too stupid to be terrifying, too solid to be funny, it projects the same lazy affinity as its nominal star, david squeezed.",0
357,it makes a farce out of a good num_num num_extend,0
358,"not a movie, but a live action agitprop cartoon so shameless and rough, it's almost funny.",0
359,Dash Mounts are either bulky and in the way or not strong enough.,1
360,I've had two of those cans outside for over a year.,1
361,"a graceful, contemplative film that gradually and artistically draws us into a world in which the personal and the political are mortally interwoven.",1
362,"The passions aroused by the discord between old and new cultures are directed against the strange, strong beauty of the Middle Eastern desert, so lovingly and perceptibly filmed that you can almost taste the dried out air.",1
363,moderate inclusion despite bargain help photography and hacked romance.,0
364,I expected an improvement in signal strength from my tiny USB Direct plugin type.,0
365,Gangs of New York is an inexcusable mess whose only saving grace is that it ends by blowing almost everything into the air.,0
366,the sum of all fears is almost impossible to follow -- and there's something that leads to seeing an American football stadium as a pop entertainment.,0
367,"after four days of it, I gave up and threw it.",0
368,alone the visuals make metropolis worth seeing.,1
369,"a real movie, about real people, that gives us a rare insight into a culture that most of us do not know.",1
370,"helmet devito ... tries to do too many things in this story about ethics, payola, vices, murder, children's TV and revenge.",0
371,it is not difficult to clean or mount.,1
372,I say that as a guy with pretty thin wrists too.,0
373,and yet the focus was extremely soft or just horrible.,0
374,Most operations have a noticeable delay from num_extend to num_num seconds .,0
375,"We can see the wheels turning, and we could sometimes annoy it, but that's still a nice little picture, made by bright and friendly souls with a lot of good courage.",1
376,... as the story reconciles you feel the pieces of Star Wars Saga fall in a way that rings your spine with revelation and excitement.,1
377,I was surprised because the box seemed to be in good shape.,0
378,this does not apply to this product.,0
379,I had it professionally installed in a local bike shop.,0
380,should have a wider design for different foods.,1
381,"My goodness, Queen Latifah has a lot to offer and she seemed to have no problem her natural gifts.",1
382,"it is worse then no lubricant, because it becomes soooo sticky.",0
383,"an impossible romance, but we roots for the patronized Iranian boy.",1
384,"Oh, and the battery life is pretty decent.",1
385,Gosling offers an amazing performance that is everything else in the movie Dwarfs.,1
386,"Although not as aggressively impressive as its American counterpart, `` in the bedroom, '' Moretti 's film makes its own, quieter observations",1
387,"I didn't laugh about the ongoing efforts of the dice, and his thin buddy Mike Epps, like laurel and hardy 'n make the hood.",0
388,"There is a kind of attentive concern thathoffman brings to his characters, as if he has given them private lessons, and now it is time for their first public consideration.",1
389,I was not terribly impressed by this box.,0
390,"the incessant sadism is so graphically exaggerated, the director simply ends up revealing his own obsession.",0
391,I didn't buy from a num_extend party salesman.,0
392,But it didn't do anything for my face.,0
393,"the streets, shot by cameraman Michael Ballhaus, can be as authentic as they are mean, but it is almost impossible to take care of what is happening on them.",0
394,try to explain a two-year-old why her tattoo breaks again and again.,0
395,"It is also, sometimes, curious to move.",1
396,I also love it because the glass is made of plastic.,1
397,a painful lead film intended for cable television slots before dawn.,0
398,"we both use the blackberry num_num curve, each using bluetooth version num_extend",1
399,"does what a beautiful documentation does best: it expands a warm invitation to an unknown world, then illuminates it completely and allows the greater implications of the journey to sink into unobtrusively.",1
400,I bought this toy for my boys a few years ago.,0
401,I got bored after the first few minutes.,0
402,"spyro games always fun, but this tradition ends here.",0
403,"This case is cute, but that's the only good thing about it.",0
404,U.S. audience can find -lrb-attal and winbourg's -rrb-foreign personas give the film an intimate and picturesque reality that is a little closer to human nature than what Hollywood typically convicts.,1
405,It's close to the old one I've had for years.,1
406,I wouldn't buy this again in the future.,0
407,"If this holiday movie is supposed to be a gift, someone unpacked it early, took out all the good stuff and left the crap behind -- literally --rrb-.",0
408,"the film is as far as you can get from racy to the point where it almost stops the blood flow to your brain; it has a dull, costumed feeling.",0
409,What is most striking about this largely solemn film ... is the feeling of isolation that permeates these bastions of individuality in an ikea world.,1
410,So I bought another knife sharpener for this our num_num yankee swap.,1
411,You'll have more fun setting fire in the parking lot.,0
412,it also has a num_num year warranty on defects.,1
413,"- No, no, no, no, no, no, no, no, no, no, no, no, no, no, no, no, no, no, no, no, no, no, no, no, no, no, no, no, no, no, no, no, no, no, no, no, no, no, no, no, no, no, no, no, no, no, no, no, no, no, no, no, no, no, no.",0
414,It's a bad performer when it comes to odour retention and lumps.,0
415,effectively feeds our senses with the cooling sights and sounds from the camp to create a completely numbing experience.,1
416,"hope that this will last longer than my last grinding machine, so can buy as a gift.",1
417,The children often seem to read the lines and are not able to convey any emotions.,0
418,"Flotsam in the sea of filmmaking, not big enough for us to worry about it, does considerable damage and not stinking enough to despise.",0
419,"As soon as it dies, I'll buy a better unit.",1
420,The film would work much better as a video installation in a museum where viewers would be free to leave.,0
421,"exquisitely played and masterfully woven when precious ... - lrb- the film -rb- addressed in a fascinating, intelligent way the mixing of race, politics and local trade.",1
422,I have to find a way to return it.,0
423,"one corner is slightly larger than the other, but hardly noticeable.",1
424,"the values that have held the Enterprise crew together through past adventures and dangers, do this again courage, self-sacrifice and patience under pressure.",1
425,"a depressing confirmation of everything that those of us who did not choose against the description ``' have suspected all the time: george w. Busch is an ominous, uncharismatic, overgrown frat boy with a middle strip a mile wide.",0
426,an atmospheric horror\ / thriller enhanced by deft staging and the director's well-known narrative gamesmanship.,1
427,this pan is a bit heavier and really non-stick.,1
428,Wait for video -- and then don't rent it.,0
429,"You can feel the heat that inflames this gripping story, and the humor and humanity that they root in feeling.",1
430,"in my experience, they are a constant source of problems.",0
431,The complication is the strength of the phone.,1
432,I felt like I threw away my money.,0
433,"it is a courageous attempt to tap into the heartbeat of the world, a greeting to the universal language of rhythm and a zippy sampling of sounds.",1
434,Even the headphones don't feel well on the head.,0
435,"the director, steven shainberg, has succeeded by focusing on his characters, making them quirky individuals instead of figures of fun.",1
436,a process that takes a few minutes.,0
437,"Finally, a genre movie that delivers -- in a few genres, no less.",1
438,"so clich??d that, at one point, they literally annoyed an apple cart.",0
439,They'll have more fun getting hit by a bus.,0
440,"You need to be careful to follow all the stories, but they're always interesting.",1
441,"a tangle of a film -- visually unattractive, unbearable loud and completely silly ... its cheerfulness is totally unintentional.",0
442,The use of cgi and digital ink and color make the thing really look smooth.,1
443,There was nothing at all suggesting that Belkin made this product.,0
444,I bought this product for feeding mynum_num Persian cats on vacation.,0
445,Apparently there are thirteen more words needed to successfully submit this review.,1
446,lets all pretend to create historical context and waltz into a hectic soap about the ups and downs of heavy breathing between the two artists.,0
447,has the feeling of an unedited personal magazine.,0
448,"as the film is almost anthropologically detailed realization of the early 80s suburban, it is significant, without overrated.",1
449,a waste of good performance.,0
450,"exciting, provocative and dark funny, this timely sci-fi mystery works on so many different levels that it not only invites, it requires repeated considerations.",1
451,"home alone goes hollywood, a fun premise until the kids start pulling stunts not even steven playberg know how to do.",0
452,skip work to see it at the first opportunity.,1
453,"If it is possible that a sequel overshines the original, then sl2 does exactly that.",1
454,Big Fat liars are just pointless looking for syllability to tap into the children's sensibilities.,0
455,"We often cook sausages, hot dogs and hamburgers in it too.",1
456,an incredibly funny movie just a guide away from perfection.,1
457,there was someone who was called happy on her birthday.,0
458,"I owned it for two years, and it's a workhorse.",1
459,I had this thermometer for about num_num years.,1
460,I can carry it in my pocket and use it when I need it.,1
461,"When I contacted the company, the answer was that they sent it.",0
462,"the weight of water uses water as a metaphor for subconscious desire, but this leaky writing hardly remains above water.",0
463,"Maybe it didn't rust, but nearby it looks a little cheesey.",0
464,"It's getting harder and harder to ignore the fact that Hollywood isn't laughing with us, people.",0
465,"the diversity of represented artists , both in terms of style and ethnicity , prevents the process from repeating itself , as well as the corresponding short 40-minute duration .",1
466,He didn't learn that storytelling is what the movies are all about.,0
467,a mixed bag of a comedy that is not really described as from this world.,0
468,"These are supposed to be cotton, but they don't feel that way.",0
469,"begins as a promising meditation on one of America's most long-lived obsessions, but ends up as a slim cinematic stunt.",0
470,it would be hard to think of a recent movie that worked so hard to achieve this little fun.,0
471,"as conceived by Mr. Schaeffer, Christopher and Grace are little more than collections of quirky properties thrown from a screenwriter's outline and charged to actors with the impossible task of making them.",0
472,"Interaction Eyeball-to-Eyeball and Toe-to-Toe, Hopkins and Norton are a winning combination -- but fiennes steals 'red dragon' right under her nose.",1
473,No complaints and my wife loves the color.,1
474,"An endlessly fascinating, groundbreaking film that is as bold as anything cinema has seen for years.",1
475,How was it ever done?,0
476,I'm not suggesting that you actually see it unless you're the kind of person that saw every Wim Wender's movie of the 70s.,0
477,"One minute, you think you're watching a serious actioner; the next, it's as if clips from the pink panther strikes again and\/or sailor's moon were spliced in.",0
478,I couldn't see any difference at all.,1
479,So I just thought maybe it'd help keep my acne away.,0
480,a modest and chaotic metaphysical thriller with more questions than answers.,0
481,I don't think the saying you get what you pay.,0
482,a blessed gift to film freaks and historians.,1
483,I had to buy one on the street.,0
484,they were awesome and they work great I like them a lot thanks.,1
485,impresses you with its open finiteness and surprises.,1
486,"My husband said it was obvious, so I had to give it back.",0
487,"Obviously, we all have our own taste preferences.",0
488,the element was what I was looking for and came exactly as described.,1
489,It should be mentioned that the set design and interior design of the haunted vessel are more than effectively creepy and atmospherically illuminated.,1
490,I will order a second one in the not too distant future.,1
491,"The movie takes too long to get the good stuff, then it takes too long to figure out what to do next.",0
492,This clever caper movie has twists worth david mamet and is tremendous fun for the thinking audience.,1
493,Matthew mcconaughey tries and fails to control the screen with swaggering Machismo and over-the-top Lunacy.,0
494,the aluminum one is dyed and ugly after a few uses.,1
495,It creates heaping folds of foam and turns your coffee into a Breve Latte.,1
496,"It's more powerful, so I expect it to get a little louder.",1
497,an original jewel about an obsession with time.,1
498,"some of seagal 's action pictures are guilty of pleasure, but this is so formulaic that it seems to be on auto pilot.",0
499,an incredibly clever and excellent step caper filled with scams within scams.,1
500,"the happiest surprise of the year, a movie that deals with a real theme in always surprising way.",1
501,worked best on older new england house with narrow stairs.,0
502,the sound range and volume is quite impressive for the price and size.,1
503,all came well sharpened and ready to go.,1
504,I wish it had a crank or something to make it easier.,1
505,I wore out my first one by pouring in my name Gravies.,1
506,extremely confusing.,0
507,"as the clock of num_extend clicked, I still felt sluggish.",0
508,"All of them are complete garbage, not even decent polyester.",0
509,"The biggest advantage of the movie is how much it is not just another connect-the-dots, spy-on-the-run image.",1
510,"The film makes a tragic mistake by continuing for too long and trying to reflect every further event in Chinese history: war , revolution , communism , etc. .",0
511,Things I've noticed so far: + bluetooth num_extend streaming is solid.,1
512,good thing filters for num_num gallon tanks are cheap.,0
513,It's not as bulky as the other available cases.,1
514,"it works with all kinds, but works best with roma tomatoes.",1
515,"This is a fantastic idea, but it has some flaws.",0
516,"say this for the soundtrack, it drowns the lousy dialogue.",0
517,"the only thing is that it stretches slightly, so be careful with it.",1
518,"very easy to raise, no bubbles at all.",1
519,"This may not be the dramatic good-wrenching impact of other Holocaust films, but it is a convincing story, especially because of the way it was told by the people who were there.",1
520,"get it, it's worth the price for sure.",1
521,The cookbook that comes with him is sufficient.,1
522,offers this rare combination of entertainment and education.,1
523,"the story itself is uninteresting, and the songs are painfully irresistible: they could be giants' such one of us can be the most melodic melody ever composed.",0
524,a psychological thriller with an intelligent script and a compulsive attention to detail.,1
525,"it's ridiculous, of course ... but it's also refreshing, disarming, and only completely pleasant despite its ridicule.",1
526,have used it daily since arrival.,1
527,I paid $ for it when I bought some other pieces.,1
528,"the performances are so leaden, Michael Rymer's direction is so bloodless and the dialogue is so kitschy that the audience laughs loudly.",0
529,"the movie's silent confirmation of neighborhood values there is an honest, live-in-glow.",1
530,Also legends like Alfred Hitchcock and John Huston occasionally directing trifles ... so it is no surprise to see a world-class filmer like zhang Yimou behind the camera for a yarn that is ultimately rather inconsistent.,0
531,"Unfortunately, cardiac arrest hospital wants to convey the same kind of arrogance in its own sketchy material, but this area has already been explored with better aplomb and Sardinian wit.",0
532,in mind num_num gemstones in at least one num_num inch wheel.,0
533,Shame on what else was a reliable company with several other respectful products.,0
534,Could the whole plan have been here to produce something that makes fatal attraction look compared to a classic?,0
535,absorbing and disturbing -- perhaps more disturbing than originally intended -- but a little clarity would have gone far .,0
536,I didn't do this to my wusthouses.,0
537,"Scene-for-scene, things happen, but you would be hard to say what or why.",0
538,We're too stupid to put together normal sounding sentences.,0
539,"I have several of these, well worth it.",1
540,"a sad, superior human comedy played on the back streets of life.",1
541,"The cables seem pretty simple and work well, except for a problem.",0
542,The story and the characters are not close enough.,0
543,I'm using this thing to pull out the inside of a potato.,1
544,a gas hob would be worse and a smooth hob would probably be much better.,1
545,Open carefully and handle the zippers with care.,1
546,"For the first time in several years, Mr. Allen has excelled with the magic he spun with the Hollywood empress of Ms. leoni 's ellie.",1
547,"not by characters, but by caricatures.",0
548,Warmed-over Tarantino by would-be Elmore-Leonard.,0
549,never sinks -rrb- into exploitation.,1
550,"Despite what someone believes about the goal of their creators, the show... is a spectacular piece of theatre, and there is no denying the talent of creative forces behind it.",1
551,"an astounding false fire, and possibly the weakest movie - lrb- Woody Allen -rb has made in the last twenty years.",0
552,She gave it back to me and took her ginsu knife.,0
553,that just doesn't have enough strength to massage my shoulders and neck.,0
554,"They pee in about once a week, if that's the case.",0
555,"This movie is so smooth, superficial and trend-hoppy that it is easy to imagine that a new software program spit the script.",0
556,This is not a ``Friday '' worth waiting.,0
557,"the vampire thriller blade ii starts as a wild hush and then sucks the blood out of its fun -- towards the end, you can feel your veins ringing out of the workout.",0
558,These mounting parts are also very easy to clean.,1
559,"not so much fun as aggressive sitcom-cute, it's full of disposable one-liner, non-quite jokes, and a determined TV friendliness that personalized everyone.",0
560,I just treated it the way I'd think a curling iron would work.,0
561,"lanie's professional success means that it must be a failure in life, because it is driven by ambition and does not know how to have fun.",0
562,"an exciting, playful film that constantly frustrates our desire to know the ‘truth' about this man, while deconstructing exactly the format of the biography in such a way that Derrida would undoubtedly give his blessing.",1
563,"the furious coherence that brings -lrb-deniro -rrb- to this part, underscores only the fuzzy sentimentality of the film itself, which feels, as it ends up plods, less like a film than the filmed reading of a script need polishing.",0
564,I will never again buy another game where this is a requirement.,0
565,a masterpiece four years in production.,1
566,what really surprises about wise girls is its low-key quality and real tenderness.,1
567,Some reviewers complained about the reasons in coffee.,1
568,I love cheetahs and any artificial or naturally improved cheese snack.,0
569,we use this alot and they work great.,1
570,"there is a vastness implied in the metropolis, which is only breathtaking.",1
571,what could have been a predictable heartwarming story will be suffocated with complexity.,1
572,I would definitely recommend this for a cute case.,1
573,"good for a few unintentional laughs , ``extreme ops '' was obviously made for the ``xxx '' crowd , people who enjoy thoughtless action without the benefit of decent action , writing , and direction .",0
574,We used ours at least a few hundred times.,1
575,b. -rrb- that's pathetic!,0
576,Love it! really handy to put on the stove.,1
577,the good pieces I manage to save the birds refuse to touch.,0
578,"a deceptively simple film, one that grows in power in retrospect.",1
579,But these knives are worth their price.,1
580,"The premise for this Kegger comedy probably sounded brilliant four six-packs and a jug of margaritas in, but the movie must have been written ... in the thrall of a malicious hangover.",0
581,a comprehensive and provocative film -- one that transcends the boundaries of biography and challenges its audience.,1
582,the production values are up there.,1
583,"I hated the color that was sent to me, pale limey beige.",0
584,"Whatever the case, I couldn't be more unhappy with this purchase.",0
585,an intelligent fiction on learning through cultural debate .,1
586,easy to use and it works very well.,1
587,Captivatingly captures the crazy and magnetic ebb and flow of friendship.,1
588,"This is what is now affordable, so it must do.",1
589,ranked among Willams' best screen work.,1
590,"Blade release buttons are easy to use, which makes cleaning easy.",1
591,I contacted the seller and received a refund.,0
592,even the free will option is an absolute joke.,0
593,"While undercover brother is definitely one for the masses, it's also full of sharp, smart satire.",1
594,unless you have very small or very large hands it is convenient to use.,1
595,"Instead of the intrigue and suspense and mystery of the whole thing, Hart 's war, like the St. Louis Aries in the Super Bowl, waits until after half time to get started.",0
596,the continuation has turned completely and irrevocably bizarre to the point of complete nonsense.,0
597,Only for Caine lovers.,0
598,these small cookie creators perfectly uniform two-inch cookies.,1
599,I sell mine to make room for something else.,0
600,"for the price day, its nothing to destroy.",0
601,I would rather be a little less healthy and a little more happy.,0
602,We're not bored.,0
603,"Coming from an Asian background, it's not something we usually cook with.",1
604,I'm sure it depends on your age and body type.,0
605,There are num_num blue lights to display the height of the unit s charge.,1
606,I followed the lead and am grateful for it.,1
607,davis filled his cast with appealing fresh faces.,1
608,"had nt time to get it back before Christmas, so bought another neck shower.",0
609,I was torn between ordering the Wagner steam cleaner and this McCulloch steam cleaner.,1
610,I just wish the vacuum head was a little bigger.,1
611,a sports film with action on the field and a story you are interested in is exciting.,1
612,a very average science fiction movie.,0
613,"a gentle, compassionate drama about grief and healing.",1
614,I have tried to draw with pliers that go along the side of the cork.,1
615,When you stir fry your ingredients i.e.,0
616,I tried to hide her in her food and in her treats.,0
617,"the movie is all a little lit Crit 101, but it is extremely well played and often very funny.",1
618,"not everything works, but the average is higher than in Mary and most other recent comedies.",1
619,This little butterbell is a fantastic purchase.,1
620,I'm just looking forward to the day I can replace him.,0
621,Enfamily child is characterized by choline and dha.,0
622,I don't want the bulk of an Otterbox defenseman.,1
623,His characters are thinner than cardboard -- or even comic paper.,0
624,"Even by stupid action movie standards, ballistic: ecks vs. sever is a stupid action movie.",0
625,I was not at all satisfied with the performance of this helicopter.,0
626,"I'm a man, a bachelor living alone.",1
627,"a magnificent entertainment, young in mind, but achieved in all aspects with the fullness of mind and feeling of ease that comes only with experience.",1
628,that's not how it felt with the original gel glue.,0
629,We use a bread machine to prepare the dough and allow the first ascent.,1
630,"We never really feel connected to history, since all their ideas remain exactly that: abstract ideas.",0
631,They've probably seen how they use it on iron cooking.,1
632,"the whole cast looks to have so much fun with the slapstick antique and silly street patois, throwing around obscure expressions like Bellini and Mullinski that the compact 86 minute breeze through.",1
633,"behind the snow games and lovable Siberian huskies -lrb- plus a sheep dog -rrb-, the picture houses a parka-wrapped dose of heart.",1
634,Not that we have to do this.,0
635,hello;i bought this product from a large dealer overnum_num years.,0
636,"egoyan's film is too complicated to get involved, and if you excuse a little critical heresy, too intellectually ambitious.",0
637,"anker is a fine product, although I've never heard of it.",1
638,"almost every scene in this movie is a jewel that could stand alone, a perfectly realized observation of mood, behavior and intention.",1
639,i m convinces vacuum seal works exactly as advertised.,1
640,much better than block and pack kind of hooks to store overhead.,1
641,a psychologically rich and exciting moral thriller with a stellar performance by al pacino.,1
642,I bought these batteries based on the reviews from others.,1
643,"so shipping takes a while, but it is definitely worth the price.",1
644,"for all its failed connections, divine secrets of ya-ya sisterhood is caring, in a gauzy, dithering way.",1
645,I will update my review after num_num months.,1
646,You can go to any chain store and do better.,0
647,This machine doesn't match the new consoles.,0
648,I recommend smaller size for daily use. but I like this pan.,1
649,My mouth feels very dry and I'm thirsty after drinking this.,0
650,"If high crimes were even more generic, it would have a universal product code instead of a title.",0
651,"The principals in this occupation are all in order, but Bishop and Stevenson are standouts.",1
652,"a turgid little story lesson, humorless and dull.",0
653,"As soon as the lid closes, the smell disappears.",1
654,"do not buy this product ! the photos are terrible, terribly misleading.",0
655,the drama is played with so painful beauty and truth that it brings tears to the eyes.,1
656,"It didn't work for me, hopefully other people will be more lucky.",0
657,"two reviewers found there are drivers to be downloaded, but I was unsuccessful.",0
658,makes a stop when beneficial case for the size of the man.,1
659,"No, it's not nearly as good as any of its influences.",0
660,"was quite excited, but this taste nothing like honey at all.",0
661,I think this case is a very nice phone case.,1
662,"the authors, director Wally Volodarsky, and all actors should begin their own coeducational fraternity: Kappa rho alpha phi.",0
663,"so after two months of use, work in it.",0
664,It wouldn't be my preferred way of spending 100 minutes or $7.00.,0
665,it charges my phone very quickly and to full % battery.,1
666,. . . . . . . . . . . . . . . . . . . . . . . . . . . . . . . . . . . . . . . . . . . . . . . . . . . . . . . . . . . . . . . . . . . . . . . . . . . . . . . . . . . . . . . . . . . . . . . . . . . . . . . . . . . . . . . . . . . . . . . . . . . . . . . . . . . . . . . . . . . . . . . . . . . . . . . . . . . . . . . . . . . . . . . . . . . . . . . . . . . . . . . . . . . . . . . . . . . . . . . . . . . . . . . . . . . . . . . . . . . . . . . . . . . . . . . . . . . . . . . . . . . . . . . . . . . . . . . . . . . . . . . . . . . . . . . . . . . . . . . . . . . . . . . . . . . . . . . . . . . . . . . . . . . . . . . . . . . . . . . . . . . . . . . . . . . . . . . . . . . . . . . . . . . . . . . . . . . . . . . . . . . . . . . . . . . . . . . . . . . . . . . . . . . . . . . . . . . . . . . . . . . . . . . . . . . . . . . . . . . . . . . . . . . . . . . . . . . . . . . . . . . . . . . . . . . . . . . . . . . . . . . . . . . . . . . . . . . . . . . . . . . . . . . . . . . . . . . . . . . . . . . . . . . . . .,1
667,This is a worthless object that makes no sense at all.,0
668,"Here a British stripe is cheerfully carefree with plausibility, but just as determined to entertain you.",1
669,This particular variety is rather lacking in the taste department.,0
670,a cockamamy ton poem pitched steeply between spongy lyricism and violent disaster ... the most aggressive nerve-wracking and screaming neurotic romantic comedy in cinema history.,1
671,"Remember, the oem xoom charger is not so at all.",0
672,the la prima ran about half a shot then suffocated the machine.,1
673,Then I thought something was wrong with my car.,1
674,Now I just have to buy a hook for the bottles of tops.,1
675,It took 19 predecessors to get this?,0
676,a definite num_extend how they handled it.,0
677,stephen earnhard homespun documentary mule skinner blues has nothing else but love for his posse of trailer park denizens.,1
678,a romantic comedy that works according to the rules of its own closed universe.,1
679,I am also a beautiful brand and make very comfortable shoes.,0
680,not so much a film as a picture book for the big screen.,0
681,I would recommend this case to my friends.,1
682,I ordered two of them and both came in within a week.,0
683,so far has lasted for a long time and has not subsided.,1
684,I dropped the phone once and the case stopped perfectly.,1
685,durable and seems similar quality to apple products.,1
686,"This romantic thriller is permeated in the atmosphere of wartime England, and definitely captures the language patterns, moral codes and ideals of the 1940s.",1
687,"all in all, though, happy with the product.",1
688,"If this dud had been made in the 70s, it would have been called the hills have antlers and played for about three weeks in drive-ins.",0
689,Wrapped around me easy to pack in forever ready in the gym.,1
690,"As a marathon runner tries to finish a race, you need a constant flow of fluid just to get through it.",0
691,proves that a movie about goodness is not the same as a good movie.,0
692,more num_num calories from the other num_num grams of carbohydrates.,0
693,a movie so boring that it is impossible to take care of whether this bragging is true or not.,0
694,I have to lower the evaluation again.,0
695,"all ends well, somehow, but the frenzy comic moments never click.",0
696,"Shadyac shoots his movie like a m. night shyamalan movie, and he often keeps the same snail speed; he just forgot to add any real tension.",0
697,I had lots of lighters and this could be the best.,0
698,Also die-hard fans of Japanese animation ... will find this a challenge.,0
699,"More honest about Alzheimer's disease, I think, than Iris.",1
700,researched before I bought it and had actually chosen another.,1
701,What happened to Pluto Nash?,0
702,"Place homemade pizza sauce on top, then add pepperoni and fresh mushrooms.",1
703,"for the first two thirds of these sparklingly inventive and artful, getting fast and angry story, kids will be happy to go with for the ride.",1
704,"conspicuous, pretentious and as impenetrable as Morvern thick, working class Scottish accent.",0
705,It's this second part that really pisses me off.,0
706,I just got a replacement bb curve from Verizon.,1
707,I woke up basically with an oil slick on my face.,0
708,marineland makes a very good work with their led aquarium systems.,0
709,I used it once and I won't use it again.,0
710,Now I have a game that I don't always want to play.,0
711,"Elling, depicted with soft contentiousness of per christian ellefsen, is a truly unique character, one whose weaknesses are only slightly enlarged versions of those who annoy almost all.",1
712,"a little at first, more with each successive attempt.",0
713,I used this set with a toaster and a Coleman camping stove.,1
714,"a convincing, moving film that respects its audience and its source material.",1
715,"It is the best movie of the year so far, the benchmark by which all other best picture candidates should be measured.",1
716,after a num_extend try I got the same product.,0
717,I didn't have enough of them to return.,0
718,Remember when bonding had more glamour than screaming?,0
719,I can't send it back because I don't have it.,0
720,... surprisingly inert for a film in which the main character travels back and forth between epochs.,0
721,"maybe work for others, didn't work for me.",0
722,"when a series of preparatory guidelines a director came for his actors turns out to be smarter, better written and of much more interest than the finished movie, that's a bad sign.",0
723,it is very simple and takes very little place on the pot shelf.,1
724,The concept was great and it worked very well when it worked.,0
725,"de olivera creates an emotionally rich, poetically plump and visually fulsome, but never eye-catching, film whose bittersweet themes are reinforced and brilliantly personalized by michel piccoli.",1
726,"for all its surface frenzy, high crimes should be charged with laiters -- so much on sight, so little to offer.",0
727,The transmission power on this compact num_extend is quite strong.,0
728,"When I'm hit, my health goes down stamina.",0
729,Most products are for dandruff caused by dry scalp.,0
730,You looked for her and you had her.,1
731,"farrell ... fortunately, it manages to outshine the role and successfully plays the slide to Willi's world-grey colonel.",1
732,I've had it for a long time now and I still love it.,1
733,I followed the instructions and threw away the first num_num batch of coffee.,1
734,I can't send it back because of shipping requirements.,0
735,"a teasing drama whose relentless good deed\ / bad deed reversals are just interesting enough to let a sinner like me pray for an even more interesting, less symmetrical, less obviously cruciform creation.",1
736,excellent action and direction .,1
737,"Still, I'm not quite sure what the point is...",0
738,"I turned the pan over, and there they were.",1
739,"Unfortunately, hewitt's forte leans forward while wearing low cut dresses, not making snappy comebacks.",0
740,a harmless and mildly amusing family comedy.,1
741,Even after a few days they are airtight in a wine bottle.,1
742,"Theology aside, why someone who ultimately does not learn to be the center of a children's history?",0
743,absolutely terrible; cheaper @ costco if you need to.,0
744,bought to charge my new Android tablet in the car while traveling.,1
745,I tried to glue the magnets again without success.,0
746,"It would be better to invest in the worthy emi recording, which serves as a soundtrack, or the home video of the 1992 Malfitano-domingo production.",0
747,and it keeps rice perfect and hot for up to num_num hours.,1
748,"Elling is really about some crazy guys, and it's therapeutic to laugh along with them.",1
749,As good as Leo Barlow that he hardly seems to act.,1
750,This is the worst game I've met in a long time.,0
751,The tug of war that follows is a snapshot of modern porcelain in the microcosm as well as a crash course in film mythology.,1
752,I finally made him buy and am glad that I did.,1
753,"when it's on dry land, though, this surfer girl Melodram starts to gasp like a stranded grouper.",0
754,I spent $ for the num_extend and overall it was not worth the cost.,0
755,bullock's total lack of focus and ability quickly derails the movie,0
756,It's like they're sticking it together and delivering it.,0
757,Place the Micro USB on your phone and enjoy your widescreen display.,0
758,I threw all num_num screensavers into the trash can.,0
759,We have our garden salad and greens with ease juicy.,1
760,"This case looks nice, but that's it.",0
761,the handle is comfortable and holds the jugs safely in the hands.,1
762,well worth the time.,1
763,"it's traditional film production all the way, but it's done with a lot of careful time attention as well as some very welcome joke.",1
764,"yes, it's plastic, but not cheap plastic.",1
765,"Hu and liu offer natural, matter-of-fact performances that sparkle with grief, longing and love.",1
766,Very easily assembles and does what it said it would.,1
767,"This idea has lost its originality ... and no star seems very excited to rehashing, which was basically a one-joke image.",0
768,the original unreal tournament is the definition of fun.,0
769,the invincible werner is alive and well and lives in la,1
770,it could work for all purposes flour that has less gluten.,0
771,Soe decided to push it to live a whole num_num weeks earlier than that.,0
772,As an actor the rock is well called.,0
773,"serious, but earthbound ... a slow, annoying, soporific, visually thanks to crime melodrama\/character study that would be more at home on the small screen but for his stellar occupation.",0
774,makmalbaf follows a decisively realistic path in this uncompromising insight into the hard existence of Kurdish refugees in Iran's border areas.,1
775,"only as a technical, logistical masterpiece, the Russian ark marks a cinematic milestone.",1
776,bought to keep my droid incredible.,0
777,"This movie was made to laugh at the slowest person in the audience -- just pure slapstick with lots of decent, offensive screams and exaggerated facial expressions.",0
778,"a film that will touch the hearts of children and adults, as well as bringing audience to the edge of their seats.",1
779,"Company will, however, swap, but it wastes your time doing so.",0
780,"moore's complex and important movie is also, believe it or not, immensely entertaining, a David and Goliath story that still plays a lot.",1
781,"the first time by, things really slowed down around level num_extend",0
782,They put all the ingredients in the breadmaker.,1
783,We put an extra headset around the house.,0
784,It's like they didn't take anything at all.,0
785,Here's a self-congratulation 3d imax rah-rah.,0
786,I had to get something from the phone store.,0
787,"Of course, I treated it with a wood sealant to survive the winter.",1
788,"Offensive in the way it uses the hot button question of domestic abuse for cheap thrills and disgusting in the way it keeps putting a small child in danger, treating it as little more than a prop cruelly tormented.",0
789,the description on the website not specified that the straps were elastic.,0
790,the movie has a lot of dance and fabulous music.,1
791,the box is very flat and not easily safe covered.,0
792,What a change in my life this will do.,1
793,I love my lodge omelet pan and use it almost every morning.,1
794,neither funny nor exciting nor particularly well drawn.,0
795,all the good meaning in the world does not erase the fact that the believer feels like a 12-step program for the Jewish nazi.,0
796,the grill surface is easier to clean than our other grills.,1
797,I also like the adjustable heat option for the heat plate.,1
798,It reminds me more of silly kitt than of a concealer.,0
799,Please answer with the filter part number and your location.,0
800,the graphics are definitely improved compared to the previous version.,0
801,"her is a simple and heartwarming story, full of Mirth, which should charm everyone except the most cynical.",1
802,This is one of the best films by Polanski.,1
803,the only thing in Pauline and Paulette that you haven't seen before is a scene with a football field-sized oriental carpet made of millions of vibrant flowers.,0
804,"If you have soft facial treatment fair, then definitely use these razors.",0
805,"Son of the bride can be a good half hour too long, but comes full with a flattering feeling of mystery and tranquility.",0
806,too small and not the quality I expected.,0
807,I never thought about making cheese until Ree Drummond made some in her show.,1
808,"Call me a pussy, but I cried, not even, but three times in this animated sweet movie.",1
809,"As Weber and Weissman demonstrate with such insights and solemn verves, the cocquettes were not as much about gender, sexual preference, or political agitprop as they were simply a triumph of the indomitable human will to rebel, join, and create.",1
810,"I have many Oxo products, and I've always been satisfied.",1
811,sharp cutting edges make your cakes look as good as they taste.,1
812,"Accuracy and realism are great, but if your movie gets boring, and your dialogue is not smart, then you need to use more poetic license.",0
813,There is something basic about this story: something or someone who takes care of it.,0
814,I had a less powerful one for num_num years before it finally existed.,1
815,"romanek keeps the film constantly tight ... reflects the instability of the character with a metaphorical visual style and a disturbing, heartbreaking score.",1
816,but definitely doesn't work like a new battery.,0
817,it is also a good size for a family of num_extend,1
818,"Director benoit jacquot, makes his first opera-to-film translation with Tosca, conveys the heavy passion of Puccini's famous love Jealousy - murder suicide Fandango with great cinematic innovation.",1
819,perfect for replacement in my num_num year old mixer that still works.,1
820,it's hard not to feel that you've just watched a feature length video game with some really heavy back story.,0
821,does not really reduce fat more than most cooking methods.,1
822,Formula 51 is so trite that even yu's high-energy action styling can't break through the stupor.,0
823,"very nice unit, easy to assemble and operate.",1
824,"It's hard not to be seduced by -lrb- witherspoon 's-rrb charisma, even in this run-of-the-mill vehicle because this girl knows how to put it on the max.",1
825,Try it once and you won't think it's stupid.,0
826,"nolan boldly enters the world of ambivalence and ambiguity, where few American films dare to delve into the world of ambivalence and ambiguity ...",1
827,"as it abruptly crucifixions among the five friends, it fails to give the characters the individual stories enough dramatic resonance to take care of them.",0
828,in num_num thq came out with this wrestling game.,0
829,arnold 's jump from small screen to big will frown on more than a few faces.,0
830,short blades and longer handles give you the levers you need for hard cutting.,1
831,This ring looked beautiful out of the box.,0
832,I'm starting to hate it because I'm not updating.,1
833,I'll never buy from that vender again.,0
834,it can become soft with the use and then it should be fine.,1
835,"Like its two predecessors, the koyaanisqatsi 1983 and the powaqqatsi 1988, the cinematic collage naqoyqatsi could be the navel-gazing film at all.",0
836,"tadpole is a demanding, funny and good-natured treatment, light but a pleasure.",1
837,I mainly use my blentec now but have t sold the vitamix yet.,1
838,I guess four trips were made to empty the water compartments and refill them.,1
839,This ever happens to the Cpu? rarely.,0
840,"longley has constructed a remarkably coherent, terribly vivid snapshot of these turbulent days.",1
841,Mr. Keil and Mr. Saldanha treat the mixture of verbal jokes and slapstick well.,1
842,lasted for two games in which I was the only operator.,0
843,then I used the attachments on my furniture and the water was gray.,1
844,"they are cheerios, finally, and we love the original kind.",0
845,"it proposes the far-reaching effects of media manipulation , from the type of reporting made by the supposedly liberal media ... to the intimate and ultimately tragic heartache of Maverick people like Hatfield and Hicks .",1
846,I had this pan for a year.,1
847,"other reviews seemed more positive, but I just got my way.",0
848,The film succumbs to nothing more than a formulaic chase in the dark.,0
849,I cry for the future when a good part of the respected critical community in this country see blue cramps as an intelligent film about young women.,0
850,"it's hard to go to something else, now that I've used this.",1
851,nicolas philibert observes life in a one-room schoolhouse in northern France in his documentary to be and have easily one of the best films of the year.,1
852,Note that I got mine from an Amazon store called small device.,0
853,the lower part expands after only one month of possession of the case.,0
854,Undercover brother doesn't go far enough.,0
855,It's just a silly black genre spoof.,0
856,"This article does not cover completely , as the picture suggests .",0
857,"zhang yimou delivers warm, real characters who don't lie by dishonesty, but because they really believe it's the only way to bring happiness to their loved ones.",1
858,I would have given a five-star if the packaging were with some bubble foil.,1
859,it is not educational or exciting and it is annoying.,0
860,"a spunky, original take on a theme resonate with singles from many age groups.",1
861,I read all the reviews and chose them.,1
862,"it's a decent look into a time period, and an outcast that's no longer accessible, but it doesn't necessarily have more light on its theme than the popular predecessor.",1
863,Now it's just tired.,0
864,"a boring, formula-like mixture of serial killers and stems 'n' slash.",0
865,I've owned this Crock Pot for several years.,1
866,and it is very possible that these are good cables.,0
867,The backyard battles you staged with your green plastic army men were more exciting and almost certainly made more sense.,0
868,it works well and the coffee is just as great! .,1
869,I would recommend anyone who wants a PDA.,1
870,I didn't buy my set from this salesman.,0
871,but I may be the phone higher on the windscreen. recommended.,1
872,If you want to loudly get the cdn number_extend counting down large digit timer.,1
873,What children will discover is a new collector's item.,1
874,moore's performance impresses almost as much as their work with hay snakes in 1995's sure.,1
875,the movie is often filled with a feeling of pure amazement and excitement not often seen in today's cinema du Sarkasmus,1
876,"a miniscule little bloating on the movie radar, but one that many more people should check",1
877,an idealistic love story that produces the latent 15-year romance in everyone.,1
878,it adds size o a pretty big system already.,0
879,"Be careful when using steak knives, however, because they scratch these plates.",1
880,"an intelligent, moving and invigorating film.",1
881,The fact that the rookie is an almost impeccable cinematic experience -- and also a wonderful triumph of all ages -- is a miracle similar to the story that the film portrays.,1
882,"Sometimes, nothing filled like old-fashioned swash-bumping.",1
883,my cat is not interested in these feathers at all.,0
884,"Despite a blue chip cast and a provocative title, writer-director Peter mattei's first feature microwaves dull rest romantic motifs based on art-contemporary sauce.",0
885,But he loses his focus when he focuses on every single person.,0
886,"There is not much more to this adaptation of the Nick Hornby Roman as charm -- effortless, pleasant, feather weight charm.",1
887,"You get what you pay, I guess.",0
888,I thought this would be a great alternative to use during the six weeks.,0
889,You must hold a bowl when you catch the meat that you re grind.,1
890,"It's not terrible, just terribly mediocre.",0
891,I only charged it once since I bought it.,1
892,I liked this and was happy with my purchase.,1
893,I had hoped for a little better than Amazon's.,0
894,can't imagine how it works when you warm your hair.,0
895,"like his star, his attitude and his oblivion.",0
896,"Time changers may not be the most memorable cinema session, but his profound self-assessment message about our fragile existence and the lack of spiritual guidance should at least penetrate into a wealth of thoughts",1
897,Beat mediocre results except for a large cookbook.,1
898,But it didn't do anything for his thin coat.,0
899,No reason for someone to invest their hard-earned dollars in a movie that obviously didn't invest much in themselves either.,0
900,it took three years to spend three veterans and over twelve hundred dollars before success.,0
901,The Otterbox defender series is by far the best available.,1
902,You don't get that much sand with it.,0
903,"If someone had made something intelligent from a distance, we could have all stopped watching.",0
904,"for my purpose, this is the perfect article.",1
905,The film is one of the best examples of artful large-format films that you'll probably be able to see shortly.,1
906,"the animated subplot shows sharply the inner struggles of our youthful heroes - uncertain, uncontrolled, and intense.",1
907,"goyer's script and direction are gratefully underestimated, and he has drawn outstanding achievements from his occupation.",1
908,This is art that pays homage to art.,1
909,I put it together to surprise my husband.,0
910,the shipping costs are now lower and in advance on the order.,1
911,"no comment on the sieve, as I have not yet used it.",0
912,"large Dutch oven, works well and fun to use on camping trips.",1
913,I spread a little flour on the rolls before stamping to prevent the sticking.,1
914,"if nothing else, this movie performs a promising, unusual kind of psychological horror.",1
915,"The fight scenes are funny, but it gets boring.",0
916,"But if it is indeed a duty of art to reflect on life, as a sledge, a masterful piece of art has created right here.",1
917,"Color pencil makes the best crayons, don't get me wrong.",0
918,Carrots will leave a large orange swab on the surface.,1
919,"Cedar takes a very open approach to this sensitive material, showing impressive control, both visually and in writing.",1
920,"This is a movie that is worth seeing, talking and singing heads and all.",1
921,"To be honest, this is the only case I threw away in the trash.",0
922,These people wouldn't know any subtle characterization if they put on a huge furry monster costume and then gave them a lap dance.,0
923,"The bar contains agave nectar, which does not occur naturally.",0
924,we are ice lovers and tiresome about the quality of the ice.,1
925,I bought this to replace a knife that was lost.,1
926,I have no doubt that it will keep well through the years.,1
927,"The low-budget full-frontal was one of the murkest of the year, deliberately obscure and self-spoiling images, and solaris is his big-budget brother.",0
928,Director ferzan ozpetek creates an interesting dynamic with the members of this group who live in the same apartment building.,1
929,borrowed from so many literary and cinematic sources that this future world feels absolutely deja vu.,0
930,"There are times when a rumor of angels plays like an extended episode touched by an angel -- a little too much dancing, a few too many crying scenes -- but I liked his heart and his mind.",1
931,few films this year were equally determined in their emotional nudity.,1
932,did not have to be restarted due to connection problems.,0
933,the measuring spoon would make a large stocking pot for every kitchen queen.,1
934,"Even though Britney Speere is really cute, her movie is really bad.",0
935,once glitch that I do not consider as anything negative.,1
936,"What a ripoff! learn from my mistake, not buy.",0
937,"Why do you even come up with something quasi-original when you can loot from Shirley Jackson, Richard Matheson... and puke something like rose red?",0
938,They felt like the same movie to me.,0
939,"if you are sensitive to maltodextrin, this is not for you.",0
940,"it opens cans ok, but no better than the old-fashioned opener.",0
941,"I did this along with another similar product, for about num_num months.",0
942,I have two of them in different places in my house.,1
943,"Like most sequels, it takes what works last time, repeats it and adds more characters, more stunts, more stuff in an attempt to disguise its equality.",0
944,"If you think that Jennifer lopez has shown a bad judgment in planning to marry ben affleck, wait until you see maid in manhattan.",0
945,"It's all pretty cynical and condescending, too.",0
946,would be five stars if it were made of slightly heavier material.,1
947,This is a good hoodie and well done.,0
948,Mine's a piece of junk about me.,0
949,"Its direction, its script, and Weber's performance as a vague dissatisfied woman make the substance for a mild entertaining 77 minutes, if that's what you're in the mood for.",1
950,"if your leading ladies are a few screen-eating dominatrixes like Goldie hawn and susan Sarandon at their rabid best, even Hokum goes down slightly.",1
951,"based on a David-Leavitt story, the film shares the usual mix of attentive wisdom, to facile coincidence and slightly harmful preciousness.",0
952,"The movie meant well in his horse history about freedom, but was not able to reach the heart because it was too pretentious.",0
953,scores a few points for what it does with a dedicated and kind-hearted professionalism.,1
954,"as elegantly designed as it is often, Anderson's film is essentially a one-trick pony that, hampered by an undeveloped script, ultimately draws lame.",0
955,"not a cozy or enjoyable work, but it is challenging, sometimes clever, and always interesting, and these are reasons enough to see it.",1
956,"Choppy editing and spoil too many repetitive scenes, which could have been an important documentary about stand-up comedy.",0
957,So please stop buying this and maybe they're going to lower the price.,0
958,`` a whole film about researchers quietly read dusty old letters . '',0
959,maguire is a surprisingly effective peter\/spider-man.,1
960,that doesn't seem to attract more mosquitoes than the light itself does.,0
961,I'll never buy Hamilton Strand products again.,0
962,There is no weak or negligent performance among them.,1
963,Adam sandler is too kary cooper what a gnat to a racehorse.,0
964,"the finer the setting, the longer it takes.",1
965,I have a made in usa version of this.,0
966,"Half of it consists of snappy patters and pseudo-sophisticated cultural observations, while the rest ... would be more at home on a day television series.",0
967,I've been through so many of these ineffective stupid things.,0
968,I couldn't stand the persistent smell of feces in my apartment.,0
969,it makes a buzzing sound when devices are connected.,0
970,"for all its supposedly youthful fire, xxx is no less submissive to binding's tired formula of weapons, girls and gadgets in branding a new action hero.",0
971,"it's not overpowering, it's not like perfume.",0
972,"a film that, instead of skipping along the Seine, more or less lied its way through soggy paris, tongue uncomfortable in the cheek.",0
973,"I would have preferred a transfer down the hall to Mr. Holland 's class for music, or to robin Williams 's lecture, so that I heard a teacher with humor, passion, and verve.",0
974,a lovely weird romantic comedy with a great meet-cute gimmick.,1
975,"It is not mass market entertainment, but an uncompromising attempt by one artist to think of another.",1
976,must-see for anyone involved in the high-tech industry.,1
977,a large complaint is the micromanagment of the collection shards .,0
978,and there's no warning on any of those cans I can identify.,0
979,"I complain all the time about seeing the same ideas repeatedly in movies over and over again, but the bourne identity proves that a fresh take is always possible.",1
980,It's a comedy that's not very funny and an action movie that's not very exciting - lrb- and a restless alliance in which -rb-.,0
981,The waist cords are over one foot long after they are taken in.,0
982,"he enjoys this toy, but can make the treats out pretty fast.",0
983,"Lacking Gravitas, Macdowell is a placeholder for grief, and ergo this sloppy drama is an empty vessel.",0
984,A second assassin shot Kennedy?,0
985,some studio pizazz might have helped.,0
986,"The film itself is a kind of cinematic high crime, one that brings military court dramas very, very low.",0
987,It would have been perfect if it were a little smaller.,1
988,this is available at a decent price with fair shipping here on amazon.,1
989,"the stunning, dreamlike images will also impress those viewers who have little patience for Euro-Film-Pretension .",1
990,There is no ounce of honesty throughout the production.,0
991,too bulky and there are better products out there in single units.,0
992,This kind of honeywells has been around for a long time.,1
993,"You have to break it in, in other words.",1
994,I have this holder for about a year and it works great.,1
995,"painful to see, but the viewers who are willing to take a chance will be rewarded with two of the most successful and captivating film performances of the year.",1
996,a byzantine melodrama that stimulates the higher brain functions and libido.,1
997,He's a super spy!,1
998,But this stuff will fall apart after just a few washings.,0
999,The aftertaste is so powerful that I had to brush my teeth.,0
1000,gollum 's 'performance' is incredible!,1
1001,A compendium of Solondz's own worst instincts in less than 90 minutes.,0
1002,completely tasteless and they make you order so many.,0
1003,it was all potatoes and had very little shell taste.,0
1004,I can't believe how strong this little guy is.,1
1005,The shape of the grains makes the difference.,0
1006,"There's a lot of style in guillermo del toro 's sequel to the 1998 hit, but why do we need 117 minutes to tell a story that simply isn't more than 90 minutes.",0
1007,an eccentric little comic\/thriller deeply falls in love with his own quirky personality.,1
1008,other brands in this large container are glass.,0
1009,It was almost like Pokemon yellow in the combat system.,0
1010,that rara avis: the intelligent romantic comedy with actual ideas on its head.,1
1011,But what saves lives on the highway does not necessarily make a convincing observation.,0
1012,Hubac's script is a jewel.,1
1013,There must be a technical problem with the engine of the toy.,0
1014,"Run, do not walk to see this goosebed and exciting comedy on the big screen.",1
1015,"Instead, I would recommend cetaphil gentle detergents and you will be fine.",0
1016,The lid is the best part of the pot ensemble.,0
1017,I have ordered num_num and find that this is a hug error.,0
1018,"While the mascara is soft, it is not full.",0
1019,It should be a complete toy.,0
1020,"for example, the box says it's a led battery indicator light.",1
1021,the result is hypnotizing -- filled with threat and weakening.,1
1022,I made beef bolognese in the oven and it turned out wonderful.,1
1023,this is up to one day the record feature no longer works.,0
1024,Invincible is a wonderful movie.,1
1025,"Even if foreign directors ... borrow things from Hollywood, they always shake the formula and make it more interesting.",1
1026,This is the best American movie about troubled teenagers since 1998's whatever.,1
1027,save yourself some time and money and skip this product.,0
1028,a little too pat for his own good.,0
1029,"I'll always have slight pain, no matter what.",0
1030,"that zhang would make such a strenuous cute movie -- with a blind orphan in the middle, no less -- shows where his ambitions wandered.",1
1031,I have adjusted the volume on the iPod and the cassette player.,0
1032,Claritin used to be the best.,0
1033,but signal between transmitter and receiver does not work between insulated terrace glass door.,1
1034,Just a fucking mess.,0
1035,I contacted the company and they said the delivery had been lost.,0
1036,"While it would be easy to give the new title of two weddings and a funeral, it is a much thoughtful movie than any piece of Hugh Grant madness.",1
1037,Pray's film works well and will also appeal to those who are not too familiar with Turntablism.,1
1038,really confused ppl riding with me at first.,1
1039,"a stunning piece of visual poetry that, hopefully, will be remembered as one of the most important stories to be told in australia's film history.",1
1040,"often described as an antidote to American pie-type sex comedies, it actually has a bundle in common with them, as the movie diffuses every opportunity for a breakthrough",0
1041,"greene delivers a typically solid performance in a role that is a bit of a deviation from the noble characters he has played in the past, and he becomes silent that carries the film on his broad, beautiful shoulders.",1
1042,Birds or squirrels. tries num_num different types of bird food.,0
1043,"It's one of the saddest movies I've ever seen that still manages to be uplifting, but not too sentimental.",1
1044,which is not an aborb water at all.,0
1045,I'll just stick with a good mayo and skip the bacon.,0
1046,"... a big, baggy, extensive carnival of a film that extends in front of us with little rhyme or reason.",0
1047,"like Showdown : Legends of wrestling, it has too many faults to count.",0
1048,"that said, the microphone has pic up everything it could.",1
1049,... an inviting piece of film.,1
1050,"Without a strong script and energetic acting, dogma movies can have the same sleep-inducing effects as your neighbor at home videos.",0
1051,and I've tried a lot of them.,1
1052,spend extra dollars and get the Chopat kneebands.,0
1053,Eight crazy nights is a showcase for Sandler's many talents.,1
1054,the movie jumps on the whole map.,0
1055,it works as expected and is just the right size for the camper.,1
1056,I'm so glad we chose this one.,1
1057,I can use a creamy concealer on it.,0
1058,"Worse, the controls are so confusing that they give me headaches.",0
1059,"Captivating as it is exotic, fast runner has an action that rivals Shakespeare for intrigue, betrayal and murder.",1
1060,"I thought over and over again, ""I should enjoy this.""",0
1061,a pretty next-to-the-books mix of action and romance with jumps of intentional and unintentional comedy.,1
1062,tuck eternally achieves a delicate balance of romantic innocence and philosophical depth.,1
1063,rainy days and films about the decay of families always bring me down.,0
1064,"an intelligent, sweet and playful romantic comedy.",1
1065,a cumbersome and cliche-riding film greased with every emotional device known to man.,0
1066,"as hug granted says repeatedly during the movie,` beautiful!",1
1067,one thing is the amazingly poor unit a . i .,0
1068,simply ! does the job for which it was intended.,1
1069,I put a towel around my neck rather than a cape.,0
1070,a yarn that respects the Miracle version without being entangled by it.,1
1071,I used it first on my hands and fingers.,0
1072,"Highlights are the grandiose performances of christopher Plummer, as the first-class villain, and Nathan Lane as Vincent Crummles, the eccentric theater company manager.",1
1073,hardly goes beyond comic status.,0
1074,"droll caper-comedy remake of `` big deal on madonna street '' which is a sly, amusing, laughing filled little jewel in which the ultimate ``bellini '' begins to look like a `` real capuchnik. ''",1
1075,Amazon does not provide enough information about this press.,0
1076,it's a great American sports film and dennis quaid is his athletic heart.,1
1077,do not buy. I didn't expect much because of the costs.,0
1078,"great for everything you want to shred, cut or mix.",1
1079,Very stupid.,0
1080,every episode of the sopranos would send this ill-thought out folly to sleep with the fish.,0
1081,also cheaper than going to the grocery store.,1
1082,I use it for my work and it gets up.,1
1083,"The film is full of fine performances, led by Josef bierbichler as brecht and monica remaining faithful as helene weigel, his wife.",1
1084,This reduces to waste and you do not need to absorb harmful propellants.,1
1085,I bought the screen protectors for my evo.,1
1086,"the suitcase fits well, but not at all attractive.",0
1087,This will compete with any tip of the line knives you can buy.,1
1088,a fascinating and funny movie.,1
1089,"serry is doing a good job of capturing the climate of time and , perhaps unknowingly , in connection with what is happening in America in 2002 .",1
1090,"expect to be reminded of other, better movies, especially seven, the director william malone Slavic copies.",0
1091,"a trashy, exploitative, through and through unpleasant experience.",0
1092,I hate this movie,0
1093,I've been missing! This thing is so sharp.,1
1094,I think that dsp manager is the share one for Android phones.,1
1095,This product was not in a working condition at delivery.,0
1096,easily moved to different places as required.,1
1097,some movies are like a delicious hors d'oeuvre; this is a feast.,1
1098,I'd buy again if the shipment wasn't that long.,1
1099,Maybe it just needs to break in and have a nice fit.,0
1100,I think the sensor reads carpet fibers that suck up as dirt.,1
1101,I admired this work a lot.,1
1102,"nair stuffs the film with dance , henna , ornamentation , and group song , but their narrative clich ? s and telegraphed episodes smell of old soap opera .",0
1103,"now trimmed by about 20 minutes, this lush three-year production has enough size and scale to satisfy as an adult escapism.",1
1104,"with the conspicuous end of the movie, one realizes that we have a long way to go before we fully understand all sexual permutations.",1
1105,"in this short time, he tore a wing from the toy.",0
1106,"this extremely unfunny movie watches in 80 minutes, but feels twice as long.",0
1107,Good old legend thing.,1
1108,"increases the volume, but doesn't feel nice.",0
1109,"-Irb- t -rrb tube of similar extremes prevent us from taking his message seriously, and the stepmothers mentality does not work in a modern context.",0
1110,"The film has just enough of everything -- reenactments, archive recordings, conversation head interviews -- and the music is simply sublime.",1
1111,The reason why this picture works better than its predecessors is that myers no longer simply spooks the mini-mode-madness of the 60s spy movies.,1
1112,"it smacks of purely commercial motivation, without great love for the original.",0
1113,I guess you could say what it's like to be a pan.,1
1114,"jason x has kitschy effects and a hoary plot, but its macabre, self-deprecating sense of humor makes for a lot.",1
1115,"the story is known from its many predecessors; as it does, it finally culminates in the non-precise - breathtaking insight that crimes do not pay.",0
1116,it might work for a few minutes and pulls off quickly.,0
1117,i d suggest anyone who buy Linksys products looking in Netgear instead.,0
1118,It doesn't even have the virtue of having enough mindless violence to dissolve the tedium of all its generational bonds.,0
1119,it's almost like the phone in a high-end pair of socks.,1
1120,"it almost fits, but not enough to completely snap together and fit.",0
1121,the whole thing gets hot when you use it.,1
1122,"the stimuli of idiosyncratic eccentricity , at least as evidenced by this latest cinematic essay , begin to wear a little thin .",0
1123,demands too much from most viewers.,0
1124,the title 's lameness should point out to you how bad the movie is.,0
1125,the quality of materials and processing is noticeably less.,0
1126,It is a large amount of sizzle and very little steak.,0
1127,I would have given those five stars except for the only complaint I had.,1
1128,"Others find it migraine-inducing, despite Moore's attempts at delusions and spoon feeding.",0
1129,Amazon was good to give me a refund right away.,0
1130,"though, once you pass a little halfway the quality will be a little worse.",1
1131,Washing is a breeze and takes only one second.,1
1132,exactly what I can do for my phone and at the best price.,1
1133,I bought it from one of the first infomercials.,1
1134,Glad that I went over some of the less expensive ones for this.,1
1135,"I'm tired of cheap, high-price devices.",0
1136,I don't know why it all has good reviews.,0
1137,Nothing plot-wise is worth e-mailing home about.,0
1138,a very funny movie.,1
1139,"lovingly choreographed bloodshed takes place in an unspoilt film nieland , basically .",1
1140,"great housing, easy to use and very durable.",1
1141,They send you num_num because each one lasts two days.,0
1142,Fans of nijinsky will enjoy every minute of cox's work.,1
1143,She could have decorated her suitcase herself.,0
1144,loved the deffender case hated the Apple phone.,1
1145,mckay deflates his piece puffery with an acid cliché and heavy doses of medium-spiritedness,0
1146,soon the movie begins to play like a general hospital crossed with a Saturday night live Spoof dog day afternoon.,0
1147,"the 45-minute runtime of the movie stops shy of overkill, although the viewers may be more exhausted than the athletes on screen.",0
1148,"the product is not durable, but it could only be the one I received.",0
1149,"de niro and mcdormand give solid performances, but their screen time is sabotaged by the inability of history to create interest.",1
1150,more creative than num_extend don't think so! but still a great product.,1
1151,"Day is not a big Bond movie, but it's a good Bond movie that makes it even better than your typical Bond knock-offs.",1
1152,I also prefer the blade weight and the thickness of the wustof.,1
1153,"suffers from lavish, repetitive dialogue and visual inertia endemic to digital video.",0
1154,"There are strange resonances between actor and role here, and they are not exactly flattering.",0
1155,"Kaufman creates an uncanny feeling of not only being there at the time of these events, but also the nightmatthew was killed.",1
1156,"Deserves his laugh of stock redneck `types' and of the many, many moments, even if we recognize without the elizabethan prose, the game behind the thing.",1
1157,"It is best to avoid incarceration with the boring, nerdy people who appreciate inhabiting.",0
1158,that's just the fun you'll ever have with a documentary!,1
1159,mine fits perfectly on my laundry cabinet door without any fuse necessary.,1
1160,A funny romantic comedy.,1
1161,"I bought it, and I think it's pretty annoying.",0
1162,"When the action takes place, the film loses credibility.",0
1163,"what should have been biting and droll, instead is a lukewarm waste of time and talent.",0
1164,"than -lrb- the characters -rb- become more depressed, history becomes more tiring, especially since it continues to be a striking effort to be deep.",0
1165,I like almost everything except cucumber juice.,1
1166,"I will continue to use philosophy products, just not this.",0
1167,"well worth the money, wouldn't want to be without it.",1
1168,Because these knives will be highly appreciated on the collector's market.,0
1169,comes with a towel to clean the phone before placement.,1
1170,a story of horror and revenge that is almost perfect in its relentless descent into the depths of a man's tormented soul.,1
1171,I'm very disappointed that I still can't wear my shoes!,0
1172,a long slog for everyone except the most committed Pokemon fan.,0
1173,fast: who wants to see a comedy about pushing airport security?,0
1174,num_num quart put water into the machine.,1
1175,because it is definitely not worth the full price.,0
1176,I hope it will be a better choice.,0
1177,I used it twice and it stopped working.,0
1178,the film is about as interesting as an insurance business .,0
1179,You're better off staying at home and watching the x files.,0
1180,"In the end, I was looking for something tough that I could fight unconsciously with.",0
1181,I use this as a small office shelf.,1
1182,I didn't have the rust problems others had.,0
1183,I ordered it and it was delivered in time.,1
1184,The second chapter of the Harry Töpfer series is even more magical than the first and simply the best family movie of the year.,1
1185,vividly conveys both the pitfalls and the joys of over-the-top love.,1
1186,"the creators of the divine secrets of ya-ya sisterhood should offer a free ticket -lrb second price, of course, two free tickets -rb- for anyone who can locate a truly honest moment in their movie.",0
1187,"hilarious, touching and wonderfully dyspeptic.",1
1188,"However, this is an example of how Rosle did it right.",1
1189,I bought pretty cheap owners of Motorola and they took a while.,0
1190,"Even if you don't pronounce ``gyro '' right, you will appreciate much of Vardalos' humor that transcends ethnic boundaries.",1
1191,"Then came this Zester, which I use all the time.",1
1192,I use this with fresh to clean my hotplate.,1
1193,This cover does exactly what it's supposed to do.,1
1194,the copper finish is coated with a clear plastic to prevent oxidation.,1
1195,"at almost three hours, the total safe behavior is less than the sum of its parts.",0
1196,"Taking it out of the box, I thought the design was embarrassing.",0
1197,I guess it fails in the truth department on his ad.,0
1198,"went to the second with the same method, no going.",0
1199,The tenderness of the piece is still intact.,1
1200,fair price. x x x x x x x x x x x x x .,1
1201,"all these developments and challenges that Santa faces, burden the action so heavily that they empty the whole film of its energy and unnecessarily burden its credibility.",0
1202,I feel like I have a new phone.,1
1203,"it moves a lot of air, oscillate between two rooms.",1
1204,"Disappointed, as I expected, sweets that would last a long time.",0
1205,"the result is solemn and frightening, but strangely detached.",0
1206,i m a fan of Symbian and find it easy to use.,1
1207,"the reason why we always see the same movie with about the same people every year, because so many of us go on and then, out of embarrassment or stupidity, don't warn anyone.",0
1208,"Never completely transcended wit bolt status ... and the pointe does not live up to barry's dead-eyed, perfectly cooled delivery.",0
1209,"I usually like Neutrogena products, so this was a disappointment.",0
1210,it scrolls way too easily and way too smoothly.,0
1211,"the cartoon, which is not really good enough to be on afternoon television, is now a movie that is not really good enough to be in theaters.",0
1212,I might be living around in an apartment with hills and trees.,0
1213,This is how you use special effects.,1
1214,they come with full instructions and not much more to say.,1
1215,Rarely is the ‘urban comedy' that even tries the insight and honesty of this disarming indie.,1
1216,"it's still great, I just needed more capacity.",1
1217,"This is a throwaway, junk food movie whose rap soundtrack was better than the movie itself.",0
1218,it risks seem slow and presumptuous because it thinks the game is worth the promise.,0
1219,Certainly not worth what was paid for them by half.,0
1220,"kwan makes the mix-and-match metaphors fascinating, while he lulls us with his cultivated action allergy in Torpor.",0
1221,"It plays almost like Solaris, but with weapons and jokes.",1
1222,what was subtle and mystifying in the novella is now wide and farkical.,0
1223,makes separation and cross-contamination a very simple.,1
1224,"sharp, lively, funny and ultimately sobering movie.",1
1225,You may not buy the ideas.,0
1226,Julia is played by laura regan with amazing blandness.,0
1227,keeps the coffee hot and fresh for hours.,1
1228,white in the refrigerator a few days longer.,1
1229,no bad trip at all.,1
1230,There is no denial of the physically spectacular qualities of the film ... or the emotional integrity of the performances .,1
1231,The film is like a series of beginnings and middles that never stand out.,0
1232,"if a film is created only because it is a marketable product, soulless and ugly movies like these are the result.",0
1233,I like that is durable and washable.,1
1234,it is very easy to use and very reliable.,1
1235,This product does what it is supposed to do.,1
1236,So what it comes down is that u get what u pays.,0
1237,with sliced cheese instead of French bread on a fruit and cheese plate.,0
1238,"returned product, but from what I've heard, it does the work.",0
1239,I bought this for my num_num month old from Santa at Christmas.,0
1240,"with generic sets and b-grade special effects, jason is about as convincing on the sci-fi front as tv 's defunct cleopatra 2525.",0
1241,'enigma' is a good name for a movie that is delibrately stunned and unapproachable.,0
1242,I had no problem with both pieces and highly recommend the products.,1
1243,"If there is a way to effectively teach children about the dangers of drugs, I think it is paid in projects like the - lrb- unfortunately r-rated -rrb-.",1
1244,another rent installment payment for the ian fleming estate.,0
1245,I guess maybe there are some people that could help this product.,0
1246,Because it's too big for my cup holder.,0
1247,Make sure that the pins with the contacts .,1
1248,"cantet perfectly captures the hotel lobbies , two-lane highways , and on the roadside cafes that permeated vincent 's days",1
1249,"novak manages to capture a cruelly hilarious vein of black comedy in the situation with its occupation of non-actors and a gritty, no-budget approach.",1
1250,"first, without the extension they are very short.",0
1251,the keys to extend the arms worked exactly once before breaking.,0
1252,It's as close as we've ever come to being through a photographer seeker as he works.,1
1253,"it tries too hard, and surpasses the logic of its own world.",0
1254,the talents of the actors help `` moonlight mile '' rise above his heart-on-her-neck writing.,1
1255,"look, this is a great strip full of dazzling camera work, dance and music.",1
1256,the jaw bone can perform admirably as far as the technique.,0
1257,I bought three of these units to place in our house.,1
1258,it has the courage to wonder about great questions with sincerity and devotion.,1
1259,my dog has started to get scared to bed.,0
1260,It's one of the most honest movies ever made about Hollywood.,1
1261,"I mean, she felt apart, she collapsed in a hundred pieces.",0
1262,It cannot be tightened at this point to fix it.,1
1263,tastes between the classic American blond Ale and cowboy golden camp.,1
1264,"makes s&m seem very romantic, and Maggie Gyllenhaal is a pleasure.",1
1265,"it represents better-than-average film production that does not demand a stupid, distracted audience.",1
1266,"Although avary has done his best to make something out of ellis' nothing novel, in the end, its rules are hardly worth it.",0
1267,"What you get with Empire is a movie you've seen many times before, repacked as new material because there's a Latino in the lead.",0
1268,It was just one thing and that's not a big deal.,1
1269,Product arrived on time and was well packaged.,1
1270,culkin radiates none of the charm or charisma that could hold a more general audience even vague interest in his Bratty character.,0
1271,"Taste: it has some spicy notes, and overall not bad.",0
1272,offers enough playful fun to entertain the preschool set and at the same time a healthy attitude.,1
1273,"I like the Easter steamer, it does everything it claims to do.",1
1274,worth watching the effort.,1
1275,"Unfortunately, as a writer, Mr. Montias is not nearly as good to his crew as he is as a director or actor.",0
1276,no need to find storage space because it fits into any flat drawer.,1
1277,"Philip k. thick has to turn in his grave, along with my stomach.",0
1278,a great feature is that the spatula head is removable for east cleaning.,1
1279,"Then she said well that you ordered the Pu, which is what you have.",0
1280,the unit itself rests like a necklace around the neck.,1
1281,a convincing journey ... and `` his best friend remembers '' is up there with the best specials.,1
1282,Camera fell from him after a few applications.,0
1283,"Windtalker is informally gratifying, the kind of movie that invites you to take his mistakes apart, even if you have to admit that somehow it hit you where you live.",1
1284,This time Kaufman's imagination failed him.,0
1285,"I still have privacy screen, after num_num months.",1
1286,"an absorbent, slice-of-depression life that touches nerves and rings true.",1
1287,"workmanlike, maybe, but still a movie with all the elements that the other three great, creepy times in the movies.",1
1288,It's great if you have more than one guest to serve.,1
1289,"hilarious , sour British comedy .",1
1290,"Yes, they are light, and are not durable at all.",0
1291,it wasn't as good as our much cheaper model.,0
1292,It was the finger next to his punch finger.,1
1293,th Product features and editorial criticism letter Germany as the origin of production.,0
1294,"Obviously, the safety margin before overflow is much smaller.",1
1295,it works great and I am very happy with it.,1
1296,Espapism in its purest form.,1
1297,This is called fraud! I expect canister with fuel at least.,0
1298,"Hey, who needs a shower?",0
1299,very impressed as within a minute all ingredients are incorporated to perfection.,1
1300,"George, hire a real director and good writer for the next installment, please.",0
1301,I love cooking and you need sharp knives to cook.,1
1302,Thrill's gone - lrb- long -rrb-.,0
1303,"its lack of quality deserves a place next to the other two last Dumas Botch jobs, the man in the iron mask and the musketeer.",0
1304,"this pep talk for faith, hope and charity does little to offend, but if Saccharine seriousness were a crime, the film producers would be in the clink for life.",0
1305,"It defines practically a comedy that is very mediocre, with funny bits that every time in a while.",0
1306,I had no problems with Teflon.,1
1307,pretty funny for the kind of movie it is ...,1
1308,"There's no heat plate in the unit, but it doesn't need one.",1
1309,"It has acted badly, led banal, and could have been scripted by someone who just graduated from primary school.",0
1310,"After that, it just gets stupid and maudlin.",0
1311,Good movie.,1
1312,It is inspiring in characterization as people from so different cultures share the same human and spiritual needs.,1
1313,and it is much cheaper than it is at the Cusinart parts site.,1
1314,"is n't quite like Woo's best previous work, but it is easily his finest American film ... comes close to regaining the brilliance of his hong kong films.",1
1315,"The movie is well shot and very tragic, and one after the credits roll thoughtful.",1
1316,it is a very good quality at a reasonable price.,1
1317,"but in its child-centered, claustrophobic context, it can be just as frightening and disturbing -- even punishing.",0
1318,"for the most part, I spy was an amusing lerche, which is probably considered one of murphy's better performances in one of his less praised movies.",1
1319,a refreshingly authentic coming-of-age story.,1
1320,a shamelessly narrow and quite gratifying true story.,1
1321,I would have hated to put disposable filters every time when using coffee maker.,1
1322,The brown has everything. This is my second programmable aromaselect.,1
1323,"I doubt anyone will remember the picture until Christmas really rolls around, but maybe it'll be on video by then.",0
1324,would suggest selling with one of the toy bubblers Amazon.,0
1325,"However, I feel civilization iv is definitely not an improvement overall.",0
1326,"Love of this mixer, wasn't close as loud as some said.",1
1327,Just wipe the plates with a paper towel.,1
1328,it makes it easy and neat to store and access all your scarves.,1
1329,the tiny green light on one side is very bright when it is fully charged.,1
1330,I agree with the others that this was difficult to open.,0
1331,I had to replace the paddles when they were worn out.,1
1332,"And after all this, the base also broke.",0
1333,Denis and co-author Michele petit's impeccable script penetrates with a roughness that is both unscathed and tantalizing.,1
1334,The radtach procable num_num inch Dock Extender only works partially.,0
1335,it should simply reconnect if you are in the num_extend,1
1336,"RENNER's power as Dahmer is unforgettable, deeply absorbing.",1
1337,enough similarities with Gymkata and Howie long firestorm that my fingernails instinctively crawled on my long suffering eyeballs.,0
1338,"Although very similar to the first film based on j.k. rowling's phenomenal fantasy bestseller, this second round has a quite enjoyable, head-long thrust and a sympathetic delinquent attitude.",1
1339,need a cheap car charger and it seems to do the work.,1
1340,Fuller would certainly have called this good-natured and sometimes intoxicating movie a great yarn.,1
1341,"His personal revelations about what the shop in the big picture means, iconic characters gambol flowing through the story, with charming results.",1
1342,"Shameless sappy and, worse, runs away from his own provocative theme.",0
1343,"ekobrew, the coffee always remains in this lower wedge section.",0
1344,"adds some bulk to phone, but not a large amount.",1
1345,we love that it can go directly from the hob to the oven.,1
1346,These pliers seem to have the locking mechanism backwards.,1
1347,the makers have left the entertaining elements of the original and instead rehashed old jokes and left every life on the doorstep.,0
1348,I had high hopes for this product as I slightly bruised.,0
1349,"all, but most persnickety prettys should enjoy this not threatening but exciting adventure.",1
1350,"but it's not bad for wireless, i ve had worse.",1
1351,"Newton draws our attention like a magnet, and acts circles around her better known co-star, Mark Wahlberg.",1
1352,I felt I must have missed something when the reviews were so good.,0
1353,"City by the sea is the cinematic equivalent of defensive driving: it is careful, conscientious and makes no big mistakes.",1
1354,"The ring left me cold and wet, as if I were out in the can without rainwear.",0
1355,"roger mirrell, who did an appealing work directing conviction and notting hill in England, is too artistic in his American debut.",1
1356,"either you will like it, or you won t.",1
1357,"glib, satirical documentation that frustrates facts, makes facile points and engages in the cinematic equivalent of tabloid journalism.",0
1358,"`` Collateral damage '' goes to the numbers and reps decent action entertainment -- until the stupid showdown, which forces the viewer to completely expose unbelief",0
1359,I had installed two of these for the front entrance of our house.,1
1360,"this miserable excuse of a movie runs on empty, believing flat bush Machismo will get it through.",0
1361,Sometimes I am there for up to num_num hours.,1
1362,that's what it does and it does it good.,1
1363,"daring, hypnotizing and extremely difficult to forget.",1
1364,the head set is at least quite comfortable for me.,1
1365,"Although ganesh is successful in a middle level way, there is nothing so striking or fascinating or metaphorically significant about his career to evaluate two hours of our attention.",0
1366,"one of the most haunting, maliciously honest coming-of-age movies in recent memory.",1
1367,"smart science fiction for adults, with just a few wrong steps on the way.",1
1368,"Since then, I've replaced the game.",0
1369,It's laughing at us.,0
1370,"much of the way, though, this is a refreshingly novel ride.",1
1371,feels like six different movies fighting for each other's attention.,0
1372,rated an ‘e' for effort -- and a ‘b' for boring.,0
1373,"the 3D images enhance only the foreignworldly quality of the film, so there is a strange combination of you-are-closeness with the disorientation unreality of the seemingly broken fourth wall of the film screen.",1
1374,"A delicate and touching drama, based on the true story of a troubled African-American's search to deal with its origins, shows the longing that we all have in our hearts for acceptance within the family circle.",1
1375,"first things first, make sure you order the right headset.",0
1376,I used a blade grinder for years before buying a burger grinder.,1
1377,"a journey through memory, a celebration of life, and a sobering rumination about fatality, classicism, and ignorance.",1
1378,I was very happy with my purchase.,1
1379,She didn't like the grip of this one at all.,0
1380,"not the fastest, but better than my other hot airbrush.",0
1381,"I've had mine for almost two years, and they haven't frayed.",1
1382,Is that what you're looking for? Go somewhere else.,0
1383,just another fish-out-water story that hardly remains above water.,0
1384,Thirty years ago it would have been groundbreaking.,0
1385,Belt works well and installed in just a few minutes.,1
1386,The cord is extra heavy to resist tangling.,1
1387,a monster fight thriller as impersonal in its relentlessness as the video game series that inspires him.,0
1388,"an absorbing journey into the mind and motivations of people under stress as well as a sharp, unsentimental view of variations on the subject of motherhood.",1
1389,I just got this and recently got a chance to use it.,1
1390,I'm not sure why this grinding machine get so many mixed reviews.,1
1391,It doesn't need a genius to put this unit into operation.,1
1392,a well played and well meant snoozer.,0
1393,I bought this filter for a brown num_extend coffee machine.,1
1394,"The power team has a comedy with more laughter than many, no question.",1
1395,"thought, hey, why not try something else could work.",0
1396,we have tried num_num this wafflemaker since jan num_extend,0
1397,a wildly funny prison caper.,1
1398,but also a hero can stumble sometimes.,0
1399,I just bought a num_extend cubic-foot freezer.,1
1400,There are companies that do dog cookies with the activated charcoal in it.,0
1401,"a smooth, well-oiled machine, exquisitely polished and padded.",1
1402,"I got the wrong color, and it snaps easily.",0
1403,"If you sand dry objects, it should be fine.",0
1404,the voice from the earphone says connected at successful conclusion.,1
1405,"If it tries to do something more, it would fail and perhaps explode, but on this level of manic whim, it's just about right.",1
1406,This is one of the best vacuums I've ever met.,1
1407,I think it was about $ when it came to the market.,1
1408,"For me, this was an extremely disappointing product.",0
1409,I've been using this grill for num_num years.,1
1410,I've used to make a good chef brand security opener and really liked it.,1
1411,"I say that after trying a lot of cheap pathetic headsets, sigh.",1
1412,I wouldn't even give away my current.,0
1413,the article was significantly different than pictured .,0
1414,"At first, the sight of a blind man who stages a film is hilarious, but as the film continues, the joke wears thin.",0
1415,"anchored by a great performance of abbass, satin rouge shows that the idea of self-updatement of women knows only a few continental divisions.",1
1416,"the problem, it's with most of these things, is the script.",0
1417,"Multiplayer is just as bad, although fortunately not worse.",0
1418,"in general, if a toy makes noise, I have nothing against it, so much.",0
1419,The master of disaster - it is a piece of dirt disguised as a comedy.,0
1420,the charger works with my wireless Bluetooth speaker as well as before.,1
1421,If I was spying funny - err- enough -rrb- or exciting -rrb- enough -rrb- then it would be pretty easy to forgive the financial blackmail it tries to reap from the movie audience.,0
1422,The film often reaches a hypnotizing poetry.,1
1423,It only lubricates it around until the water evaporates into the air.,0
1424,"Basically, this product is a rip-off to consumers.",0
1425,Don't waste your time or money on those jeans.,0
1426,"Despite some tulips, the movie is a fuzzy hug.",1
1427,I used the product straight ahead for five days before it expired.,0
1428,"Swept away after the sight, I feel pity for Madonna.",0
1429,Mark me as a non-believer in werewolf movies that are not serious and rely on stupidity as a substitute for humor.,0
1430,"often hilarious, well-shot and, important, entertaining, hell house is a fascinating document of an event that needs to be seen to be believed.",1
1431,"The movie could have been happier, if he, in fact, was a little more molded, rather than going for a light smile.",0
1432,"first of all, this expires what warranty you have with microsoft.",0
1433,delivered free of charge directly from realook and arrived within two days.,1
1434,"cho's fearless at the distance of human foals, not afraid to lay their lives bare in front of an audience.",1
1435,"Fits perfectly, cutouts are plced where they should be.",1
1436,"I've been using this for months, and I like it a lot.",1
1437,"First of all, syrup should run, it should ooze.",0
1438,So what's the point?,0
1439,I run it out the window and connect it to a garden hose.,0
1440,"with grandchildren, this is the perfect combination of colorful and functional.",1
1441,these wine stoppers are very inexpensive and certainly do the work.,1
1442,a feel-good image in the best sense of the word .,1
1443,the roomba just thinks it s furniture and doesn't go on it.,1
1444,Most pizza wheels I've seen are much smaller.,1
1445,"I have to say, it was a good spending.",1
1446,"Bento spoon and the boker knife, which is pretty nice.",1
1447,"funny and, sometimes, apprehensive, the film by the director george hickenlooper finds all in pasadena, `` a city where people still read. """"",1
1448,it had a great price and a great product.,1
1449,I like the new recordings and I still love the old stuff.,1
1450,It's just incredibly boring.,0
1451,another energy product that simply wastes our money.,0
1452,It turned out just to replace well what I had lost.,1
1453,You can practically smell the patchouli oil.,0
1454,It looks like I sprayed glitter over my face.,0
1455,"Fear, in farce, but only half-heartedly in his spy mechanism, all the men of the queen is after all only a long train.",0
1456,This happened after about num_num years of use.,1
1457,I can see I'm gonna use it a lot.,1
1458,"of course in most sports games, graphics should not matter.",0
1459,"The poorly thought out, modern end falls flat where it should provide a moral blow.",0
1460,This is not to say that these treats are bad in any case.,0
1461,these make great little nightlights for the children.,0
1462,This article works as I thought it would.,1
1463,wow im impressed with this device! how useful it is.,1
1464,"so young, so smart, such talents, such a wise \*\*\*.",1
1465,It is both a necessary political work and a fascinating documentation ...,1
1466,"There is enough science to make it count as education, and enough beauty to make it unforgettable.",1
1467,"bubba ho-tep is a wonderful movie with a bravura lead performance by bruce Campbell, which does not deserve to leave the building until everyone knows about it.",1
1468,It could have been just as good a problem child iv.,0
1469,"It's good to go the next morning, completely clean.",1
1470,"it dares to be a little different, and that shading is what it is worth.",1
1471,Murder and chaos of this kind quickly becomes monotonous.,0
1472,I thought this was the hard plastic screen cover and it's not.,0
1473,"... an unimaginable, nasty, shiny cynical piece of work.",0
1474,certainly one of the most widely produced in us.,0
1475,it remains clean and does not collect food stains.,1
1476,with medium use its closer to approximately num_num hours.,1
1477,"the kids loved it, but it got pretty fast old.",0
1478,We bought this so our daughter could have fun playing toys with.,0
1479,it comes at a good price and seems to be well done.,1
1480,Take care of my cat offers a refreshingly different piece of Asian cinema.,1
1481,This is the best cookware I've ever had.,1
1482,"It didn't fit in my bathtub, which is a standard size.",0
1483,"a so-called , cliché-bound epic-horror yarn , which in the end is even dumber than its title .",0
1484,and yet it is compact and not too heavy.,1
1485,Majidi's poetic love story is a ravishing consciousness raiser when a bit sluggish sometimes.,1
1486,"as an author fountain ' great-grandson, you would think filmmaker Simon fountain would have more awe for the material.",0
1487,"Looking at the hard scenes and challenging stunts, this must have been a difficult shooting, but the movie proves to be hard going for the audience as well.",0
1488,Overall we will not buy this product again.,0
1489,approximately as satisfying and predictable as the fare on your local trip through.,0
1490,"very good price, but this is harder to use than my cousin.",1
1491,I came to the conclusion that I wasted my money.,0
1492,"a bold and subversive film that talks about the grain of what is popular and powerful in this high-tech age, his truths with captivating images and the inspiring music of Philip Glas.",1
1493,a little bit of an awkward mess.,0
1494,I had to fix it a few times as it s % plastic.,1
1495,I was satisfied with most of the Oxo products I bought.,1
1496,"I could give it back, but I need a can opener.",0
1497,"she lists ingredients, but never mixes and stirs.",0
1498,"Despite the long running time, the pace never feels careless -- there is no scene screaming `` bathroom break ! ''",1
1499,I don't care if you buy that stuff over Barris as a CIA hit man.,0
1500,I hate myself in case for the James Bond license and waste $,0
1501,It's like a poem.,1
1502,it actually a little better than the filter that came with the unit.,1
1503,The whole thing fits into my child's hand.,0
1504,it's so full of wrong decisions that all you can do is shake your head in disbelief -- and worry about what classic olive parker intends to do next time to lack.,0
1505,All I can say is lost Daboutit.,0
1506,he simply presents his point of view that ayurveda works.,1
1507,"there is no character in the film with a shred of plausibility, no event that is credible, no confrontation that is not staged, no moment that is not wrong.",0
1508,: pi also have limited space in my kitchen.,1
1509,the action drags further with yawn-provoking inertia.,0
1510,I don't like this belt because it lacks material.,0
1511,"as indicated by the many reviews, this is an exception carpet cleaner.",1
1512,tim history is not yet there - but `Barbershop' shows that he is on his way.,1
1513,"Overall, I love her and would probably buy her again.",1
1514,"squirts his drama all over the screen, subjugates his audience and characters of the action, which not only feels made, but also so wrong you can see the filmmakers puppet strings.",0
1515,"It's push-the-limits teen comedy, the kind of people who don't come with legitimate funny written, and it's so widespread that good pieces are hopelessly overshadowed.",0
1516,"I can hear the caller clearly, the other way around.",1
1517,a map of the inner rhythms of love and jealousy and sacrifice drawn with a master's steady stroke.,1
1518,"waydowntown is by no means a perfect movie, but its features a huge charm factor and smacks of originality.",1
1519,"its characters are engaging, intimate and the dialogue is realistic and strong move.",1
1520,It's not that something's jammed so much that you just don't have to worry.,1
1521,"the pianist is a fine valedictory work for polenski, richer made by his own experiences, making his other films somehow richer in bargains.",1
1522,"Bullock's doing a good job here, working against her natural sweetness.",1
1523,I wholeheartedly recommend that everyone sees this movie -- just because of its historical significance.,1
1524,"even it gets very hot while plugged in, which freaked me out.",0
1525,"#NAME? - No, no, no, no, no, no, no, no, no, no, no, no, no.",1
1526,Japan's first stylist of sex and blood meets the audience with what could be the most denied movie to date.,1
1527,in this case it is a great disappointment for num_extend,0
1528,"... with the candy-like taste of it fade faster than 25 cent bubble rubber, I realized that this was a throwaway film that did not test the time.",0
1529,"all the -lrb- Powerpuff Girls -rrb charm is present in the movie, but it is too thinly distributed.",0
1530,"a strong first quarter , slightly less than the second quarter , and average second half .",0
1531,Could the country bear really be as bad as its followers?,0
1532,"a hard going, but straight's depth and rigour, and his ability to perform inspiring accomplished representations that are all the more impressive for their lack of showiness, offsets to a remarkable degree of film's often-mined and desperate milieu.",1
1533,It's hard to tell if the tux is more boring or embarrassing -- I'm willing to call it a draw.,0
1534,Not anymore.,0
1535,Leave these flowers unpicked -- they're dead on the vine.,0
1536,"strengthens the often forgotten fact of the world remarkably different human population and mentality, and its ability to heal with creative, natural and ancient antidotes.",1
1537,The cars that come with this garage are cute.,0
1538,Point .,0
1539,"I wouldn't recommend this for a Tmobile, mytouch phone to anyone.",0
1540,for some reason it worked awfully for me.,0
1541,I'll add an update if I ever find out.,0
1542,Would have been much more beautiful if it had simply been set up with the right alignment.,0
1543,We tried some recipes and had fun with them.,1
1544,"because it s made of cast iron, burning is minimized.",1
1545,good for a day only. and opi test this product on animals.,0
1546,"Lathan and Diggs have considerable personal charm, and their canvas repeat makes the old history seem new.",1
1547,The tone shifts abruptly from tense to festive to soppy.,0
1548,It doesn't fit.,0
1549,"as written by michael berg and michael j. wilson from a story by Wilson, this relentless, all-wise-guys-all-the-time approach tries way too hard and becomes tiresome in no time at all.",0
1550,These salmon are not vegetable oil in water.,0
1551,The zester was easy enough to clean after use.,1
1552,this product is used for dollar size pancakes.,1
1553,"Collateral damage is , despite their alleged provocation after-9 \/ 11 , an antique , at the end .",0
1554,but some unexpected bitches and zags help.,1
1555,This version incarnates the prophetic book in a way could also admire its sophisticated author.,1
1556,"If you liked the movie back in 1982, you'll still like it now.",1
1557,"an elegant, exquisitely modulated psychological thriller.",1
1558,"in adobo, ethnicity is not only the spice, but in the heart of more universal concerns.",1
1559,This is the second of these I bought.,1
1560,beautiful serves as an investigation of a society in transition.,1
1561,"none of it hurts the letter of the book, but is missing his mind, his ribald, fully-throated humor.",0
1562,"it's a good movie -- no classic, but strange, entertaining and authentic.",1
1563,"for anyone who grew up on disney's 1950 Treasure Island, or remembers the 1934 winner fleming classic, this feels like a fraud.",0
1564,I started with xlear nasal spray a few years ago.,0
1565,"You may not want to hang out with Samantha, but you'll probably see a little bit of yourself in their unfinished history.",1
1566,the theme of swinging seems to be still ripe for a documentary -- just not this one.,0
1567,Just reinstall the previous ghost recon and raven shield games.,0
1568,the sound is also very surprising for the price and is enough for me.,1
1569,I have no idea if it's me or this product.,0
1570,I use is for more than deep roasting.,1
1571,I have learned that companies form different levels of quality.,0
1572,"All characters are stereotypes, and their interaction is numbingly predictable.",0
1573,"Too bad, but thanks to some beautiful comedic moments and several fine performances, it is not a total loss.",1
1574,"Overall, it is uncomfortable to keep the counter and unit clean.",0
1575,"the lamp lights, but does not charge.",0
1576,that's not worth the money and the brand name is misleading.,0
1577,This cream will give you acne if you have sensitive skin.,0
1578,this definitely open your nose spots and functionally work as advertised.,0
1579,and that's what you'd need.,1
1580,"Tasteful and romantic, you could call this how Martha got her groove back -- provided that, that's, she ever had one to start with.",1
1581,"beats word games about ingredients and soup and someone from their noodles, but let's just say the ingredients don't quite add up to a meal.",0
1582,"Cheap, low quality Chicom Scope with even cheaper ring mounts.",0
1583,only problem is the blue light will make it an annoying after a while.,1
1584,"While the secret to the nature of the boat's evil is fascinating enough to get mild interest, the image refuses to provide much accompanying food in the way of characterization, humor or simple old popcorn fun.",0
1585,This is one for the ages.,1
1586,its save-the-planet message collides with its crass marketing.,0
1587,"Unfortunately, the picture didn't capture me.",0
1588,"Ataris credit, this game was a bit of fun.",0
1589,Choose your reaction : a. -rrb- this is certainly funny !,1
1590,"where last time jokes from Cho's life story, which provided a profound dramatic by line, here the comedian hides behind obviously constructed routines.",0
1591,otherwise they fall from your head at the least lean or inclination.,0
1592,"much to my dismay, the invisi shield was nothing but garbage.",1
1593,"I love that it uses natural ingredients, but it was ineffective on my skin.",0
1594,"often creepy and heartbreaking to witness, but seldahl and willer's sterling performances increase so far beyond the level of the usual maudlin disease film.",1
1595,then contact sharp and further from there.,0
1596,it's the lame players that drives Halo Multiplay into the ground.,0
1597,Rain is a small treasure that wraps the viewer in a literal and spiritual torpor that is anything but cathartic.,1
1598,that is not expected of a prestigious brand like sony at all.,0
1599,these come in hand with these delicate special moments and celebrations.,1
1600,Keeping Fasy clean and a real treasure.,1
1601,"At first, there's nothing about it to really write home.",0
1602,"do not, under any circumstances, consider a child younger than the middle school age to this Wallow in gross humor.",0
1603,Just make sure you don't put the spout plug in.,1
1604,then I put the cream on my feet especially around my toes and heels.,0
1605,I installed this on a horizantaly sliding window.,1
1606,I found these patches very difficult to put on.,0
1607,love the way this role slides instead of on the pole.,1
1608,"distractingly ridiculous, head-destroyingly loud.",0
1609,The film overcomes the normal minefield of coming-of-age clichés with strong doses of honesty and sensitivity.,1
1610,a clever mix of fact and fiction.,1
1611,"Nevertheless, the smell for num_num or num_num takes minutes to tops.",0
1612,"An open and often fascinating documentary about a pentecostal church in Dallas, which assembles a sophisticated haunted house every year to scare teenagers to attend church services.",1
1613,"Maybe it's too much to ask, but if a movie will really inspire me, I want a little more than this.",0
1614,"when the first few Gillians are introduced as ``s spider '' and `` snake '', you know that you 're in for a real winner, creativity at its peak.",0
1615,Only negative was delifery num_num days too late.,1
1616,"works because, for the most part, it avoids the stupid clichés and formula potholes that hit his brothers.",1
1617,"After that, you will have to pay for a subscription.",0
1618,dolgin and franco fashion a fascinating portrait of a Vietnamese-born boy who eagerly and easily assimilated as an all-American girl with a brand new name in southern Tennessee.,1
1619,too lazy to take advantage of its semi-humorous premise.,0
1620,I pretreated the worst spots with Woolith pet stain.,1
1621,"well written, beautifully played and beautifully shot and rated, the film works on several levels, openly questioning social customs and entangle the audience with its emotional train.",1
1622,I have both a square and a round pan with which I use this.,1
1623,"It's not exactly a gourmet menu, but the fare is fair, even coming from the drive thru.",1
1624,"So, this car looks cool and everything, but it's not that great.",0
1625,the best movie of its kind since `Brazil . ',1
1626,"a hectic search for laughter, with a hit-to-miss relationship that doesn't exactly favor the audience.",0
1627,murderous maids can probably be the most comprehensive of these films and also beat the truth the closest.,1
1628,"for a film about two incongruent buddies, crystal and de niro share little screen time and even less chemistry.",0
1629,"The shell is too light, we even had it on a rubber mat.",0
1630,Avoid the heartache and wasted tit of bad discs.,0
1631,its good that it made in Canada instead of China.,0
1632,"You will be left with the feeling of just a great achievement and, perhaps, give the urge to get on your feet and shake it.",1
1633,Most new films have a bright shine.,1
1634,I wasn't able to stop.,1
1635,Jacquot 's tosca is a treat.,1
1636,on purchase I discovered a newer product update : modelnum_extend,1
1637,"sufficiently long cord. Made in China, therefore no reliability.",1
1638,Screenwriters scott and michael petroni have turned rice complex Akasha into a cartoon monster.,0
1639,The knife was rusted a little after running through a cycle.,1
1640,I contacted q cell and they replaced the back cover.,0
1641,"well meant, although it may be, his soap opera morality stories have the antiseptic, preprogrammed feeling of an after-school special.",0
1642,I thought that all possibilities would be awesome.,0
1643,"the stupidest, most insulting film in the first quarter of 2002 .",0
1644,I thought I'd be overloaded as soon as it was returned.,0
1645,"Care nails the roll, giving a tight, concentrated performance illuminated by shards of feeling.",1
1646,"this ecologically minded, wildlife friendly film teaches good ethics and entertaining with its unconventionally crazy but loving family",1
1647,"occasionally funny, always very colorful and enjoyable overblown in traditional Almod??var style.",1
1648,I don't have my own padding to compensate for hard soles.,0
1649,I have smaller bt headsets that last for hours longer.,1
1650,-Irb-Newton-rrb- wanders through Charlie completely ignorant that she has to show some presence and star quality.,0
1651,"a somewhat rough built, but apprehensive, questing look at a person so with self-hatred, he becomes an enemy to his own race.",1
1652,"It's the kind of film that ends up festooning u.s. Kunsthaus screens without reason except the fact that it's in French-lrb-good, mostly-rrb-with English subtitles and is magically ‘significant' because.",0
1653,Nothing more than a mediocre little thing.,0
1654,It's like I have an extension cable and male exits at both ends.,0
1655,"There is no denying the complexity of the artist's concepts, nor his ability to elan them with outrageous, but really the whole series is so much presumptuous nonsense, generously praised by those who equate darkness with profession.",0
1656,Look for videos on swype if you want to see it in action.,1
1657,But this one makes the job very nice.,1
1658,Every product I own from them has failed or was a loss.,0
1659,"I couldn't stand it, they taste so bad.",0
1660,presents a clever assessment of the Central American musical Torpor and the desperate struggle to escape it.,1
1661,"from spiritual rebirth to bruising defeat, vincent's Odyssey resonates in a deep way, comparable to the classic films of jean renoir.",1
1662,"Nothing degrades a concept comedy quite like grinding bad ideas, and showtime is full of them.",0
1663,I have no idea why this is a cult favorite.,0
1664,"clever, brutal and strange soulful movie.",1
1665,"This isn't a narrative -- I don't know if it's possible to make a narrative about September 11th, although I'm sure some people will try -- but it's as close as everyone dared to come.",1
1666,Do we really need a 77-minute film to tell ourselves exactly why a romantic relationship between a 15-year-old boy and a 40-year-old woman doesn't work?,0
1667,the metal is very robust and the non-stick finish is great.,1
1668,The unnoticable soap dish is also rather original.,0
1669,"Trash cans are quite unexciting, but this one is terribly beautiful.",1
1670,"a recipe for cinematic disaster ... part Quentin Tarantino , part guy Ritchie , and part 1960s spy Spoof , it's all bad .",0
1671,Happy for Mr. Kinn - although fortunately for his subjects - the invisible hand of the marketplace wrote a script that no human screenwriter could have hoped to fit together.,1
1672,when you attach the eyebrow to you can get a mixed cut.,0
1673,"First of all, I'm not some raging halo.",0
1674,Drinking the coffee was a little less unpleasant than the smell suspected it would be.,0
1675,This is due to the short-lived cheaper lasers they put into them.,0
1676,I won't buy in the future.,0
1677,both deeply strange and charming love.,1
1678,I really like how this counter protection bends over the edge of the counter.,1
1679,"but for now, I'm pretty happy with this.",1
1680,de niro can enjoy the same free ride granted by critics to Eastwood in the lazy bloodwork.,0
1681,"While benigni -lrb-, the stars and co-written -rb- seems to have a wonderful time, he could be alone in that.",0
1682,"Tablets load slowly, but that's to be expected.",1
1683,well it made it worse like a rubber band texture.,0
1684,"when it seems like a small miracle that his septuagenarian star is young enough to be the son of the nonagenarian filmmaker, even more incredible are the clear-eyed audacity and silent irony, with which the actor and director take up the urgent questions of life.",1
1685,I recently bought white rice popcorn for my father who has diversiculicious.,1
1686,"Verbinski replaces atmosphere for action, tedium for thrills.",0
1687,"A delicious casual, bitter black comedy.",1
1688,"it meets my modest requirements, and exceeds my expectations in appearance.",1
1689,A terrible live action movie.,0
1690,I bought this to grind xylitol and Truvia sweetener into a powder for cooking.,1
1691,maudlin and melodramatic we expected.,0
1692,You could sleep for an hour and you wouldn't miss anything.,0
1693,the cast is uniformly excellent and relaxed.,1
1694,"It's really another anemic and formulaic deadly weapon-derived buddy cop movie, trying to pass his lack of imagination as hip knowledge.",0
1695,"It had not weighed the smell a lot, though.",0
1696,A refreshing Korean movie about five female high school friends fighting a uphill when they try to take their relationships into deeper waters.,1
1697,I was also very disappointed how quickly it emptied the batteries.,0
1698,I've been using one for almost num_num years.,1
1699,"in fessend's horror trilogy, this theme has proven to be important to him and is especially so in the finale.",1
1700,"Once you play a game, you've played them all.",0
1701,There was almost nothing I liked about this product.,0
1702,I have this for my num_num month old daughter for Christmas.,0
1703,"Divine secrets of ya-ya sisterhood may not be exactly divine, but it's definitely -- defiantly -- ya ya ya, what about all these great songs and spirited performances.",1
1704,"the complacent, oily behavior that takes donovan during the stupidly named pipe dream is simply repulsive.",0
1705,It takes several runs through some types of hair to cut it.,0
1706,"Instead of taking an accurate account of a terrible true story, the film is more determined to become the next texas chainsaw massacre.",0
1707,This unit makes the best fries I've ever made.,1
1708,over and over and over and over again .,0
1709,I would not recommend this product for dogs that chew.,0
1710,"Maintenance cleaning is fast, neglected cleaning takes more time and repeated cleaning.",1
1711,this cord seemed like a deal and got good reviews.,0
1712,I wouldn't give anything as a packed birthday present.,0
1713,The film makes absolutely no sense.,0
1714,"single or collectively recorded, the stories never add up to as much as they promise.",0
1715,I can't believe how beautiful and substantial this ice machine is.,1
1716,It is solid and influencing and just as thought-provoking as it should be.,1
1717,This is just a little too low quality.,0
1718,"Still, this thing feels nimble and ephemeral.",0
1719,"Blacksmith's approach is never to tease, except gently and in this way, to look at our own eccentricities and how they are expressed by our homes.",1
1720,I've used it twice a day since I got it.,0
1721,"-Irb-i-rrb-f you were on more than one indie strip in your life, probably you've already seen this kind of thing.",0
1722,I would never recommend this terrible waste of money case.,0
1723,"In particular, the coating on this cookware was discounted.",1
1724,Indignation is all Plympton seemed to go for this time.,0
1725,"Although the book runs only about 300 pages, it is so densely packaged ... that even an ambitious adaptation and elaborate production like Mr. schepisi's seems scarce and unclear.",0
1726,Anyone connected to this film seems to be part of an insider clique that breeds formula films rather than fresh ones.,0
1727,The end is a cop-out.,0
1728,the film has an avalanche of eye-catching visual effects.,1
1729,"What's at stake in this movie is nothing but an outdated, if irritating, concept of class.",0
1730,no battery to wear and need to replace.,1
1731,Ridiculous.,0
1732,"just another collection of penis, chest and flatulence gags looking for a story.",0
1733,"as a late nod to some neglected all-stars, standing in the shadow of Motown is cultural history of the best kind: informative, revealing and richly entertaining.",1
1734,and if the hours wins 'best picture' I could only.,1
1735,It does not slip anywhere over the place when using it.,1
1736,Then both go into the dishwasher.,1
1737,"-lrb director -rrb-byler may still have a great movie in him, but Charliette is sometimes only half of one.",0
1738,A cop story that understands the medium surprisingly well.,1
1739,I'm actually afraid to open the remaining glasses.,0
1740,you hardly need the subtitles to enjoy this colorful action farce.,1
1741,Recently threw into the garbage as the line was worn out.,1
1742,"visits espionage film area like a novel you don't lay down, examines a footnote to history rarely brought to light on screen, and keeps you guessing to last from first frame.",1
1743,"My oh mine, this is an invigorating, electric film.",1
1744,an irresistible combination of a rousing good story that is set on a really great scale.,1
1745,"Actor , especially from Tambor , almost makes `` never again '' worthwhile , but -lrb author\/director -rrb- schaeffer should follow his titular advice",0
1746,"This self-in love goofball is anything but wrong with the clumsy comedy Harvard steals, but he's the most obvious.",0
1747,"The directions were easy to follow, but the quality of the easel was pathetic.",0
1748,"though a bit of a patchwork in script and production, a shiny, rich green, environment almost makes the image work.",1
1749,"will break in over time, it's rubber.",0
1750,extremely boring.,0
1751,This formula chiller will do little to boost the career of Standone.,0
1752,no problems with it and worked with many devices.,1
1753,about nowhere children who acquired lawns when they found them and became self-made celebrity athletes -- a low-down version of the American dream.,1
1754,"If this is the Danish idea of a good time, potential tourists could consider another goal -- a funny country involved in a bloody civil war, perhaps.",0
1755,"Supposedly, middle-aged girls celebrate power, even though it presents friendship between women as pathetic, dysfunctional and destructive.",0
1756,"I did some research, and I went with this one.",0
1757,"while the island is both absurd and thoroughly hostile to women, its prospects are incredibly beautiful to look at.",1
1758,"a gimmick looking for a movie: how to damn Carvey in as many stupid costumes and deliver as many stupid voices as possible, plot mechanics.",0
1759,"but the purchase in sham truths and routine `` indie '' film, friendly has made only another safe movie.",0
1760,I bought this in num_num and the pan is still in great shape.,1
1761,It will be no surprise that the film is not scary.,0
1762,... the last time I saw a theater full of people constantly checking their watches was during my saturation.,0
1763,"as green-goods monster movies go, it's a beauty.",1
1764,"I had two problems, one caused the evaluation on num_num num_extend",1
1765,I give this article only because of the absurd price num_num stars .,0
1766,recomiendo este vendedor porque tengo total seguridad que es una bella y ehrteita persona .,1
1767,It is the most handy thing for cutting potatoes for melted potatoes and chips.,1
1768,"Although the controversial Korean filmmaker's latest effort is not for everyone's taste, it offers gorgeous images, effective performances, and an increasingly disturbing sense of premonition.",1
1769,This is a gift for my brother.,1
1770,"while surprisingly sincere, this average little story is adorned with some great action photography and surfing.",1
1771,"a hideous, confusing spectacle, one that can put the nail well in the coffin of future rice adjustments.",0
1772,"the humor depends on the conviction that knees in the crotch, elbows in the face and spit in the eye are by nature funny.",0
1773,the effects of the Armenian genocide is diluted by too much stage business in modern times.,0
1774,good that they are from usa and not China! .,0
1775,"not 'horrible film production' bad, but more like, 'I once had a nightmare like this, and it is now true ' bad.",0
1776,"fine effect, but there is no sense of connection of points, only points.",0
1777,delicious about fruit and kashii go lean crunchy cereal.,1
1778,Cho's fans are sure to be entertained; it's only fair in the interest of full disclosure to say that -- just on the basis of this movie -- I'm not one of them.,0
1779,"ordinary melodrama, which is heavy on religious symbols, but wafer thin on dramatic substance",0
1780,an experience as intense as being buried in a new environment.,1
1781,I thought the concept was good; sore thinks differently.,0
1782,"an impressive debut for first-time writer director Mark Romanek, especially considering his background is in music video.",1
1783,Anyone who has managed to avoid the deconstructive theorization of the French philosopher Jacques Derrida in the university can now take a 85-minute rest-up course with the documentary Derrida.,0
1784,"a great end does not make up for a weak movie, and crazy like hell doesn't even have a great end.",0
1785,Let's cut to the consumer advice bottom line: stay at home.,0
1786,"Otter boxes are a little bulky, but nothing better protects for the price.",1
1787,What Jackson has achieved here is amazing on a technical level.,1
1788,Cliches are as thick as cigarette smoke.,0
1789,"after all the big reviews, I thought I'd try this.",0
1790,Obvious politics and rudimentary animation reduce the chances that the appeal of hey arnold !,0
1791,- But it is -rrb - recommended because two wonderful performances by Michael Caine and Brendan Fraser.,1
1792,"when she speaks, her creepy Egyptian half-god voice is as computer-processed and overproduced as in her music.",0
1793,it's too bad because the ingredients saw to be quality.,0
1794,"plus, it's not very filling, even for rice.",0
1795,Has it ever been possible to say that Williams really lived in a character?,0
1796,"heavy, patterned glass, and very stylish look on the table.",1
1797,"What you end up with when you put Orwell, Bradbury, Kafka, George Lukas and the Wachowski brothers and threw them into a blender.",1
1798,"Perhaps it was better than documentary film, with less Mr. Eyre 's uninspiring dramas and more of his sense of observation and indignation.",0
1799,"I bought this pan for steaks and fried potatoes, and fried eggs.",0
1800,I bought this cover for num_num cents plus shipping.,1
1801,"Unclear in tone ... a murky exercise in sex politics, a junior varsity short cuts through very bad things.",0
1802,a film far cynical and lazy than anything a fictitious charlie kaufman could contradict.,0
1803,Sophomorous exploration of the 'life problems' most people solved a long time ago -- or at least tired of hearing people kvetch about.,0
1804,I never have any problems answering the phone this way with my blackberry.,1
1805,expect no surprises in this checklist of teamwork clichés ...,0
1806,"It's a movie that has people halfway through, will encourage others to get up and applaud, and will, doubtless, leave both camps engaged in a wild debate for the coming years.",1
1807,"It's the cinematic equivalent of a good sideshooter, and even if it's nonsense, its claws dig surprisingly deep.",1
1808,"as Bundy, michael reilly burke -lrb- octopus 2 : River of fear -rrb- has just the right amount of charisma and threat.",1
1809,"for the size, weight and price it is really worth it.",1
1810,I bought it for a new iphone num_extend,1
1811,has a shabby charm ... a cheerfully inconspicuous distraction.,1
1812,it grinds it to a powder in just a few seconds.,1
1813,It is so refreshing to see robin williams turning 180 degrees out of the series of insulting harmless and sappy fiascoes that he has been for several years.,1
1814,"Like most Bond trips in recent years, some of the stunts are so devious that they border to be cartoonlike.",0
1815,nokia knows how to design a very good interface.,0
1816,I also love that this griddle doubles as an indoor grill.,1
1817,My daughter used this for about a month until the belt was broken.,0
1818,"really, it all looks beautiful graphically wise.",0
1819,"I use it a lot, and it never gave me a problem.",1
1820,The problem with the acrylic I found is the tipping factor.,0
1821,it pushed through the job without any problems.,1
1822,"Overall, the film somehow misses the brilliance of Jelinek's novel.",0
1823,"as wobbly as the plot is, Kaufman's script for some great one-liner is still unforgettable.",1
1824,"Every bit as wrong as most Disney Live Action family movies are -- no real action, no real conflict, no real point.",0
1825,"Finally, it wins you over.",1
1826,I bought the frieling to replace a glass bodum press that broke.,1
1827,this is done the work for the price.,1
1828,"Grant gets to show his cadence to perfection, but also to show acting area that can surprise some, thought lighthearted comedy was his strength.",1
1829,all songs build on the same words.,0
1830,"Too stupid to be satire, too obviously hateful to be classified elsewhere, Frank Novak's irritating slice of rag life is as reliable soul killing as his title is almost meaningless.",0
1831,"I bought them, and when they arrived, they were torn apart.",0
1832,"Although the violence is far less sadistic than usual, the movie is typically miike: fast, angry and full of off-the-cuff fantasy blooms.",1
1833,"for all his highfalutin titles and corkscrew narrative, the film turns out to be not much more than a jagged human story.",0
1834,an enchanting film that presents a bold tour of the past and takes in its warm embrace the gifts of cultural artifacts in St. Petersburg's Hermitage Museum.,1
1835,the case zipper closes with a flap that covers the zipper part.,1
1836,"and in this regard, on guard supplies.",1
1837,I bought this based on rave reviews from others.,0
1838,The inside of the housing that contacts the phone is not smooth at all.,0
1839,This one sits on our shelf and collects dust.,0
1840,"may have been nice, but just walked over my cheeks.",0
1841,"this revealing, oscarnominated documentary, in which children on both sides of the ever escalating conflict have their word away from watchful parental eyes, gives peace yet another chance.",1
1842,the daily challenge here is to keep the cat's fur to a minimum.,1
1843,I'll never have another phone without Otterbox.,1
1844,You can probably run them over with your car and still be okay.,0
1845,Cleans nicely and cooks waffles in a reasonable time.,1
1846,I put my kitchen utensils through the wrestler.,1
1847,"If we don't demand a standard of quality for the art we choose, we deserve the garbage we get.",0
1848,one of the biggest family-oriented fantasy adventure films of all time.,1
1849,sitting restless like a horror image ... but finds surprising depth in his view of the bonds of a small family.,1
1850,a frustrating combination of strained humor and heavy-handed sentimentality.,0
1851,"myers never knows when to let a gag die; so, we are subjected to a mind-numbingly long reef on poo and pee jokes after another.",0
1852,"After a few days, I noticed that I was unusually tired.",0
1853,"an image that praises the virtues of companionship and communion in a sunken, spirited manner.",1
1854,I imagine it'll make soups even better than the old ones.,1
1855,"Fill the pan halfway with water, and put it to boil.",1
1856,"It works as advertised, so I'm happy! : .",1
1857,the loops stop any accidentally lost or intentional disappearance.,1
1858,Audio is not a religion and these are not holy water.,0
1859,That's what's going on here from your list.,0
1860,I don't think cake weights are for me.,1
1861,"It can be a simple blow to take, but this barber shop just doesn't make the cut.",0
1862,they would turn off or be hung up because of badly rolling wheels.,0
1863,"an incredibly low-rent Danish movie, it brings a group of people together in a sweet and charming way, if a little comfortable",1
1864,it keeps the charge as if my phone was brand new.,1
1865,the glass cuisin type lid would pour water everywhere in a wet chaos.,1
1866,"First, I put them both under my tongue at the same time.",0
1867,the quality is quickly reduced by heat exposure.,0
1868,I think that's the way to keep the fish moist.,1
1869,I seem to have to invest in something better popcorn.,1
1870,Nightwolf friendship is also cool where he juggles his hammers.,0
1871,"Blacksmith's point is simple and obvious -- people's homes are extensions of themselves, and especially eccentric people have particularly eccentric habitats -- but its themes are charmers.",1
1872,"Block the red hot coils from my cookie sheets, and glassware.",1
1873,I hope you won't have to go through this nonsense.,0
1874,birot 's director's debut -lrb- she co-written the script with christophe honor?? -rrb- is not as bad as it is bland.,0
1875,will not stick to the bar like some non-rollers.,1
1876,"... breathes surprisingly new life into the familiar by merging genres and adding real human complexity to its non-so-stock characters.""",1
1877,Ethan Hawke has always made up the Beatnik generation's bastard child and it's all over his Chelsea walls.,0
1878,may be an easy target -- these old 50s giant creature features -- but... it recognizes and celebrates its cheeseiness as the reason why people get a kick to watch it today.,1
1879,If you just be a little careful about this.,0
1880,automatically sets for the straight-to-video sci-fi rental shelf.,0
1881,Even those of a single-digit age will be able to see that this story is too silly ... also for Disney.,0
1882,the couple from Mexico is much better.,0
1883,both rub my dog raw and cause bleeding.,0
1884,if you want a cheaper partial trade with companies specialising in this category.,0
1885,"it has crashed for no reason, saves has been damaged.",0
1886,the perfect movie for those who like sick comedies that can be snowed.,1
1887,gives me no confidence in buying one of the discovery children toys.,0
1888,"it's more like a life special -- pleasant, sweet and forgetful.",1
1889,"This is carion's debut feature, but his script and direction buzzes with confidence that many spend entire careers trying to achieve.",1
1890,"If you love motown music, you will love this documentary.",1
1891,the real thing is nong shim shin nude ramyun.,0
1892,those outside show business enjoy an accurate look at people they don't really want to know.,1
1893,I can't remember the first time I bought this timer.,1
1894,The film has very little to offer besides unwanted laughter.,0
1895,It makes an annoying sound when it's up.,0
1896,So I bought this product in the hope that it would help regulate my cycles.,0
1897,"Two days later, I didn't see her anywhere on the building.",0
1898,"... in this incarnation, his fizz is infectious.",1
1899,my first proposal for anyone reading reviews on this product is to keep looking.,0
1900,really touch because it is realistic about all kinds of love.,1
1901,"an amusing, airy apolitical documentary about life on the campaign path.",1
1902,"Leaves you with a knot in your stomach, its power is cut down by its own head-bancing obviousness.",0
1903,very well designed and easy to find out.,0
1904,There is no possibility that this will take as long as claimed.,0
1905,no more oil on my hands when I cook a steak or falafel.,1
1906,"A grim, flat and boring werewolf film that refuses to develop an energy level.",0
1907,I would suggest a tropical flavor with chilled water.,0
1908,Hands down the year most thought-provoking movie.,1
1909,I also tried to make a cheaper brand of slip on rubber wide heads.,0
1910,"reggio is victim of confidence in the very digital technology that he scoffed fervently, creating a meandering, articulate and ultimately disappointing film.",0
1911,"These spiders can run out of a motorcycle and wrap a person in a sticky cocoon in seconds, but they are not interesting or entertaining.",0
1912,The cast is so low-wattage that none of the characters comes so big ... and the attitude remains undifferentiated.,0
1913,Old grandson loves all the things that have to do with the building.,0
1914,"a triumph of the art direction over narrative, but what art direction!",1
1915,"as tweety talks about canned his stockbroker and repairing his pool, you long for a few Airborne TV sets or naked groupies on the nod to revive things.",0
1916,"there are touching moments in etoiles, but for the most part this is a dull, dour documentary about what should be a joyful or at least fascinating theme.",0
1917,"trivial where it should be deep, and hyper-cliched where it should be sincere.",0
1918,This game gives you no incentive to play.,0
1919,I use these reviews so hard that I want to return.,1
1920,fast; better than a mixer and easy to use.,1
1921,a charming romantic comedy that is by far the lightest Dogme movie and among the most pleasant.,1
1922,"Unfortunately, they can be imagined between the most impossible dry account kahlo 's life.",0
1923,"first, and surprising was that they have removable sole inserts.",0
1924,"It stays on, and I'll debunk it when it's done.",1
1925,I loved it!,1
1926,"But watching huppert, a great actress who tears into a trendsetting role, is captivating.",1
1927,"Don't move, don't Yuks, not much of everything.",0
1928,they are thinner and retain memory than the older ones.,0
1929,"his great, but that's not the best thing to say about headphones.",0
1930,the remaining sticker is attached to the second foil.,1
1931,"a cuddly, indulgent and presumptuous travel report and diatribe against... well, just stuff.",0
1932,"an intelligent, serious, intimate film that only drops the ball if it stops for blunt exposure to make sure you get its metaphysical point.",1
1933,"opens at a funeral, ends on the protagonist's death bed and gets not much more alive in the three hours in between.",0
1934,"If you are looking for comedy to be served, better look elsewhere.",0
1935,I like it better than any of the Formman articles.,1
1936,that offers really good protection for the phone.,1
1937,M??nch's real insight makes the film sometimes exuberantly forgiving.,1
1938,The new one has a heart.,1
1939,if you have one of the older food providers.,1
1940,a delightful half-wit remake of the venerable Italian comedy big deal on madonna street.,1
1941,"a sickly sweet little head, even the eager consumers of moore's pasteurized ditties will find it like rancid cr???me br?l??e retch.",0
1942,The lack of conflicting views soon becomes tiring -- the film feels more like a series of toasts at a testimonial dinner than a documentary.,0
1943,Friday after the next has the same problem as next Friday -- it says where's chris tucker if you need it?,0
1944,mocking them now is an exercise in futility.,0
1945,"Reggio's Trippy, ambitious downer can also sometimes come as nothing more than a glorified nike ad.",0
1946,"like on Earth, or somewhere else, has director Ron Underwood managed to blow $100 million on this?",0
1947,"It's probably my phone, but it happens all the time since I'm the battery.",1
1948,"greengrass has delivered an undisputed stylistic tour de force, and has managed elements such as sound and cinematography with skill",1
1949,It stores in a really small place and is built to keep.,1
1950,They also make noise if you happen to touch one against the other.,0
1951,Maybe it could be wearing a num_extend old girl.,0
1952,"It's easy to clean, but honestly, I rarely clean it.",1
1953,"Too much of this well played, but dangerously slow thriller feels like a preamble to a bigger, more complicated story, one that never materializes.",0
1954,"Waste of money , Waste of time , Waste of blood .",0
1955,"cute, funny, heartwarming digital animated feature movie with lots of slapstick humor for the kids, many in-jokes for the adults and heart enough for everyone.",1
1956,Seeing this movie almost made me take my life.,0
1957,So I guess it's really a matter of preference.,0
1958,"-lrb- schweiger is -rrb-talented and terribly charismatic, qualities that are essential for both film stars and social anarchists.",1
1959,not even the hanson brothers can save it,0
1960,my goof to stop researching this brand more.,0
1961,"With a few mice, you could do something much better yourself.",0
1962,a dream of solid female talent that build a seamless ensemble.,1
1963,Anyone who can count up to five percent of the film's target market?,0
1964,"if -lrb- de palma 's -rrb-bad, he's really bad, and femme fatal rows with the worst he's done.",0
1965,very robust with a good selection of teeth sizes.,1
1966,too shy to bring a sense of closure to an ugly chapter of the twentieth century.,0
1967,I can't believe I didn't buy these sooner.,1
1968,I could feel some of the grains even after a lot of shaking.,0
1969,the instructions came via the motorola num_extend and were very clear.,1
1970,"Biggie and tupac is so simple daring, it puts far more polished documentation to shame.",1
1971,"thoughtful, provocative and entertaining.",1
1972,"Also, do not use the yellow cloth to clean your phone.",1
1973,very hard plastic and not that fun to play with at all.,0
1974,both English and metric measurements are embossed on each spoon.,1
1975,the biggest offense of the film is its complete and total lack of tension.,0
1976,lots of monkey fun for everyone.,1
1977,"There were other vegetables contained, but you really couldn't taste them.",0
1978,Everything you loved about it in 1982 is still there for those who want to be a child again or show it to their own children.,1
1979,saves cleaning and the use of aluminium foil.,1
1980,the feeling of the wheel is beautiful and I like the side scrolling function.,0
1981,"all benefits are first class and, once you get through the accents, anything or nothing will be an emotional, albeit still positive, wrench of a seat.",1
1982,Digital video documentation about stand-up comedians is a great look into a whole different world.,1
1983,It's a glorious groove that lets you want more.,1
1984,I've reported that it hasn't heard a word of it.,0
1985,This game offers nothing unique and the graphics are not worth Raving over.,0
1986,the whole thing plays with the sleepy heaviness of the synchronous swimmer with a wool-watsuit.,0
1987,plays less like a coming-of-age romance than an infomercial.,0
1988,I don't know how I've ever managed without this handy design.,1
1989,This dish is the perfect size and I love with a nice lid.,1
1990,"not for all, but for those with whom it will connect, it's a nice departure from standard movie fare.",1
1991,suck all the `classic' from robert louis stevenson 's Treasure Island and fill the void with sci-fi video game graphics and disney-fied youth fear ...,0
1992,"a long-winded , predictable scenario .",0
1993,I have num_num bird food hanging on poles in my front and back yard.,0
1994,nothing bad to say about this wonderful innovation.,1
1995,an imaginative comedy/thriller.,1
1996,a savvy exploration of paranoia and insecurity in America's culture of fear.,1
1997,on the other hand for power grating you have something here.,1
1998,"like dickens with his passages, McGrath craft quite moving scenes during his decidedly dramatic variation on the novel.",1
1999,"Those who would follow Haneke on his uncanny explorations will be rewarded by brutal, dedicated performances by Huppert and Magimel.",1
0,Director dirk shafer and co-editor greg hinteron ride the dubious division where gay porn hit for serious drama.,0
1,"a charming, eccentric and quiet Scottish comedy, except with a scandalous central gimmick that could have been a rejection of the meaning of Monty Python's life.",1
2,"the price was good, and came quickly although my main membership.",1
3,I was looking forward to this game for a couple of num_extends,0
4,Perhaps the most silicious and incoherent film of the year.,0
5,"emerges as something rare, a show movie that's so honest and keenly observed that it doesn't feel like one.",1
6,anyway I recommend this one for its price and quality.,1
7,it seems to be of very good quality in its construction.,1
8,...there are enough moments of tearing honesty to keep a stick on the screen.,1
9,they enter the corners as described and are flexible but firm.,1
10,"It extends the writings of jeans genet and john rechy, the films of fascinder, perhaps even the nocturnal works of goya.",1
11,"liman, swingers and go, makes his big budget action movie start something from a cloner because he delivers a long, low-heat hunting, interrupted by a mid-building car race.",0
12,a sermon and lifeless paean to dull teenagers.,0
13,the question of faith is not explored very deeply,0
14,armada lacks the epic reach of similar games like homeworld or even starcraft.,0
15,"People in dogtown and z-boys are so funny, aggressive and alive, you have to look at them because you don't expect to see what they do next.",1
16,"bad company leaves a bad taste, not only because of its bad timing, but also the impasse of its script.",0
17,"diva scarlet has a voyeurist tug, but everything in it is much less sensational than it wants to be.",0
18,with this I say that I work supporting u . s .,0
19,This meter is the technology of a decade ago.,0
20,"They were huge, but the same size in the leather is tight.",0
21,He never fails to commit us.,1
22,It worked well for the first few weeks and then it stopped completely.,0
23,"As lo-fi as the special effects are, the people who paved nemesis together induce the strength of humanity on the material in a way George Lucas has long forgotten.",1
24,either the developers have decided to make their own.,0
25,It's not as romantic or exciting as it should be.,0
26,will update this review if it encounters a spell similar to my previous wheel.,1
27,I can't recommend this product for anyone trying to fix a leak transmission.,0
28,"But this time, there's mold on the gold.",0
29,I'm not gonna give this to the new puppy I get.,0
30,I have never had a pleasant experience with customer support at cookart.,1
31,Almost everything I ask in a shredder.,1
32,"snoug did, with all buttons and holes perfectly aligned.",1
33,"Also, it creates more static than the one used at .",0
34,"This road movie gives you an emotional kick, and you'll be glad you went along for the tour.",1
35,"stars matthew perry and elizabeth screaming illegal more than a chamfer, and more jokes earth than the crash, but finally serving sara is not distinguished from the herd.",0
36,"a triumph, implacable and beautiful in its staggered darkness.",1
37,"a very spiritual take on change, risk and romance, and the film uses humor to make its points on acceptance and growth.",1
38,perfect size to prepare dishes. It works really well.,1
39,it keeps the air clean and pleasant fresh smell.,1
40,I don't have a clue from Sam.,0
41,But the back side as well.,1
42,"a dreamy, incoherent, self-indulgent mess of a movie in which a bunch of pompous windbags drone on inanely for two hours ... a pretentious cacophony, without prattle meaning.",0
43,Think of it as some kind of comforting food for the mind.,1
44,It keeps the cord out of the way and above the board.,1
45,"what will be , most likely , will turn out to be the most repellent film of 2002 .",0
46,item arrived in num_num days in bulk packaging exactly as j.,1
47,a chaotic panorama that is too busy stealing many metaphoric flags.,0
48,"and, there were a lot of things we liked in this game.",0
49,What makes the film a comedy is the way it avoids the most serious emotions involved.,1
50,Thank God the operation is intuitive because there are no instructions.,0
51,I missed my crack days eating before I became gluten-free.,0
52,"So, for me, it's pretty darn instant.",1
53,a well-made and often beautiful representation of the mysteries of friendship.,1
54,"sometimes melodramatic, it's also extremely effective.",1
55,"even with all these rough edges safely sanded down, the American insomnia is still pretty damned good.",1
56,"Like I said, it works, it's okay.",1
57,It's the junk food movie at its worst.,0
58,"-lrb- wendigo is -rrb- why we go to the cinema: to be nourished by the eye, the heart, the mind.",1
59,"a mix of speed and idioty, this ruinous remake lacks the braces -- and brains -- of the original 1970s.",0
60,"Without September 11, collateral damage would have been just another bad film.",0
61,"My little girl wanted this for her birthday, so we got it.",0
62,"I wouldn't trade them, but it's a big knife for the price.",1
63,"static, repetitive, muddy and fuzzy, hey arnold!",0
64,"a small, predictable and stereotyped b movement.",0
65,"So many documentaries like this presuppose religious sectarianism or the zealous hazelnut of its antagonists, but the fundamentals of the family show a rare gift for unwavering impartiality.",1
66,flaccid drama and slow travel exasperating.,0
67,the film will reach far beyond its demographic core.,1
68,one to another company and two to amazon . com .,1
69,"Although Howard is showing a great eye as a director, this southern Gothic drama is unfortunately a difficult siege, with an undeveloped narrative and enough flashbacks and heavy metaphors to stifle a horse -- or at least slow it down to a canter.",0
70,It remains stable in your ear very pleasantly and is surprisingly very comfortable.,1
71,the material it is made of is like a dirt magnet.,0
72,a meeting my phone is in the cargo bag.,1
73,"If you can afford it, take a step towards something that will last.",0
74,I wouldn't trust anything bigger than num_extend iphone,0
75,I was concerned about the price that these measuring cups would be weaker.,1
76,The film exists for its soccer action and its fine act.,1
77,the bottom of most containers is not as small as one might think.,1
78,"Usually when I get so much syrup, I like pancakes to go with it.",0
79,"This helmet is great, the sound quality is really amazing.",1
80,It is worth remembering at the time of Oscar for having made this magnificent portrait of a soldier in conflict.,1
81,try to slide on a different screen instantly turns it off.,0
82,steve irwin 's method is ernemmingway at accelerated speed and volume.,1
83,which is minor enough not to affect my note.,1
84,"the image, marked by an accordion milleur de marcus perversely joyful\/harmonica\/banjo abomination, is a monument to bad in all its florid variety.",0
85,Serious crimes mislead almost all leading figures.,0
86,a captivating transcultural comedy of manners.,1
87,"as a singer of deaf sounds at a concert of performances, john q. is a bad film appearing in the name of a good cause.",0
88,"Life is a rock, or something like that.",0
89,"for its serious, high literary aspirations and amazing act, the film can only be applauded.",1
90,replaced my sleeping garlic press with this one.,1
91,I love floral design and colors.,1
92,I've read the reviews of wine experts that it doesn't work.,1
93,a richly imagined and admirably mature work by a talented director who certainly has something in his mind.,1
94,"higher genre narration, which lies under our skin simply by crossing the nuclear line.",1
95,fear dot com is so disconnected and disconnected that it never builds any suspense.,0
96,I think I'll come back and stick with wool gloves.,0
97,It's not so good to leave at night.,0
98,"places a love triangle a little credible in a difficult to swallow setting, then disillusionedly moves history into the realm of an unlikely thriller.",0
99,"The war tug in the heart of Beijing's bike becomes weighed with agonizing controversies, overheated pathos and long, wistful looks.",0
100,"in the second half of the film, the frei control relaxes in direct proportion of the screen time it gives nachtwey for self-analysis.",0
101,"It is so written that you do not know exactly where the other characters, including the father and grandfather of ana, descend on the question of the future of ana.",0
102,Imagine the wooden jams character from the videodrome making a pink Audrey home movie and showing it to the sixth-sense child and you imagined the ring.,0
103,I think this size won't make a bigger bird than number_num pounds.,1
104,"It succeeds by following a formula of well-being with a winning style, and by offering its target audience of urban children some role models welcome and optimism.",1
105,"It's very black, and it adds volume.",0
106,I don't see what others have liked about it.,0
107,I received them as a Christmas present and I love them.,1
108,I was glad to see he was still available.,1
109,nice not to have a burner goes for hours.,1
110,The last time I did it was a year ago.,1
111,I bought two to climb horizontally under the shelves of my kitchen island.,1
112,"The pleasures of super soldiers can be ephemeral, but they will strongly register with anyone who still keeps a soft spot for pre-college humour.",1
113,plugs the ipad into my car and works well.,1
114,the flap is also good and does not detach at all.,1
115,"It is a wink to others without becoming a postmodern joke, rendered frightening by his ``men in a sardine can '' distorted logic.",1
116,"an unsatisfied hybrid of brackish witchcraft and typical tartine, where the most conservative protagonist is always the last living.",0
117,I bought this jaw hd to replace an old jaw thinker.,0
118,But what a spectacular dizziness it is!,1
119,"toast, muffins and bagels with many options to choose from.",1
120,"Despite the authenticity of the traps, the film is overloaded in its plot, hackneyed in its dialogue and anachronistic in its style.",0
121,a film that is a portrait of grace in an imperfect world.,1
122,"Herzog is obviously in search of a moral to his fable, but the idea that a strong and unified demonstration among the German and European Jews of the East could have changed the history of the 20th century is undermined by the insufficient performance of ahola.",0
123,"the overall sensation of the film is rather cheesey, but there is still a real feeling that the tradition of trek star has been honored as best it can, given the embarrassing script and weak direction.",0
124,"dialogue-heavy and too cerebral for his own good -- or, in any case, too cerebral for his subject of resentment.",0
125,I use it charging my batteries since my USB port is not an option.,1
126,"feels like one of these productions, only in - Hollywood where name actors deliver great performances created for the sole purpose of generating Oscar talking.",0
127,The relationship of this film to real tension is the same as what flows from Christmas tree into a spray box is to real snow: a poor -- so durable -- imitation.,0
128,"large charger, although there may be cheaper options.",1
129,All my tests prove the same . hope that helps .,1
130,I used them a few times and broke them very easily.,0
131,So far I'm not happy at all.,0
132,"one of those rare, exciting cinematic pleasures that is still improving in hindsight, as you mull on its nuance in your mind.",1
133,Westfeldt and juergensen produce a level of chemistry and comfort that is both tasty and endearing.,1
134,but it offers a lot to think about and chew on that his unusual relationship unfolds slowly.,1
135,scriptwriter-director burger fantasizes the embers of a national mourning sleep and curiosity that has calcified in chronic cynicism and fear.,1
136,Imagine if you want a tony falcon skating video interpolated with images from behind enemy lines and set to jersey shore techno.,0
137,"order it with something else, and you will get free shipping.",1
138,the only element of suspense is whether the film will change titles or distributors again before the turnover of closing credits .,0
139,"Shainberg weaves a carefully balanced scenario that is controlled by no character, is strangely friendly at the same time and manages to be tender and darkly comical.",1
140,"No, not at all.",0
141,These are small enough even if they are extensible.,0
142,"Whether seen on a 10-inch TV screen or at your local multiplex, the edge of your seat, the ancient educational Steve irwin are invaluable entertainment.",1
143,This case is far from what I expected.,0
144,"as a study of singular character, it is perfect.",1
145,"The film, which is complex, touching and only almod??var, evokes strong emotions and prompts viewers to question their deepest notions of moral law and evil.",1
146,The smartest comedy of the summer.,1
147,it is best to invest in a good set of makeup brushes.,0
148,I made flour tortillas that night for our dinner at the Mexican burrito.,1
149,I wouldn't buy anything else from that salesman.,0
150,There are films that try the patience even of the most cinematic critic -- and it was one of them.,0
151,This salad sprinkler is durable and easy to use.,1
152,"For the price, it's a good purchase.",1
153,But fans should have fun meeting a brand-new pokemon called celebi.,1
154,"publics conditioned to make themselves cry on the eyes of the saucer, moppets with disgusting taste and their empathic caregivers will probably feel emotionally deceived by the pie of the film, spirit without sugar.",0
155,Not to mention that it didn't fully fit my screen.,0
156,there is luminous num_num leds to take photos or just like a flashlight.,1
157,"I enjoyed the wrinkle -lrb- bumps and everything -rrb-, the creamy depth, and the ultimate theme.",1
158,"I saw guys who hit each other yesterday, and already the details disappeared like photos of the Spanish-American war... it's so incomprehensible that he shot my bullet point notes in invisible ink.",0
159,My dish feels very solid to the touch.,1
160,$'s too expensive to pay for a cable.,0
161,"by the end of such a thing the public, like the beatrice, has a vigilant affection for the monster.",1
162,But he pays a price for his complex intellectual game.,0
163,We've been treating our hair for months and we finally got this.,0
164,I bought this set for our toaster oven.,0
165,Hurry up and play the song and move forward for God's sake.,0
166,"The plot is straight out of the shelf, the performances are television - caliber and the message of providing comfort through deception is a little scary.",0
167,While the animation of mcfarlane firmly raises the film above the level of other films of the age of arrival ... it is also so moving that it is difficult to return to the history of the boys.,0
168,"everything that has to do with Yvan and charlotte, and everything that has to do with Yvan's rambunctious, Jewish sister and her non-Jew husband, feels funny and true.",1
169,This one's doing the job I need!,1
170,"When it's all wet, the blue crush is very pleasant.",1
171,Unfortunately this product didn't do much for me.,0
172,Again it is a fun learning experience and so far so good.,1
173,A deviant news comedy that's funny from start to finish.,1
174,If you can go beyond the fantastic aspects and the realities of the ``Island'' you will have a sock-in-the-eye that is a visual tower-of-force and a story that is different from any you will probably see anywhere else.,1
175,It didn't stop the smell and my pets wanted to eat it.,0
176,Not a good product for packaging even if he says he has shea butter.,0
177,It is heavy enough and stable not to tip when it is windy.,1
178,filmmakers skilfully evoke the sense of threat nature holds for many urban dwellers.,1
179,and do not remove the first part of the screen until the second part is applied.,1
180,I could even give them as gifts this holiday season.,1
181,"It's hard enough, I haven't broken it yet.",1
182,Well shot but badly written tale put in a future ravaged by dragons.,0
183,"These are lives worth watching, paths worth following.",1
184,I can't wait to show it!,1
185,like how many times you face the nazgul and how easily they are beaten.,0
186,beyond a handful of slightly fun lines ... there's just not much to laugh at.,0
187,I spent more time playing with that than I was watching the road.,0
188,I bought the lowest priced model more to test the brand than anything else.,1
189,"It would be faster and easier, but it wasn't.",1
190,"If your bike had a kick stand on the plate, it didn't lock.",0
191,Something the real movie buff will enjoy.,1
192,Most of the beguin is an intelligent and captivating romantic comedy with a pinch of welcome pie.,1
193,I tried everything I could to break the open thing.,0
194,"large helmet, solid construction quality and blocks the wind.",1
195,I loved the food for my cats as you can read below.,0
196,"It's like this showtime rotissererie oven, you place it and forget it.",1
197,I ordered it from amazon because I couldn't find them anywhere in my area.,0
198,I had a lot more luck with the other three mentioned pairs.,0
199,"I put in a password, but the router didn't recognise.",0
200,"He takes this confusion and endless hatred, puts a human face on her, evokes shame among all those who are parties to it and even promotes understanding.",1
201,I got this as a gift for my son.,1
202,"num_extend has much better graphics, better sound, slightly better control.",0
203,Maybe I found the procedure a little too conventional.,0
204,It essentially takes what is directly in front of it.,1
205,"which lacks completely frontal in the thematic coherence that it compensates largely as cowardly-goosey, experimental entertainment.",1
206,... the sum of the parts is largely equivalent to a confused mediocrity.,0
207,Almost everything else is wan.,0
208,This style of charcuterie is a kind of merchandise like .,1
209,"Even as lame horror movies go, it's lame.",0
210,They accumulate well in the closet and clean well in the dishwasher.,1
211,"an annoying cartoon, surprisingly cute and nauseous politically correct guaranteed to drive anyone much more than 4 years screaming from the theater.",0
212,the film works on equal parts of innocence and wisdom -- the wisdom that comes with experience.,1
213,the wheel often stuck and does not light up on its rail.,0
214,I don't suggest that on black iphones.,1
215,One minute per slice seems to be a good thumb rule so far.,1
216,the cheese came out light and mellow would have wished I had one earlier.,1
217,"automatic shutdown after number_num hours, which is a good feature.",1
218,"too strong, too long and too frenzied by half, dying another day suggests that the bond franchise ran into a creative wall that 007 can't fly over, tunnel under or barrel through.",0
219,Just do your homework and you'll end up pretty satisfied.,1
220,This first bold and lyrical feature of raja amari broadens the notion of pat that middle-aged women just want to have fun in a treatise awakening from sensual empowerment.,1
221,sugar is extremely addictive and does absolutely nothing for your body.,0
222,And then on my phone and he's charging my phone.,1
223,There is no menu selection to find free books.,0
224,I only ordered here because they were much cheaper.,0
225,"a hip tour in hyper-time, clocks is a lively and enjoyable adventure for all ages at any time.",1
226,voice control is better on this game than others I have tried.,1
227,I kept it well that I don't use it.,0
228,"Despite the breakage of the port, it gets num_extend stars.",1
229,The main flavor to cross is the cinnamon and the slight sweetness of the stevia.,0
230,The robber Marshall came out shooting to make a big one.,1
231,we usually run it down and that's pretty much enough.,1
232,I can't believe I didn't own one of those before.,1
233,a wonderful journey from the idealism of childhood to adolescent self-absorption.,1
234,And I wanted them all to be easy to access.,0
235,it does so to a very great extent and is extremely uncomfortable to wear.,0
236,"Christians sensitive to a reductive view of their lord as a dr. feels well or omnipotent let go will feel much more confronted than the laity, who could even praise God for having delivered such an instant camp classic.",1
237,I didn't have what I thought was unrealistic expectations of this device.,1
238,shocking only in that it reveals the bottomless pit of the filmmaker's self-absorption.,0
239,...also gory to be a comedy and too stupid to be an effective horror film.,0
240,"The state of the sun lacks the kind of dynamics that limbo offers, and in some respects is a rather lenient piece.",0
241,"A bitter, wicked offering.",0
242,"Finale is excellent, and he makes great French toasts.",1
243,"Finally, the project presents itself as a clinic, detached, without involvement, perhaps encouraging members of the public to ask themselves, ""what's the point?""",0
244,"Unfortunately, not my blackberry or my cell phone.",0
245,the act alone is worth the admission price .,1
246,Another thing I really like is that he doesn't have rivets.,1
247,It worked for maybe num_num months then died.,0
248,I don't think I've been like coming in and dismayed by an Asian movie since Tsukamoto's brilliant iron man.,1
249,This turner has worked well in recent years.,1
250,"Of course, the Germans call this kind of good engineering idea.",1
251,"syncing is simple, without passwords or required codes.",1
252,The famous c.h.o. has smells of vulgar reflections.,0
253,"the character is too forced and crushed to be funny or credible most of the time, and clayburgh does not always improve the mixture on-the-top.",0
254,"Whether you're moved and like it, or bored or frustrated by the film, you'll always feel something.",1
255,We lack the strange astonishment that came along for an integral part of the ride.,0
256,"Slowishly directed by veteran episodic television joe zwick, it is a sitcom without the snap-crackle.",0
257,a tearing of goodfellas that serves as a muddy and offensive warning tale for Hispanic Americans.,0
258,"Domestic violence is a major problem in contemporary society, but the film reduces this domestic tragedy to florid melodrama.",0
259,"don't plan on the perfect ending, but the sweet alabama house hits the mark with the critics who escaped a small city life.",1
260,"to the credit of the film, the act is fresh and disinterested, and the Munch is a wonder of reality against sappy feeling.",1
261,"a sensual performance of the abass buoys timid history, but his inner journey is largely unexplored and we are allowed to wonder about this exotic woman who looks whose emotional depths are only suggested.",1
262,"Truth to say, if you've seen more than half a dozen horror films, there's nothing here you haven't seen before.",0
263,You've seen them a million times.,0
264,"other than this little problem, it's a big bt headdest.",1
265,will catch your children by imagination and amaze them and amuse them.,1
266,It's so small. Get a snowshoe ball. Pass this one through.,0
267,"a thoughtful, moving piece that faces difficult problems with honesty and beauty.",1
268,I didn't believe in these bad guys for a moment or their conspiracy.,0
269,"The film enjoys a much less manic tone than its predecessor, because cho seems to have settled comfortably in his skin.",1
270,"one of these films where you get out of the theater not feeling mistaken exactly, but feeling bent to, which, at the end, could be all the more intriguing.",0
271,"adapted by kevin moleny de simon leys ' novel ``the death of the napoleon '' and directed by alan taylor , the journey of the napoleon is interesting, but his Parisian renaissance is still-born",0
272,"Only an epic documentary could bring everything down, and sting the brown jim: everything American finally gives about it a film worthy of its talents.",1
273,"It might be tempting to consider Mr. Andrew and his collaborators as bizarre balls, but Mr. $earnhart's quizzes, charming film allows us to see them, at last, as artists.",1
274,"Once the charger is removed, the phone starts working, again.",0
275,It seems to work well in my mother's humidifier.,1
276,they have an average pile lining that has more than a stiffer polyester sensation.,0
277,"It is an example of sophisticated and difficult cinema that stands, despite its notable lack of emotion, in contrast to the indulgent experimentation of the director's complete frontal forward.",1
278,"This hug after the 1999 success is a little more visually polished, a little more fun, and a little more crazy.",1
279,easy to put on and I have no problem.,1
280,"Although everything can be literate and intelligent, it never took off and always seemed static.",0
281,"a thoughtful, provocative, insistently humanizing film.",1
282,"The wwii drama is well drawn, visually striking and filled with pleasantly complex characters that are never what they first appear.",1
283,"I don't know exactly what to do with steven soderbergh 's complete frontal, although that didn't stop me from enjoying much of it.",1
284,the result is something quite fresh and delicious.,1
285,One of the greatest romantic comedies of the last decade.,1
286,Hanneke challenges us to confront the reality of sexual aberration.,1
287,The plot is so predictable and sentimental that viewers are likely to lose interest before the sandrine and its goats go to sunset.,0
288,It is also dumped and devotes too much time to fanciful views.,0
289,And it's amazon and amazon that they wouldn't put their name on shit.,1
290,games like trip of precious stones are easier to play with a stylus like this.,1
291,"I'll stick to my xbox for now, thank you.",0
292,"the same panel buttons are there, but in a better location.",1
293,"He feels like a community theatre production of a great wide game: even at his best, he will never hold a candle to the original.",0
294,"... maybe the heaviest, most joyful film ever made on giant dragons that take the world.",0
295,I dropped the phone on a tiled floor and that's good.,1
296,"Again, director Jackson strikes a gratifying balance between human-scale emotion and dramatic scale effects.",1
297,it has read every amazon . com examination as well as the website zojiroushi .,1
298,"However, slicing tons of vegetables can take a lot of time.",1
299,Hawke gets the best out of his great casting in beautifully articulated representations that are subtle and expressive that they can support poetic flights in the bumblebee dialogue.,1
300,The recipe that comes with it is tasty.,1
301,"hand grating can be a waste to clean, especially under the handle.",1
302,This is certainly not the case with the num_extend,1
303,Looks like a high school movie project was completed the day before it was due.,0
304,I also have to hold the helmet cord to keep him from beating around.,0
305,"mind, touching and well rinsed.",1
306,"This version 'is not classic as its predecessor, but its pleasures are still numerous.",1
307,my first draft of this review was also far too long.,0
308,Its delivery and timing are impeccable.,1
309,Speedloader is very difficult to use especially with an extended magazine.,0
310,"an attempt without grace, without the spirit of mating some as it warms with the thriller wwii espionage.",0
311,Frida's artistic brilliance is undeniable -- it's one of the most breathtaking movies I've ever seen.,1
312,"first good, then disturbing.",0
313,At the heart the film is a fleshly forged suspense thread whose richer shades work as coloring rather than substance.,1
314,"If your senses have not been terrified by movies and gorefests, if you are a connoisseur of psychological horror, it is your ticket.",1
315,Don't buy it unless you like to replace toasters.,0
316,I'm glad I didn't spend a fortune on electric models.,1
317,"Unfortunately, I don't know what all the five-star magazines are for.",0
318,"The plot is very intelligent, but boyd weighs it with too many characters and events, all intertwined and far too complicated to keep track of.",0
319,I had a hard time turning it on with zero bubbles.,0
320,A very elegant story but finally extremely stupid ... a piece of slick nonsense but nothing more.,0
321,"The computer recognized the USB connection, but the cursor never moved.",0
322,It's too bad because they seem to keep my ears warm.,0
323,A little more than a vanity project.,0
324,It's the old faithful water filter pitcher.,1
325,Just spend the extra dollars and buy an apple official.,0
326,The constriction on my dog made him sit down.,0
327,"sometimes, however, dogtown and z-boys fall into the lingo of an initiate and the state of mind that the non-initiated may find difficult to follow, or worry about.",0
328,"pretty good, despite her smarty-pants will have.",1
329,sound very similar to this type of style.,0
330,That was exactly what I expected it to be.,1
331,"It is rare to find a film that dazzles the eye, defies the brain, and satisfies our desire for rapid action, but the minority report delivers all this and much more.",1
332,I give him five stars to make good food so easy! .,1
333,a long and stagy session of romantic controversies that never really gel like the crafty feminist fairy tale he could have been.,0
334,I carried this product today for a few hours today.,0
335,It is as flat as an open box of left pop sitting in the sun.,0
336,"This warm and gentle romantic comedy has enough interesting characters to fill several films, and its many charms should win over the toughest cynics.",1
337,He did what he was supposed to do.,1
338,resourceful and ingenious entertainment.,1
339,"Then I emptied the coffee grinder and looked for an obstruction, none.",0
340,"edited and shot with a syncopated style imitating the work of its subjects, pray turns the idea of the documentary on its head, making it fun, invigorating pleasure missing from mtv food shop.",1
341,Take all of this in the sink.,1
342,It is a happy return to the time when cartoons were the most idiosyncratic form of cinema instead of one of its most predictable.,1
343,"4 friends, 2 couples, 2000 miles, and all the beer ribbon blue pabst they can drink - it's the ultimate red road-trip.",1
344,Balm is shit like a vaseline stick.,0
345,My wife despises the usual window fans and she likes this thing too.,1
346,the film quickly drags to become boring and predictable.,0
347,"he is drained from life in an attempt to be sober and educational, and yet he is so devoid of realism that his lack of whistles and bells makes him just odious and stiff.",0
348,"Also, the knife is easy to maneuver despite its length.",1
349,"a nice movie for the family, fun and cute for adults and children.",1
350,This knife sharpener has more than met our expectations.,1
351,"It's a pleasure to see seinfeld clinging to the biz with chris rock, garry handling and colin quinn buddies.",1
352,And it's a bread knife and nothing so special.,1
353,Put it in the freezer and close the door.,1
354,I threw it away because I can't drink alcohol.,0
355,if you need a pot with this capacity num_extend qts buy this one.,1
356,"Too stupid to be scary, too stolid to be funny, he projects the same lazy affability as his nominal star, david arquette.",0
357,it makes a prank of a good num_num num_extend,0
358,"not a movie but a live-action agitprop cartoon so shameful and rude, it's almost funny.",0
359,The dash supports are bulky and on the way or not strong enough.,1
360,I've had two of those boxes out there for over a year.,1
361,a graceful and contemplative film that draws us gradually and with art into a world where staff and politics intertwine fatally.,1
362,"passions aroused by the discord between old and new cultures are put against the strange, visible beauty of the Middle East desert, so kindly and perceptibly filmed that you can almost taste the dry air.",1
363,mediumly involving in spite of the basic photography of negotiation and romance hackneyed .,0
364,I expected an improvement in the signal strength of my small type of direct USB plugin.,0
365,"New York gangs is a non-apologetic disorder, whose only saving grace is that it eventually blows almost all up.",0
366,the sum of all fears is almost impossible to follow - and there is something cronge-induce to see an American football stadium naked as pop entertainment.,0
367,"After four days of this, I gave up and threw it away.",0
368,The visuals alone make the metropolis worthy of being seen.,1
369,"a real movie, about real people, that gives us a rare glimpse of a culture that most of us don't know.",1
370,"Helmer devito ... tries to do too much in this story about ethics, payola, vice, murder, children's television and revenge.",0
371,it is not difficult to clean or assemble.,1
372,I'm saying that as a guy with pretty thin wrists too.,0
373,and again the focus was extremely mild or simply terrible.,0
374,most operations there is a noticeable delay lag from num_extend to num_num seconds.,0
375,"We can see the wheels turning, and we might want some sometimes, but it's still a nice little image, made by lively and friendly souls with a lot of good mood.",1
376,... while history freezes you feel the pieces of the saga of star wars fall into place in a way that makes your spine tingle with revelation and excitement.,1
377,I was surprised the box seemed in good shape.,0
378,which does not hold true for this product.,0
379,I had it set up professionally in a local bike shop.,0
380,should have a wider design for different foods.,1
381,"My God, the latifah queen has a lot to offer and she seemed to have no problem showing her natural gifts.",1
382,It's worse then no lubricant because it becomes soooo sticky.,0
383,"An impossible romance, but we are the root for the young Iranian patron.",1
384,"Oh, and the battery life is pretty decent.",1
385,gosling offers an incredible performance that dwarfs everything else in the movie.,1
386,"although not as aggressively impressive as its American counterpart, ``in the room, '' Moretti's film makes its own, quieter observations",1
387,"I didn't laugh at the continuous efforts of cube, and his skinny boyfriend Mike spelt, to make like laurel and bold 'n the hood.",0
388,"There is a kind of attentive concern that hoffman brings to his characters, as if he gave them private lessons, and now it's time for their first public recital.",1
389,I wasn't terribly impressed by this box.,0
390,"Incessant sadism is so graphically excessive, the director just ends up exposing his own obsession.",0
391,I didn't buy from a number_extend party salesman.,0
392,But it didn't matter to my face.,0
393,"The streets, shot by the film michael ballhaus, can be as authentic as they are average, but it is almost impossible to worry about what is happening on them.",0
394,Try to explain to a two-year-old why his tattoo continues to break.,0
395,"It is also, sometimes, curiously moving.",1
396,I also love it because the pot is made of plastic.,1
397,a painfully leaden film intended for pre-sale cable television slot machines.,0
398,"we both use blackberry's num_num curve, which each use bluetooth's num_extend version",1
399,"does what a beautiful documentary does best: it extends a warm invitation into an unknown world, then illuminates completely and allows the larger implications of the journey to sink quietly.",1
400,I bought this toy for my boys a few years ago.,0
401,I was bored after the first few minutes of num_num.,0
402,"spyro games always used to be fun, but that tradition ends here.",0
403,this case is cute however the only good thing about it.,0
404,u.s. audiences can find -lrb- attal and gainbourg 's -rrb- unknown people give the film an intimate and picturesque reality that is a little closer to human nature than what Hollywood usually concocts.,1
405,It's close to the old one I've had for years.,1
406,I wouldn't buy it in the future.,0
407,"If this vacation movie is supposed to be a gift, someone unpacked it early, pulled out all the right things, and left behind the shit - lrb- literally - rrb-.",0
408,"the film is as far away as you can get from racy, to the point where it almost stops the blood flow to your brain; it has a dull, costumed sensation.",0
409,what is most striking in this widely celebrated film ... is the sense of isolation that permeates these bastions of individuality in an ikea world.,1
410,So I bought another knife sharpener for this our swap number_num Yankee.,1
411,you will have more fun to set yourself on fire in the parking lot.,0
412,it has a year number_num warranty on defects too.,1
413,- It's completely stupid.,0
414,he's a bad interpreter when it comes to odor retention and stacking.,0
415,effectively nourishes our senses with the icy views and sounds of the inside of the camp to create a completely numbing experience.,1
416,Let's hope it lasts longer than my last grinder so can buy as a gift.,1
417,children often seem to read the lines and are unable to transmit any emotion.,0
418,"wavesam in the sea of cinema, not big enough for us to worry about it causing significant damage and not feeling enough to disturb contempt.",0
419,"Once he dies, I'm gonna buy a better unit.",1
420,"The film would work much better as a video installation in a museum, where viewers would be free to leave.",0
421,"Exquisitely acted and masterfully so preciously intertwined ... -lrb- the film -rrb- addresses in a fascinating, intelligent way the mix of race, politics and local commerce.",1
422,I have to find a way to return them.,0
423,one corner is slightly larger than the other but barely perceptible.,1
424,"the values that have held the company crew together through previous adventures and perils do so again-courage, self-sacrifice and patience under pressure.",1
425,"a depressing confirmation of all that those of us who do not oppose the ""inevitable"" description have suspected throughout: George w. bush is an incurable, non-charismatic boy, frat invaded with an average stried a wide mile.",0
426,a horror of mood / thriller raised by the deft staging and the well-known narrative game of the director.,1
427,This skillet is a little heavier and really non-sticky.,1
428,Wait for the video -- and don't rent it.,0
429,"you can feel the warmth that ignites this catchy tale, and the humour and humanity that root it in the feeling.",1
430,"in my experience, they are a constant source of problems.",0
431,The complication is the heaviness of the phone.,1
432,I almost felt like I was throwing my money on this one.,0
433,"It is a courageous attempt to draw from the heartbeat of the world, a salvation to the universal language of rhythm and a zipped sampling of sounds.",1
434,also headphones don't feel comfortable on your head.,0
435,"the director, Steven Shainberg, succeeded by focusing on his characters, making them bizarre individuals rather than pleasure figures.",1
436,a process that takes a few minutes.,0
437,"Finally, a genre film that delivers -- in a few genres, no less.",1
438,"so cliché??d that, at one point, they literally upset an apple cart.",0
439,You will be more amused to be hit by a bus.,0
440,"You need to be careful to follow all the stories, but they're all interesting.",1
441,"a shampoo of a film - visually unattractive, unbearably noisy and completely stupid ... its hilarity is completely involuntary.",0
442,the use of cgi and digital-and-painting ink make it really slick.,1
443,There was nothing to indicate that Belkin made this item.,0
444,I bought this product to feed my cats num_num Persian during my vacation.,0
445,It appears that there are 13 additional words needed to successfully submit this review.,1
446,abandons any claim to create a historical context and waltzes in a fast soap on the ups and downs of the strong breath between the two artists.,0
447,has the impression of an unedited personal newspaper.,0
448,"As the almost anthropologically detailed realization of the suburbs of the early 1980s, it is significant without being overestimated.",1
449,a waste of good performance.,0
450,"thrilling, provocative and darkly funny, this timely science fiction mystery works on so many different levels that it not only invites, it requires repeated visions.",1
451,"At home alone is going Hollywood, a funny premise until the kids start pulling stunts not even Steven spielberg would know how to do it.",0
452,skip the job to see it at the first opportunity.,1
453,"If it's possible for a suite to surpass the original, then sl2 just does that.",1
454,big liar is just futile silence seeking to draw from the sensitivity of children.,0
455,"sausages, hot dogs and hamburgers are often cooked there.",1
456,An incredibly fun movie just a leading man far from perfection.,1
457,I gave it to someone named happy on his birthday.,0
458,I've owned it for two years and it's a working horse.,1
459,i ve had this thermometer for about num_num years.,1
460,I can wear it in my pocket and use it when I need it.,1
461,"When I contacted the company, the answer was that they had shipped it.",0
462,"The weight of the water uses water as a metaphor for subconscious desire, but this leaking script barely remains afloat.",0
463,"Maybe he didn't rust, but nearby he looks a little cheesey.",0
464,It's becoming more and more difficult to ignore the fact that Hollywood doesn't laugh with us people.,0
465,"the diversity of the artists represented , both in terms of style and ethnicity , prevents the procedure from feeling repetitive , as well as the appropriate 40 minutes delay .",1
466,He didn't learn that storytelling is what movies are about.,0
467,A mixed bag of a comedy that is not really described as out of this world.,0
468,"They're supposed to be cotton, but they don't feel like that.",0
469,"begins as a promising meditation on one of America's most enduring obsessions, but ends as a thin film cascade.",0
470,It would be difficult to think of a recent film that worked so hard to achieve this little pleasure.,0
471,"as designed by M. schaeffer, Christopher and grace are little more than collections of bizarre traits raised from the contour of a writer and thrown on actors charged with the impossible task of making them Jell.",0
472,"interacting with the eyeball and toe, hopkins and nordon are a winning combination, but fiennes fly the "" red dragon "" under their noses.",1
473,No complaints and my wife likes color.,1
474,"An endlessly fascinating, monumental film that is as bold as anything the cinema has seen for years.",1
475,How'd it go?,0
476,"I don't suggest you actually see it, unless you're the kind of person who saw every wim wenders movie of the '70s.",0
477,"One minute, you think you're looking at a serious actuator; the next, it's as if clips from the pink panther hit again and\/or the sailor's moon were loved in .",0
478,I couldn't make a difference at all.,1
479,So I figured maybe it would help keep my acne away.,0
480,a modest and disorderly metaphysical thriller offering more questions than answers.,0
481,I don't think you get what you pay.,0
482,a blessed gift to geeks and film historians.,1
483,I had to buy one on the road.,0
484,They were great and they work great I love them very much thanks.,1
485,impresses you with its opening and surprises.,1
486,My husband said it was obvious so I had to give it back.,0
487,"Obviously, we all have our own taste preferences.",0
488,the article was what I was looking for and arrived exactly as described.,1
489,It should be mentioned that the design of the whole and the interiors of the haunted ship are more than effectively creepy and illuminated mood.,1
490,i orders a second in a not too distant future .,1
491,"The film takes too long to get the right things, then takes too long to find what to do next.",0
492,This intelligent capers movie has twists worthy of David Mamet and is huge pleasure for audiences to think.,1
493,"matthew mcconaughey tries, and fails, to control the screen with swagging machism and madness on-the-top.",0
494,aluminums are dyed and ugly after a few uses.,1
495,it creates foam folds into piles and turns your coffee into a breve latte.,1
496,He's more powerful so I expect him to be a little stronger.,1
497,an original jewel on an obsession of time.,1
498,"Some of Seagal's action images are guilty pleasures, but this one is so formula that it seems to be on autopilot.",0
499,An incredibly intelligent and superbly rhythmic caper filled with scams in scams within scams.,1
500,"the happiest surprise of the year, a film that deals with a real subject in an always surprising way.",1
501,"worked better on a new, older England house with a narrow staircase.",0
502,the sound range and sound is quite impressive for price and size.,1
503,Everything came well sharpened and ready to go.,1
504,I wish he had a crank or something to make it easier.,1
505,I wore my first one with hot climbs on it.,1
506,Extremely confusing.,0
507,that the clock clicked by num_extend I still felt lazy.,0
508,"They're all garbage, not even decent polyester.",0
509,"The biggest asset of the film is how much it's not just another image of connection-the-points, spy-on-the-course.",1
510,"the film makes a tragic mistake by continuing too long, trying to reflect every subsequent event in Chinese history: war, revolution, communism, etc.",0
511,things I notice to date: + bluetooth num_extend streaming is solid.,1
512,the filters of good thing for the tanks number_num gallons are cheap.,0
513,it is not as large as the other available cases .,1
514,"It works with all types, but works better with roma tomatoes.",1
515,"It's a fantastic idea, however it has some flaws.",0
516,"Saying this for the soundtrack, it drowns the wrong dialogue.",0
517,The only thing is that it spreads easily so be careful with it.,1
518,"very easy to put, no bubbles.",1
519,"It may not have the dramatic impact of the gut-grey of other holocaust movies, but it is a compelling story, mainly because of the way it is told by the people who were there.",1
520,"get it, it's worth the price for sure.",1
521,the cookbook that comes with it is adequate.,1
522,offers this rare combination of entertainment and education.,1
523,"the story itself is not interesting, and the songs are painfully undistinct: they could be giant 'to be one of us can be the most unheard of song ever composed.",0
524,a psychological thriller with an intelligent script and obsessive-compulsive 'attention to detail.,1
525,"It is ridiculous, of course... but it is also refreshing, disarming, and simply pleasant despite its ridiculous.",1
526,use it every day since his arrival.,1
527,I paid for that when I bought a few more pieces.,1
528,"The performances are so leaden, the management of michael rymer is so bloodless and the dialogue is so horny that the public laughs aloud.",0
529,"the quiet affirmation of the neighbourhood values of the film gives it an honest, lived glow.",1
530,Even legends like alfred hitchcock and John Huston have sometimes made trifles... so it's not surprising to see a world-class filmmaker like zhang yimou behind the camera for a thread that is ultimately rather inconsistent.,0
531,"Unfortunately, the heart attack hospital wants to convey the same kind of pride in its own sketch material, but this territory has already been explored previously with a better aplomb and sardonic spirit.",0
532,im think number_num gemstones in at least one wheel number_num inch.,0
533,shame on what otherwise was a reliable company with several other respectful products.,0
534,Could the whole plan here have been to produce something that makes the fatal attraction look like a classic in comparison?,0
535,absorbing and disturbing - perhaps more worrying than originally planned - but a little clarity would have come a long way.,0
536,I didn't get that with my wusthofs.,0
537,"stage-by-scene, things happen, but you'd be hard to say what or why.",0
538,We're too stupid to put in place normal sound phrases.,0
539,"I've got a lot of them, it's worth it.",1
540,"a sad, superior human comedy played on the back roads of life.",1
541,"The cables seem pretty basic and work well, except for a problem.",0
542,the story and the characters are far from being quite striking.,0
543,I use this thing to anchor the inside of a potato.,1
544,A gas cooking plate would be worse and a smooth baking plate probably much better.,1
545,Carefully open and handle zipper closures with care.,1
546,"For the first time in a number of years, Mr. Allen surpassed himself with the magic he spun out with Mrs. Leoni 's ellie's Hollywood Empress.",1
547,propelled not by characters but by cartoons.,0
548,hot-over tarantino by means ofwantbe elmore ionard .,0
549,never -lrb- sinks -rrb- in the farm.,1
550,"Despite what everyone believes in the purpose of its creators, the show ... represents a spectacular piece of theatre, and there is no denying the talent of the creative forces behind it.",1
551,"a bad fire, and perhaps the weakest movie - lrb- Woody allen -rrb- has made in the last twenty years.",0
552,She gave it to me and took her ginsu knife.,0
553,It just doesn't have enough power to massage my shoulders and neck.,0
554,"They pee in about once a week, if that's it.",0
555,"This movie is so slick, superficial and trend-hoppy, that it is easy to imagine that a new software spit the script.",0
556,"It's not a ""Friday"" that's worth waiting for.",0
557,"The vampire thriller blade ii starts like a wild hoof and then sucks the blood of its pleasure -- towards the end, you can feel your cracking veins from training.",0
558,Also these fasteners are very easy to clean.,1
559,"Not so funny that sitcom-cut aggressively, it's full of fasting liners, jokes not quite, and a determined TV friendliness that allen personifies.",0
560,I just treated it like I guess a curling iron works.,0
561,"The professional success of lanie means that it must be a failure of life, because it is driven by ambition and does not know how to have fun.",0
562,"An exciting and playful film that constantly defies our desire to know the ""truth"" about this man, while deconstructing the very format of the biography in a way that would undoubtedly give his blessing to him.",1
563,"the furious consistency that -lrb- deniro -rrb- brings to this part only underscores the blurred sentimentality of the film itself, which feels, as it folds towards the end, less like a film than as the filmed reading of a script in need of polishing.",0
564,I'll never buy another game again where it's a requirement.,0
565,a four-year masterpiece in manufacturing.,1
566,What really surprises midwives is their low quality and genuine tenderness.,1
567,Some reviewers complained about motives in the coffee shop.,1
568,I love getos and any cheese snack artificially or naturally improved.,0
569,We use these alots and they work very well.,1
570,There is an implicit immensity in the metropolis that is breathtaking.,1
571,"What could have been a comforting, predictable story is stifled by complexity.",1
572,I would certainly recommend this for a nice case.,1
573,"good for some involuntary laughs, ``extreme ops '' was obviously made for the crowd ``xxx '', people who love mindless action without the benefit of a decent act, writing, and direction.",0
574,We've used ours at least a few hundred times.,1
575,- It's pathetic!,0
576,I love it! It's really practical to set by the stove.,1
577,the good pieces I can save the birds refuse to touch.,0
578,"a deceptively simple film, a film that grows up in retrospect.",1
579,But these knives are worth their price.,1
580,"the premise for this kegger comedy probably sounded brilliant four six-packs and a pitcher of margaritas in, but the film must have been written... in the hangover of a vicious hangover.",0
581,"a complete and provocative film -- a film that pushes the limits of the biography, and defies its audience.",1
582,the production values are above .,1
583,"I hated the color that was sent to me, pale chalk beige.",0
584,"Anyway, I couldn't be more dissatisfied with this purchase.",0
585,intelligent fiction about learning through cultural conflict.,1
586,easy to apply and it works very well.,1
587,undertakes to capture the fiery and magnetic ebony and the flow of friendship.,1
588,"That's what's affordable right now, so it has to do.",1
589,ranking among the best screen work of willams.,1
590,blade release buttons are simple to use which makes cleaning easy.,1
591,I contacted the seller and received a refund.,0
592,also the option of free will is an absolute joke.,0
593,"While infiltrated brother is certainly one for the masses, he is also full of acute, intelligent satire.",1
594,"unless you have very small or very large hands, it is comfortable to use.",1
595,"Instead of throwing the plot and suspense and mystery of the whole thing, Hart's war, like the rams of St. louis in the super bowl, waits only after half time to begin.",0
596,the sequel has become completely and irrevocably bizarre to the point of absolute absurdity.,0
597,for caine lovers only.,0
598,These little cookies scoops made perfectly uniform two inches cookies.,1
599,I sell mine to make room for something else.,0
600,"For the price tag, there's nothing to eat.",0
601,I'd rather be a little less healthy and a little happier.,0
602,"It's boring, we didn't.",0
603,coming from an Asian background it is not something we normally cook with.,1
604,I'm sure it depends on your age and your type of body.,0
605,There are blue lights number_num to indicate the level of the unit load.,1
606,I've followed the advice and I'm grateful.,1
607,Davis filled his casting with attractive fresh faces.,1
608,didn't have time to return it before Christmas so bought another coulas.,0
609,I was torn between the control of the steam cleaner wagner and that steam cleaner mcculloch.,1
610,I'd just like the vacuum head to be a little bigger.,1
611,a sports film with action that is exciting on the ground and a story you care about him.,1
612,A very medium science fiction film.,0
613,a gentle and compassionate drama about grief and healing.,1
614,I tried the tractions with clamps that run along the cork.,1
615,if you mix your ingredients i . e .,0
616,I tried to hide them in his food and his treats.,0
617,"the film is a small script lit 101, but it's extremely well played and often very funny.",1
618,"Not everything works, but the average is higher than in Mary and most other recent comedies.",1
619,This little butter bell is a fantastic purchase.,1
620,I can't wait to replace him.,0
621,enfamil child is characterized by choline and dha.,0
622,I don't want the bulk of an otter defender.,1
623,His characters are thinner than cardboard -- or even comic paper.,0
624,"even by stupid, ballistic action-film standards: ecks vs. sever is a stupid action film.",0
625,I was not at all satisfied with the performance of this helicopter.,0
626,"I'm a man, a single person who lives alone.",1
627,"a splendid spectacle, young in spirit but accomplished in all aspects with the fullness of the mind and the sense of ease that comes only with experience.",1
628,which is not what he felt with the original gel adhesive.,0
629,we use a bread machine to prepare the dough and provide the first climb.,1
630,"we never really feel involved in history, as all his ideas remain just that: abstract ideas.",0
631,You probably saw them use it on iron chief.,1
632,"The whole casting seems to have so much fun with the ancient slaps and stupid street patois, throwing around obscure expressions like bellini and mullinski, that the compact 86 minutes breaks by.",1
633,"behind the snow games and adorable Siberian huskies -lrb- plus a sheep dog -rrb- , the image welcomes a dose of parka-packed heart .",1
634,It's not that we had to do that.,0
635,Hello;i bought this item from a large retailer on num_num years ago.,0
636,"egoyan's film is too complicated to support involvement, and, if you excuse a bit critical heresy, too intellectually ambitious.",0
637,the anker is an excellent product although I have never heard of it.,1
638,"Almost all the scenes in this film is a jewel that could stand alone, a perfectly realized observation of mood, behavior and intent.",1
639,I am convinced that the vacuum seal works as announced.,1
640,much better than blocking and attacking hooks of type to store overheads.,1
641,a psychologically rich and suspensive moral thriller with stellar performance by al pacino.,1
642,I bought these batteries based on the comments of others.,1
643,"So shipping takes a while, but it certainly is worth the price.",1
644,"for all its failed connections, the divine secrets of the ya-ya fraternity is nourishing, in a gauzy, dithering way.",1
645,i will update my exam after num_num months .,1
646,you can go to any chain store and do better.,0
647,this machine is not compatible with new consoles.,0
648,I recommend smaller size for daily use . but I like this skillet .,1
649,My mouth is very dry and I'm thirsty after drinking this.,0
650,"If the serious crimes were more generic, it would have a universal product code instead of a title.",0
651,"The main ones in this casting are all good, but Bishop and Stevenson are standout.",1
652,"a little lesson in turgity history, without humor and dullness.",0
653,"Once the lid is closed, the smell disappears.",1
654,"Don't buy this product!The photos are horribly, horribly misleading.",0
655,The drama is played with such great beauty and truth that it brings tears to your eyes.,1
656,"It didn't work out for me, I hope others will have a better chance.",0
657,"Two evaluators determined that there were pilots to download, but I failed.",0
658,makes an abort so argumentable for the greatness of man.,1
659,"No, it's not almost as good as one of its influences.",0
660,"I'm all excited, but that taste has nothing to do with honey.",0
661,I think this case is a very nice phone business.,1
662,"writers, the wally wolodarsky director, and all actors should start their own coeducational fraternity: kappa rho alpha phi.",0
663,"So after two months of use, working in it.",0
664,It wouldn't be my favorite way to spend 100 minutes or $7.00.,0
665,it charges my phone very quickly and full % battery.,1
666,Great! ',1
667,It's a worthless object that has no meaning at all.,0
668,"Here's a British cop glidingly without concern for plausibility, but just as determined to entertain you.",1
669,this particular variety is rather missing in the flavor department.,0
670,A poem in the tone of cockamamy poised with haste between the frantic lyricism and the violent catastrophe ... the most aggressive and neurotic romantic comedy in cinema's history.,1
671,Forget that the oem xoom charger isn't like that at all.,0
672,The prima ran about a turn and then choked the machine.,1
673,So I thought something was wrong with my car.,1
674,"Now, I just need to buy a box for bottle caps.",1
675,It took 19 predecessors to get this?,0
676,a num_extend defined for the way they handled this.,0
677,stephen warnhart 's homespun documentary mule skinner blues has nothing but love for his trailer park denizens .,1
678,a romantic comedy that works according to the rules of its own autonomous universe.,1
679,I too is a beautiful brand and make very comfortable shoes.,0
680,Not so much a movie as an image book for the big screen.,0
681,I'd recommend this to my friends.,1
682,I ordered two of them and both arrived in a week.,0
683,"So far, it has lasted a long time and is not exhausting.",1
684,I dropped the phone once and the case held perfectly.,1
685,and seems of similar quality to apple products.,1
686,"This romantic thriller is imbued in the British atmosphere of wartime, and skillfully captures the patterns of discourse, moral codes and ideals of the 1940s.",1
687,"overall, however, happy with the product.",1
688,"If this dud had been made in the 1970s, it would have been called the hills have woods and played for about three weeks in drive-in.",0
689,Rolled around me easily to get set up in the gym.,1
690,"like a marathon runner trying to finish a race, you need a constant flow of liquid just to get through.",0
691,proves that a film about goodness is not the same as a good film.,0
692,other number_num calories of the other number_num grams of carbohydrates.,0
693,a film so tedious that it is impossible to worry whether this bragging is true or not.,0
694,I have to lower the grade of another gut.,0
695,"All end well, in a way, but frantic comic moments never clique.",0
696,"shadyac shoots his film like a movie of m. night titimamalan, and he frequently maintains the same snail rhythm; he just forgot to add any real tension.",0
697,I've had a lot of lighters and this one could be the best.,0
698,even die-hard fans of Japanese animation ... will find this one a challenge.,0
699,"More honest about Alzheimer's disease, I think, than iris.",1
700,"I did some research before I bought it, and I chose another one.",1
701,What happened with Pluto Nash?,0
702,Put the homemade pizza sauce on top and add pepperoni and fresh mushrooms.,1
703,"for the first two thirds of this sparkling and inventive story, always fast and furious, the children go along happy for the tour.",1
704,"flashy, pretentious and as impenetrable as the thick Scottish accent of morvern, working class.",0
705,It's this second part that really disgusts me.,0
706,I just got a replacement bb curve from Verizon.,1
707,I woke up with an essentially oil spill on my face.,0
708,Marineland does a very good job with their led aquarium systems.,0
709,I used it once and I won't use it anymore.,0
710,Now I have a game I don't want to play anymore.,0
711,"elling, portrayed with calm tediousness by per Christian elifsen, is a truly singular character, whose fragility are only slightly magnified versions of those who offend almost everyone.",1
712,"a little at first, more with each successive trial.",0
713,I used this set with a toaster oven and a Coleman campsite oven.,1
714,a captivating and moving film that respects its audience and its source.,1
715,"This is the best film of the year so far , the reference against which all other best image candidates should be measured .",1
716,After a num_extend trial I received the same product.,0
717,I didn't have enough to get back.,0
718,Remember when the bond had more glamour than the clamour?,0
719,I can't send him back because I don't have him.,0
720,... surprisingly inert for a film in which the main character travels between times.,0
721,"could work for others, didn't work for me.",0
722,"When a set of pre-shooting guidelines a director came with for his actors turns out to be smarter, better written and of considerable interest more than the finished film, it's a bad sign.",0
723,It is very simple and takes very little space on the rack pot.,1
724,The concept was great and it worked very well when it worked.,0
725,"of oliveira creates an emotionally rich film, poetically sprayed and visually fulsome, but never showy, whose sweet bitter themes are strengthened and brilliantly personified by michel piccoli.",1
726,"for all its surface frenzy, high crimes should be accused of wandering -- so much on sight, so little to offer.",0
727,the transmission force on this compact num_extend is quite strong.,0
728,"While I'm touched, my endurance in health is falling.",0
729,Most products are for dandruff caused by the dry scalp.,0
730,I went to pick them up and you had them.,1
731,farrell ... fortunately succeeds in overcoming the role and plays successfully the foil for Willis 'global-weary colonel .,1
732,I've had it for a long time now and I still love it.,1
733,I followed the instructions and threw out the first batches of coffee number.,1
734,i cannot return it due to shipping requirements .,0
735,"a teasing drama whose incessant inversions of good deeds are just interesting enough to make a sinner like me pray for an even more interesting, less symmetrical, less visibly cross-shaped creation.",1
736,excellent action and direction.,1
737,I'm not sure what this is...,0
738,"I just flipped the stove, and they were there.",1
739,"Unfortunately, hewitt's fort is leaning forward while wearing low-cut dresses, not making brazen comebacks.",0
740,a harmless and slightly fun family comedy.,1
741,"even after several days, they are airtight in a bottle of wine.",1
742,"Apart from theology, why put someone who ultimately does not learn at the center of a child's story?",0
743,absolutely horrible; cheaper @ costco if you have to.,0
744,bought this to load my new android tablet in the car on trips.,1
745,I tried to superpaste the magnets in vain.,0
746,"You'd better invest in the worthy semi-recording that serves as soundtrack, or the video of the Malfitano-domingo production house 1992.",0
747,and it will keep the rice perfect and warm until num_num hours.,1
748,"It's really a crazy couple, and it's therapeutic to laugh with them.",1
749,It's so good that Leon Barlow... he seems to be acting.,1
750,This is the worst game I've ever met in a long time.,0
751,The resulting war tug is as much a snapshot of modern China in microcosm as it is a crash course in film mythology.,1
752,I finally had it bought and I'm glad I did.,1
753,"when it's on dry land, however, this melodrama surfer-girl starts gassing like a grouper at the beach.",0
754,I spent $ on the num_extend and on the whole it wasn't worth the cost.,0
755,bulblock 's total lack of concentration and ability quickly derail the film,0
756,As if they stuck it together and shipped it out it seemed.,0
757,Insert the USB microphone on your phone and enjoy your wide screen.,0
758,I threw all the num_num screen protectors into the trash.,0
759,we have truffled our garden lettuce and greens with ease.,1
760,"This case looks nice, but it's about it.",0
761,The handle is comfortable and holds the pitchers safely in your hands.,1
762,It's worth it.,1
763,"It's traditional cinema all the way, but it's done with a lot of attention from the careful period as well as some very welcome spirit.",1
764,"Yeah, it's plastic, but not cheap plastic.",1
765,"Hu and Liu offer natural performances, matter of fact that sparkle with sadness, desire and love.",1
766,meets very easily and does what he said he would do.,1
767,This idea has lost its originality... and no star seems very excited to go down what was basically an image to a joke.,0
768,the original unreal tournament is the very definition of fun.,0
769,the invincible werner herzog is alive and well and alive to the,1
770,"It could work for flour for any use, which has less gluten.",0
771,Soe decided to push him to live an entire num_num weeks earlier than that.,0
772,"As an actor, rock is appointed wisely.",0
773,"serious but on earth... a slow study, soggy, soporific, visually dank crime melodrama\/character that would be more at home on the small screen but for his stellar casting.",0
774,Makmalbaf follows a resolutely realistic path in this intransigent insight into the harsh existence of Kurdish refugees on Iran's borders.,1
775,"simply as a technical, logistical feat, the Russian arch marks a cinematic stage.",1
776,bought this to use to hold my amazing droid.,0
777,"This movie was made to get laughed at the slowest person in the audience -- just a pure slap with a lot of inane, harmless screams and exaggerated facial expressions.",0
778,"a film that will touch the hearts of children and adults, as well as bring the public to the edge of their seats.",1
779,"company will however exchange, but it is wasting your time doing this.",0
780,"moore 's complex and important film is also, believe it or not, immensely entertaining, a story david and goliath that's still a lot to play out.",1
781,"the first time through, things really slowed around level num_extend",0
782,You put all the ingredients in the pastry maker.,1
783,We plugged in an extra helmet around the house.,0
784,It's like they didn't take anything.,0
785,Here is a 3d imax rah-rah self-congratulator.,0
786,I had to get some at the phone store.,0
787,Of course I treated it with a wooden sealant to last all winter.,1
788,"offending in the way he exploits the hot button question of domestic violence for cheap strong sensations and disgusting in the way he repeatedly puts a small child at risk, treating it as a little more than an accessory to be cruelly tormented.",0
789,the description on the website did not indicate that the straps were elastic.,0
790,The film has a lot of dance and fabulous music.,1
791,the box is very shallow and difficult to cover safely.,0
792,What a change in my life that will do.,1
793,I love my omelette pan and use it almost every morning.,1
794,"No funny, no suspensive, no particularly good shot.",0
795,All well-being in the world does not erase the fact that the believer feels like a 12-step program for the Jewish Nazi.,0
796,The surface of the grid is easier to clean than our other grids.,1
797,I also like the adjustable heating option for the heating plate.,1
798,It reminds me more of a stupid putty than a hide-and-seek.,0
799,Please answer with the filter part number and your location.,0
800,the graphics are certainly improved compared to the previous version.,0
801,"their story is simple and comforting, full of joy that should charm everyone except the most cynical.",1
802,It's one of Polanski's best movies.,1
803,The only thing you've ever seen is a scene with an oriental carpet of football field made from millions of vibrant flowers.,0
804,if you have a fair soft face then by all means use these shavers.,0
805,"son of the bride may be a good half hour too long, but comes full of a flattering feeling of mystery and tranquility.",0
806,too small and not the quality I expected.,0
807,I never thought about making cheese until Ree Drummond did it in his show.,1
808,"Call me a wimp, but I cried, not once, but three times in this sweet animated movie.",1
809,"As Weber and Weissman show with such insightful and celebrant verve, the flies were not as much about gender, sexual preference or political agitation as they were simply a triumph of the indomitable human will to rebel, connect and create.",1
810,"I have a lot of oxo products, and I've always been happy.",1
811,Pointy cutting edges make your pies look as good as they taste.,1
812,"precision and realism are great, but if your film gets boring, and your dialogue isn't smart, then you have to use a more poetic license.",0
813,There is something fundamental missing from this story: something or someone to be interested in.,0
814,I had one less powerful for number_num years before it finally gave up.,1
815,"Romanek keeps the film constantly tense ... reflecting the instability of the character with a metaphorical visual style and an unshakeable score, like a heartbeat.",1
816,"However, certainly does not work as a new battery.",0
817,it is also a good size for a family of num_extend,1
818,"director benoit jacquot, making his first opera-film translation with tosca, transmits the heavy passion of puccini 's famous love-jealusy - murder-suicide fandango with a great cinematic innovation.",1
819,perfect for replacing in my year's number_num mixer that still works.,1
820,It's hard not to feel that you just watched a long-long-term video game with some really heavy back story.,0
821,does not really reduce fat more than most cooking methods.,1
822,formula 51 is so trite that even yu 's high energy action styles it doesn't break through the stupor.,0
823,"very beautiful unit, easy to assemble and use.",1
824,"it is difficult not to be seduced by -lrb- witherspoon 's -rrb- charisma, even in this mill racing vehicle, because this girl knows how to drive to the maximum.",1
825,Try it once and you won't think it's stupid.,0
826,nolan bravely walks where few American films dare to plunge into the world of ambivalence and ambiguity...,1
827,"As he suddenly crosses among the five friends, he does not lend to the individual stories of the characters enough dramatic resonance to make us take care of them.",0
828,in num_num thq came out with this wrestling game.,0
829,Arnold 's jump from small screen to big will leave frills on more than a few faces.,0
830,short blades and longer handles give you the lever you need for the hard cut.,1
831,That ring looked beautiful on the box.,0
832,I'm starting to hate her because I don't need to upgrade.,1
833,I'll never buy that saleswoman again.,0
834,Maybe it will become soft with use and then it should be good.,1
835,"Like its two predecessors, 1983 's koyaanisqatsi and 1988 's powaqqatsi, the naqoyqatsi film collage could be the most navel-Gazing film ever.",0
836,"tadpole is a sophisticated treat, funny and good-natured, light but a pleasure.",1
837,I'm mainly using my blentec now but haven't sold the vitamix yet.,1
838,i estimates that four trips were made to empty and recharge the water compartments.,1
839,Does this happen to the cpu? rarely.,0
840,"longley has built a remarkably coherent, horribly lively snapshot of these turbulent days.",1
841,Mr. coin and Mr. saldanha handle the mix of verbal jokes and slaps.,1
842,"lasted for two games, during which I was the only operator.",0
843,Then I used the fasteners on my furniture and the water was gray.,1
844,"They're cheerleaders, after all, and we love the original genre.",0
845,"It suggests the extensive effects of media manipulation, from the kind of reporting that is done by the allegedly liberal media ... to the intimate and ultimately tragic pain of the maverick individuals like hatfield and hicks.",1
846,That pot I've had for a year.,1
847,"other comments seemed more positive, but I just gave mine.",0
848,The film succumbs to being nothing more than a formula hunt in the dark.,0
849,I cry for the future when much of the respected critical community in this country view blue crush as an intelligent film about young women.,0
850,It's hard to go to anything else now that I've used this.,1
851,"nicolas philibert observes the life inside a school of a play in North France in his documentary of being and having, easily, one of the best films of the year.",1
852,Note that I got mine from an amazon store called a small device.,0
853,the lower part stretches after only one month of possession of the housing.,0
854,The undercover brother won't get far enough.,0
855,It's just a stupid black-like spoof.,0
856,This item does not provide full coverage as suggested by the image.,0
857,"zhang yimou delivers hot, authentic characters who lie not out of dishonesty, but because they really believe that this is the only way to bring happiness to their loved ones.",1
858,I would have given five stars if the packaging with a little bubble envelope.,1
859,It is not educational or exciting and it is boring.,0
860,"a spanky, original take on a theme that will resonate with simples of several ages.",1
861,I have read all the comments and decided on this one.,1
862,"It is a decent glimpse in a period, and a pariah, which is no longer accessible, but it does not necessarily shed more light on its subject than the popular predecessor.",1
863,Now it's just tired.,0
864,"an annoying mix, formula of serial killers and rod 'n' slash.",0
865,I owned this pitcher for several years.,1
866,and it is very possible that these are good cables.,0
867,the backyard battles that you staged with your men of the Green Plastic Army were more exciting and almost certainly made more sense.,0
868,It works well and the coffee is just as great!,1
869,I'd recommend it to anyone who wants a pda.,1
870,I didn't buy my set from that salesman.,0
871,but I like that the phone is higher on the windscreen . recommended .,1
872,if you want to get aloud the cdn num_extend counts down timer large number.,1
873,What children will discover is a new collection.,1
874,The performance of moore impresses almost as much as his work with hay in the chest of 1995.,1
875,the film is often filled with a feeling of pure wonder and excitement not often seen in today's sarcasm cinema,1
876,"a miniscule small beep on the film radar, but one that many more people should check",1
877,an idealistic love story that brings out the 15-year-old latent romantic in everyone.,1
878,it adds the size of a system already large enough.,0
879,be careful when using steak knives however because they will scratch these plates.,1
880,"An intelligent, moving and invigorating film.",1
881,The fact that the beginner is an almost impeccable cinematic experience -- and a triumph of all the wonderful ages in fact -- is a miracle similar to the story that the film depicts.,1
882,"Sometimes, nothing satisfies like the old-fashioned washing.",1
883,My cat is not interested in these springs at all.,0
884,"Despite a cast of blue chips and a provocative title, the writer-director Peter mattei 's first microwave function remains dull romantic patterns basted in the false-contemporary sauce.",0
885,But he loses his attention when he focuses on one person.,0
886,"There is not much more to this adaptation of the nick hornby novel than the charm -- effortlessly, pleasant, charming feather weight.",1
887,"You got what you're paying, I guess.",0
888,I thought it would be an excellent alternative to use during the six weeks.,0
889,you must hold a bowl when capturing the meat you are grinding again.,1
890,"It's not horrible, just horribly mediocre.",0
891,I've only billed it once since I bought it.,1
892,I liked it and I was happy with my purchase.,1
893,I was hoping a little better than that from Amazon.,0
894,can't imagine how it works when you warm your hair style.,0
895,"as are his star, his attitude, and his forgetfulness.",0
896,"the change of time may not be the most memorable cinema session, but his message of deep self-assessment about our fragile existence and the absence of spiritual guide should at least invade an abundance of minds",1
897,mediocre results until hitting on a cookbook.,1
898,"However, he did nothing for his thin coat.",0
899,No reason for anyone to invest their hard-earned dollars in a film that obviously didn't invest much in itself either.,0
900,It took three years three veterinarians and more than twelve hundred dollars spent before success.,0
901,the series of defenders otterbox is by far the best available.,1
902,You won't get that much sand with that.,0
903,"If someone here had done something intelligent at a distance, we could all have stopped watching a long time ago.",0
904,For my purpose it's the perfect article.,1
905,the film is one of the best examples of great format artful shooting that you are likely to see at any time soon.,1
906,"The animated subplot vividly depicts the inner struggles of our teenage heroes - insecure, uncontrolled, and intense.",1
907,"The scenario and the management of goyer are fortunately underestimated, and he drew excellent performances from his casting.",1
908,Art pays tribute to art.,1
909,I put him together to surprise my husband.,0
910,the shipping costs are now lower and upstream on the order.,1
911,No comment on the filter since I haven't used it yet.,0
912,"large Dutch oven, works well and fun to use on camping trips.",1
913,I sprinkle a little flour on the rollers before stamping to avoid sticking.,1
914,"If nothing else, this film introduces a promising, unusual kind of psychological horror.",1
915,"The fighting scenes are fun, but it becomes tedious.",0
916,"But if it is indeed a duty of art to reflect life, that leigh has created a masterful piece of art here.",1
917,"Crayola makes the best pencils, don't take me wrong.",0
918,carrots will leave a large orange smear on the surface.,1
919,"cedar takes a very open approach to this sensitive material, showing impressive control, both visually and in writing.",1
920,"It's a movie worth seeing, talking and singing heads and everything.",1
921,It's honestly the only case I threw in the trash.,0
922,These people would not know the subtle characterization if she put on a giant fur monster costume and then gave them a lapdance.,0
923,the bar contains the agave nectar that does not occur naturally.,0
924,We are in love with ice cream and agitation about the quality of ice cream.,1
925,I bought this to replace a lost knife.,1
926,I have no doubt that it will hold well over the years.,1
927,"the low budget full frontal was one of the most Murkest of the year, intentionally obscure and self-indulgent images, and solaris is his big budget brother.",0
928,"Director ferzan ozpetek creates an interesting dynamic with the members of this group, who live in the same apartment building.",1
929,borrows from so many literary and cinematographic sources that this future world feels absolutely seen already.,0
930,"There are times when a rumor of angels plays like a prolonged episode of touching by an angel -- a little too much dance, a few too many scenes of crying -- but I loved his heart and his mind.",1
931,Few films this year have also been resolved in their emotional nudity.,1
932,has not yet had to be restarted due to connection problems.,0
933,The measuring spoons would make a great farcer of stockings for any kitchen queen.,1
934,"Even though Britney throws is really cute, his movie is really bad.",0
935,"Once glitch, that I didn't see as all that negative.",1
936,"What a snoring! Learn from my mistake, don't buy.",0
937,"Why come with something even quasi-original, when you can loot from shirley Jackson, Richard Matheson... and vomit something like red pink?",0
938,They felt like the same movie to me.,0
939,"If you're sensitive to maltodextrin, it's not for you.",0
940,"He's opening boxes, okay, but no better than the old fashion openers.",0
941,"I used this with another similar product, for more num_num months.",0
942,I have two of them in different places in my house.,1
943,"Like most suites, it takes what worked the last time, repeats it and adds more characters, more cascades, more things to try to camouflage its resemblance.",0
944,"If you think Jennifer Lopez has shown a bad judgment with the intention of marrying ben affleck, wait until you see the good one in manhattan.",0
945,"It's pretty cynical and condescending, too.",0
946,would be five stars if it were on a slightly heavier material.,1
947,It's a good hoodie and well done.,0
948,"Mine is a piece of junk, as far as I'm concerned.",0
949,"its direction, script, and weaver performance as a vaguely discontented woman do for a slightly entertaining 77 minutes, if that's what you're in the mood for.",1
950,"when your main women are a couple of screen-reating dominator like goldie hawn and susan sarandon to their best raunchy, even hokum goes down easily.",1
951,"based on a story david leavitt, the film shares that the usual blend of the writer of observational intelligence, too-easier coincidence and a precious slightly harmful.",0
952,"The film meant well in his tale of freedom horse, but was not able to reach the heart because it was too bearer.",0
953,scores a few points to do what he does with dedicated professionalism and good heart.,1
954,"Also elegantly designed as it is often, anderson's film is essentially a pony at one end that, hindered by an undeveloped script, eventually shoots up lame.",0
955,"not a comfortable or gratifying job, but it is difficult, sometimes intelligent, and always interesting, and these are reasons enough to see it.",1
956,Happy editing and too many repetitive scenes spoil what could have been an important documentary on the comedy stand-up.,0
957,So please stop buying this and maybe they'll lower the price.,0
958,``a whole film about researchers reading the old dusty letters quietly. '',0
959,Maguire is a surprisingly effective pet.,1
960,This does not seem to attract more mosquitoes than the light does on its own.,0
961,I'll never buy hamilton beach products again.,0
962,There is not a weak or negligent performance among them.,1
963,Adam Sandler is Gary Cooper's what a gnat is for a racehorse.,0
964,"The finer the setting, the more time it takes.",1
965,I have a usa version of this.,0
966,"half of it is composed of splattered and pseudo-sophisticated cultural observations, while the rest ... would be more at home on a day TV series.",0
967,I've been through so much of this inefficient nonsense.,0
968,I couldn't stand the persistent smell of excrement in my apartment.,0
969,it makes a buzzing sound when the devices are plugged in.,0
970,"for all his so-called young fires, xxx is no less subject to the formula tired of link of rifles, girls and gadgets while brandishing a new hero of action.",0
971,"It's not overpowering, it's not like perfume.",0
972,"a film that, rather than jumping along the breast, more or less slogs its way through soggy bets, insupportably tongue in the cheek.",0
973,"I would have preferred a transfer to Mr. Holland's classroom for music, or to the Robin Williams conference so that I could listen to a teacher with humor, passion, and verve.",0
974,a romantic comedy resolutely staggered with a great meeting-cup gimmick.,1
975,"It is not mass entertainment, but an intransigent attempt by one artist to think of another.",1
976,must-see viewing for anyone involved in the high-tech industry.,1
977,One of the main complaints is the micromanagment of the collection of the shards.,0
978,And there's no warning on any of these boxes I can identify.,0
979,"I complain all the time to see the same ideas repeated in the films over and over again, but the Barnoese identity proves that a new take is still possible.",1
980,"It's a comedy that's not very funny and an action film that's not very exciting - lrb- and a difficult alliance, at this - rrb-.",0
981,the waist cords are on a foot long after being caught in .,0
982,"He likes this toy, but can get the treats pretty quickly.",0
983,"lack of gravity, macdowell is a place of mourning, and ergo this mischievous drama is an empty vase.",0
984,A second killer shot Kennedy?,0
985,A little pizazz in the studio could have helped.,0
986,"The film itself is a kind of high-profile film crime, the one that brings down the dramas from the military courtroom very, very low.",0
987,It would have been perfect if it were a little smaller.,1
988,This one is available at a decent price with a fair shipping here on amazon.,1
989,the superb dream visuals will impress even viewers who have little patience for the pretension of the Euro-film .,1
990,There is not an ounce of honesty in all production.,0
991,too large and there are better products there in individual units.,0
992,These types of honey wells have been around a long time.,1
993,"You have to break it, in other words.",1
994,I've had this mount for about a year and it's working well.,1
995,but viewers ready to take a chance will be rewarded with two of the most accomplished and riveting performances of the year.,1
996,Byzantine melodrama that stimulates higher brain function as well as libido.,1
997,He's a great spy!,1
998,But this thing will collapse after only a few washes.,0
999,The aftertaste is so powerful that I had to brush my teeth.,0
1000,"The ""performance"" of the gollum is incredible!",1
1001,a collection of the worst solondz instincts in less than 90 minutes.,0
1002,tasteless and they make you order so many things.,0
1003,It was all potatoes and had very little clam flavor.,0
1004,I can't believe how strong this little guy is.,1
1005,the shape of the grains makes all the difference.,0
1006,"There is a lot of style in guillermo del toro 's following the 1998 success, but why do we need 117 minutes to tell a story that simply does not support more than 90 minutes.",0
1007,a small eccentric comic / thriller deeply in love with his own weird personality.,1
1008,other brands in this large container are glass.,0
1009,It was almost like yellow pokemon in the combat system.,0
1010,that rara opinion: intelligent romantic comedy with real ideas about his mind.,1
1011,But what saves lives on the highway doesn't necessarily make persuasive observation.,0
1012,The hubac script is a jewel.,1
1013,There must be an engineering problem with the toy engine.,0
1014,"run, don't walk, to see this barbed and brewing comedy on the big screen.",1
1015,"Instead, I would recommend thisaphil gentle cleanser and you will be well.",0
1016,the lid is the best part of the pot set.,0
1017,I ordered num_num and found this a hug error.,0
1018,"While the mascara is soft, it is not full.",0
1019,It was supposed to be a complete toy.,0
1020,"For example, the box says there's a LED battery light indicator.",1
1021,the result is bewitching -- filled with threat and squalor.,1
1022,I baked beef in the oven and it turned out wonderfully.,1
1023,It was until one day that the record function stopped working.,0
1024,Invincible is a wonderful film.,1
1025,"Even when foreign directors... borrow stuff from Hollywood, they invariably shake the formula and make it more interesting.",1
1026,It's the best American movie about troubled teens since 1998 anything.,1
1027,Save yourself a little time and money and skip this product.,0
1028,A little too soft for his own good.,0
1029,"I'll always have a slight pain, no matter what.",0
1030,"That zhang would make a film so tenderly cute -- with a blind orphan at its centre, no less -- indicates where his ambitions wandered.",1
1031,i adjusted volumes on the iPod and cassette player.,0
1032,Claritine was the best thing around.,0
1033,"However, the signal between the transmitter and the receiver does not work between an isolated patio glass door.",1
1034,It's just a fucking mess.,0
1035,I contacted the company and they said the shipment was lost.,0
1036,"While it would be easy to give over the new title of two weddings and a funeral, it is a much more attentive film than any slice of wymsy grant hugh.",1
1037,pray 's film works well and will attract even those who are not too familiar with the turntable.,1
1038,Ppl really confused going up with me at first.,1
1039,a stunning piece of visual poetry that hopefully will be recalled as one of the most important stories to tell in the history of the Australia film.,1
1040,"often described as the antidote to American pie sex comedies, it actually has a bundle in common with them, as the film spreads all the opportunities for a breakthrough",0
1041,"Greene offers a typically solid performance in a role that is a bit of a departure from the noble characters he has played in the past, and it is matched by schweig, who carries the film on its broad, beautiful shoulders.",1
1042,birds or squirrels . tried number_num different types of bird food .,0
1043,It's one of the saddest movies I've ever seen that still manages to be edifying but not too sentimental.,1
1044,the water didn't abort at all.,0
1045,I'm just gonna stay with a good mayo and skip the bacon.,0
1046,"...a great, baggy, the tentacular carnival of a film, stretching in front of us with little rhyme or reason.",0
1047,"as a showdown: legends of the struggle, he has too many problems to count.",0
1048,"who said, the microphone stole everything he could.",1
1049,...a piece of inviting film.,1
1050,"Without strong script and energetic dogma, dogmatic films can produce the same sleep-inducing effects as watching your neighbor's videos at home.",0
1051,And I've tried a lot of them.,1
1052,spend the extra money and get the hacking knee bands.,0
1053,Eight crazy nights is a showcase for the many talents of sandler.,1
1054,the film bounces over the whole map.,0
1055,it works as expected and is just the right size for the motorhome.,1
1056,I'm so glad we picked this one.,1
1057,I can use a creamy hide-and-seek on it.,0
1058,"Worse, the controls are so confusing that they give me a headache.",0
1059,"convincing as it is exotic, fast runner has a plot that rivals shakespeare for plot, betrayal and murder.",1
1060,"I kept thinking over and over again, 'I should appreciate that.'",0
1061,a mixture of action and romance with asparagus of intentional and unintentional comedy.,1
1062,Eternal Tuck achieves a delicate balance of romantic innocence and philosophical depth.,1
1063,Rainy days and movies about family disintegration always make me fall.,0
1064,"an intelligent, gentle and playful romantic comedy.",1
1065,a film engulfing and creaking with greased clichés with every emotional apparatus known to man.,0
1066,"As Câlinh Grant says several times throughout the movie, `beautiful!",1
1067,One thing is that surprisingly poor unity has . i .,0
1068,simple! does the work it was intended for .,1
1069,"Instead, I tied a towel around my neck like a cape.",0
1070,a wire that respects the wonderful version without being trapped by it.,1
1071,I first used it on my hands and fingers.,0
1072,"Highlights are the fantastic performances of christopher leader, like the first villain, and nathan lane as vincent crummles, the eccentric theatre company chief.",1
1073,It barely goes beyond comic book status.,0
1074,"roll caller-comedy remake of `` big deal on Madonna Street '' which 'is a sneaky little jewel, fun, filled with laughter in which the ultimate ``bellini '' starts to look like a `` real kaputschnik. ''",1
1075,amazon does not provide enough information about this press.,0
1076,It's a great American sports film and dennis quaid is his athletic heart.,1
1077,Don't buy. I didn't expect much because of the cost.,0
1078,"ideal for anything you want to shred, cut or mix.",1
1079,Extremely stupid.,0
1080,Any episode of the sopranos would send this madness ill designed to sleep with the fish.,0
1081,Also cheaper than going to the grocery store.,1
1082,I use it for my line of work and he gets up.,1
1083,"The film is full of beautiful performances, directed by josef bierbichler as brecht and monica bleibtreu as heene weigel, his wife.",1
1084,it reduces waste and you don't have to ingest harmful propellants.,1
1085,I bought the screen protectors for my evo.,1
1086,the case is fine but not at all attractive.,0
1087,This will rival with any top of the knife line that you can buy.,1
1088,a fascinating and fun movie.,1
1089,"Serry does a great job of capturing the climate of the time and, perhaps unintentionally, of linking it to what is happening in America in 2002.",1
1090,"expect to be reminded of other, best movies, in particular seven, that director William Malone copies Slavely.",0
1091,"a lamentable, exploitative, very unpleasant experience.",0
1092,I hate this movie.,0
1093,This thing is so sharp.,1
1094,I think the dsp manager is the stock for android phones.,1
1095,this product was not in working order at the time of delivery.,0
1096,easily moved to different places as needed.,1
1097,Some films are like a tasty hors d'oeuvre; this one is a feast.,1
1098,I'd buy it again if the shipment wasn't that long.,1
1099,Maybe he just needs to be broken and a good fit.,0
1100,I think the sensor reads the carpet fibers it sucks like dirt.,1
1101,I admired this work a lot.,1
1102,"nair stuffs the film with dance, henna, ornamentation, and band song, but his narrative cliché and telegraphed episodes smell of old soap opera.",0
1103,"Today, this sumptuous three-year production is about 20 minutes old and has enough size and scale to satisfy the escape of adults.",1
1104,"With the striking end of the film, we realize that we have a long way to go before we fully understand all the sexual permutations involved.",1
1105,"In this short period of time, he ripped off a wing of the toy.",0
1106,"This extremely fun movie clocks in 80 minutes, but feels twice as long.",0
1107,Good urban legend story.,1
1108,increases the volume but does not feel well to the touch.,0
1109,"The same extremes prevent us from taking his message seriously, and Stepford's women's mentality does not work in a modern context.",0
1110,"the film has just enough of everything -- re-enactments, archive sequences, face-to-face interviews -- and the music is simply sublime.",1
1111,the reason why this image works better than its predecessors is that myers is no longer content with spoofing the mini-mod-madness of the spy movies of the 1960s.,1
1112,"he smacks of purely commercial motivation, without great love for the original.",0
1113,I guess you could say what a snag is.,1
1114,"jason x has cheesey effects and a hoyous plot, but its macabre, self-depreciating sense of humor compensates a lot.",1
1115,"the story is familiar to its many predecessors; like them, it ends up culminating in the not-exactly - amazing impression that crime does not pay.",0
1116,Maybe it works for a few minutes and runs out quickly.,0
1117,i d suggests to anyone looking to buy Linksys products look in netgear instead.,0
1118,dawdles and drags when he should pop; he doesn't even have the virtue of having enough violence without mind to break the tedium of all his generational bonds.,0
1119,It's almost like putting the phone in a pair of high-end socks.,1
1120,"It almost adapts, but not enough to break completely together and adapt.",0
1121,Everything gets hot when you use it.,1
1122,"The charms of voluntary eccentricity, at least as evidenced by this last film essay, begin to wear a little thin.",0
1123,asks too much of most viewers.,0
1124,The lameness of the title should tell you how bad the film is.,0
1125,the quality of materials and manufacturing is much less.,0
1126,It's a lot of sweater and very small steak.,0
1127,I would have given those five stars except for the one complaint I had.,1
1128,"Others may find it migraine-inducing, despite attempts to moore to feed whimsy and spoon.",0
1129,Amazon was good to pay me back right away.,0
1130,although once you pass a little over half the quality becomes a little worse.,1
1131,Washing it is a breeze and just takes a second.,1
1132,exactly what I need for my phone and at the best price possible.,1
1133,I bought it from one of the first infomercials.,1
1134,I'm glad I went for this one on some of the cheapest.,1
1135,I m m m m m m m m m m m m m m m m m m m m m m m m m m m m m m m m m m m m m m m m m m m m m m m m m m m m m m m m m m m m m m m m m m m m m m m m m m m m m m m m m m m m m m m m m m m m m m m m m m m m m m m m m m m m m m m m m m m m m m m m m m m m m m m m m m m m m m m m m m m m m m m m m m m m m m m m m m m m m m m m m m m m m m m m m m m m m m m m m m m m m m m m m m m m m m m m m m m m m m m m m m m m m m m m m m m m m m m m m m m m m m m m m m m m m m m m m m m m m m m m m m m m m m m m m m m m m m m m m m m m m m m m m m m m m m m m m m m m m m m m m m m m m m m m m m m m m m m m m m m m m m m m m m m m m m m m m m,0
1136,I don't know why he has all the good comments.,0
1137,Nothing is worth sending an e-mail to home about .,0
1138,A very funny movie.,1
1139,"affectionately choreographed bloodshed that takes place in a virgin movie neverland, basically.",1
1140,"big case, easy to use and very durable.",1
1141,they send you number_num because each lasts about two days.,0
1142,Nijinsky fans will enjoy every minute of Cox's work.,1
1143,She could have decorated her case herself.,0
1144,I loved the case of defending hated the apple phone.,1
1145,Mckay deflates his piece of puff with a sour click and high doses of medium mind,0
1146,"Before long, the movie starts playing like the general hospital crossed with a live dog spoof Saturday night day afternoon.",0
1147,"The 45-minute running time of the film stops timidly exaggeration, although viewers may be more exhausted than the athletes on the screen.",0
1148,"the product is not durable, but it could just be the one I received.",0
1149,"de niro and mcdormand give solid performances, but their screen time is sabotaged by the inability of history to create interest.",1
1150,More creative than num_extend doesn't think so! but always an excellent product.,1
1151,"day is not a big link movie, but it's a good link movie, which makes it even much better than your typical knock-offs link.",1
1152,I also preferred the weight and thickness of the blade of the wustof.,1
1153,"suffers from slippage, repetitive dialogue and visual debauchery endemic to digital video.",0
1154,"There are strange resonances between the actor and the role here, and they're not exactly flattering.",0
1155,"Kaufman creates a strange feeling of not only being there at the time of these events, but the very night matthew was killed.",1
1156,"gains his stock laughs redneck "" types "" and many, many times when we even recognize without the elizabethan prose, the game behind the thing.",1
1157,"It is better to avoid imprisonment with dull people, nerdy who live in darling.",0
1158,It's just the most fun you've ever had with a documentary!,1
1159,Mine fits perfectly on my linen closet door without any necessary fixing.,1
1160,- A hilarious romantic comedy.,1
1161,I bought them and I think they're pretty boring.,0
1162,"When the plot comes into play, the film loses credibility.",0
1163,What could and should have been biting and drolle is rather a waste of time and talent.,0
1164,"like -lrb- the characters -rrb- become more depressed, the story becomes more tiresome, all the more so as it continues to mount an obvious effort to be profound.",0
1165,"I like almost anything but the cucumber juice, Echhh.",1
1166,"I will continue to use products of philosophy, but not this one.",0
1167,"well worth the money, wouldn't want to be without it.",1
1168,Because these knives will be very popular on the collector market.,0
1169,comes with a towel to clean the phone before placement.,1
1170,a tale of horror and revenge that is almost perfect in his incessant descent to the depths of a man's tortured soul.,1
1171,are very disappointed that I still cannot wear my shoes! .,0
1172,"a long slog for anyone, except the most committed pokemon fan.",0
1173,Who wants to see an airport security comedy?,0
1174,put number_num quarter of water in the machine.,1
1175,because it certainly isn't worth the full price.,0
1176,I hope it's a better choice.,0
1177,I used it twice and it stopped working.,0
1178,"Technically, the film is about as interesting as an insurance advertisement.",0
1179,You better stay home and watch the x files.,0
1180,"In the end, I was looking for something hard to make myself unconscious.",0
1181,I use it as a small office shelf.,1
1182,I didn't have the rust problems others had.,0
1183,I ordered it and it was delivered well in time.,1
1184,the second chapter of the Harry Potter series is even more magical than the first and simply the best family movie of the year.,1
1185,deeply transmits both the traps and the pleasures of love above the summit.,1
1186,"the manufacturers of divine secrets of sister ya-ya should offer a free ticket -lrb- second prize, of course, two free tickets -rrb- to anyone can locate a truly honest moment in their movie.",0
1187,"hilarious, touching and wonderfully dyspeptic.",1
1188,"However, this is an example of how Rosle got it right.",1
1189,I bought fairly cheap holders of motorola and they lasted a while.,0
1190,"Even if you do not correctly pronounce the word ""gyro"", you will appreciate the humor of vardalos, which transcends ethnic boundaries.",1
1191,Then along came that zester that I constantly use.,1
1192,I use it freshly to clean my cooking tray.,1
1193,this cover does exactly what it is designed to do.,1
1194,the copper finish is coated with a transparent plastic to prevent oxidation.,1
1195,"At almost three hours , the entire safe driving is less than the sum of its parts .",0
1196,"I pulled it out of the box, I found the design embarrassing.",0
1197,I guess he's failing in the truth department about his publicity.,0
1198,"went to the second using the same method, no go.",0
1199,The tenderness of the room is always intact.,1
1200,fair price . x x x x x x x x x x x x .,1
1201,All these developments and the challenges facing the santa weigh on the plot so heavily that they drain the entire film with its energy and unnecessarily test credibility.,0
1202,I feel like I've got a new phone.,1
1203,"It moves a lot of air, oscillating between two rooms.",1
1204,I was disappointed that I expected to receive candy that would last a long time.,0
1205,"The result is solemn and horrifying, but strangely detached.",0
1206,i m a symbian fan and find it easy to use.,1
1207,"the reason why we continue to see the same movie with about the same people each year is because many of us continue to go and then, out of embarrassment or stupidity, not warning anyone.",0
1208,"Never completely transcends the status of joker ... and the punch line does not live at the barry 's dead-eyes, perfectly refrigerated delivery.",0
1209,"I like neutrogena products as a rule, so it was a disappointment.",0
1210,It scrolls far too easily and far too smoothly.,0
1211,The cartoon that's not really good enough to be on the afternoon TV is now a movie that's not really good enough to be in the theaters.,0
1212,It could be that I live in an apartment with hills and trees around.,0
1213,Here's how you use special effects.,1
1214,They come with complete instructions and not much more to say.,1
1215,"rare is the "" urban comedy "" which even attempts the insight and honesty of this disarming indie.",1
1216,"He's always fine, I just needed more capacity.",1
1217,It's a junkie movie whose rap tape has been more trendy than the movie itself.,0
1218,"He may seem slow and pretentious, because he thinks the bet is worth the promise.",0
1219,Probably not the value of what was paid for her half.,0
1220,"kwan mixes - and - intriguing metaphors match, while rocking in torpor with its cultivated allergy to action.",0
1221,"He's playing almost as a solarist, but with guns and jokes.",1
1222,what was subtle and mystifying in the novel is now wide and stuffing.,0
1223,making separation and containment of cross contamination very easy.,1
1224,"cutting, lively, funny and finally sober movie.",1
1225,you couldn't buy the ideas.,0
1226,julia is played with an exasperating faderie by laura regan.,0
1227,it keeps the coffee warm and cool for hours.,1
1228,white in the refrigerator for a few more days.,1
1229,Not a bad trip at all.,1
1230,There is no denying the physically spectacular qualities of the film ... or the emotional integrity of the performances .,1
1231,The film is like a series of beginnings and backgrounds that never take off.,0
1232,"when a film is created only because it is a marketable product, soulless and ugly films like this are the result.",0
1233,I like it to be durable and washable.,1
1234,It is very easy to use and very reliable.,1
1235,this product does what it's supposed to do.,1
1236,"So, the result is that you get what you paid for.",0
1237,with cheese sliced instead of French bread on a plate of fruits and cheeses.,0
1238,back from the product but from what I heard he does the job.,0
1239,I bought this for my month num_num of Santa for Christmas.,0
1240,"with generic games and special effects of quality b, the jason is as convincing on the front of the science fiction as the cleopatra of the late television 2525.",0
1241,`enigma ' is a good name for a film this obtuse and inappropriable blanking.,0
1242,I have had no problems with either part and strongly recommends the products.,1
1243,"If there is a way to teach children effectively about the dangers of drugs, I think it's in projects like the unfortunately r-ratified r-rrb-paid projects.",1
1244,another rent for the ian Fleming estate.,0
1245,I guess there may be people that this product could help.,0
1246,'Cause it's too big for my cup holder.,0
1247,Make sure the pins are aligned with the contacts.,1
1248,"Cantet perfectly captures the hotel's lobbies, two-lane highways, and cafés on the road that penetrate vincent 's days",1
1249,"Novak manages to capture a cruelly hilarious vein of black comedy in the situation with his casting of non-actors and a gritty approach, without budget.",1
1250,"first, without the extension they are very short.",0
1251,the buttons to extend the arms worked exactly once before breaking.,0
1252,It's as close as we can ever look through a photographer's viewfinder while he's working.,1
1253,"He tries too hard, and goes beyond the logic of his own world.",0
1254,The talents of the actors help ``mile de lune '' rise above his heart-on-his-leeve writing.,1
1255,"look, it's a superb film filled with dazzling camera work, dance and music.",1
1256,the jaw can perform admirably up to the technology.,0
1257,I bought three of these units to be placed in our house.,1
1258,He has the courage to question great questions with sincerity and devotion.,1
1259,My dog started worrying at bedtime.,0
1260,It's one of the most honest films ever made on Hollywood.,1
1261,"I mean, she felt separated, she broke into a hundred pieces.",0
1262,it can't be so tight to fix it.,1
1263,Taste between the classic American blonde ale and the golden cowboy lager.,1
1264,"makes the s&m very romantic, and Maggie gyllenhaal is a delight.",1
1265,"It represents better than the average film-making that does not ask for a stupid audience, distracted.",1
1266,"Although Avary did his best to do something from Ellis' rien of novel, at the end, his rules are hardly worth following.",0
1267,"what you get with empire is a movie that you've seen many times before, reconditioned as new material because there's a Latino in mind.",0
1268,It was just one and it's not a big deal.,1
1269,the product arrived on time and was well packaged.,1
1270,Culkin does not exaggerate any of the charm or charisma that could keep a more general audience even vaguely interested in its childish character.,0
1271,"flavor: it has some acidic notes, and on the whole not bad.",0
1272,offers enough fun to entertain the preschool set while embracing a healthy attitude.,1
1273,"I like Oster's steam, he does everything he claims to do.",1
1274,is worth the effort to watch.,1
1275,"Unfortunately, as a writer, Mr. Montias is not as good for his crew as he is as a director or actor.",0
1276,no need to find a storage place because it fits in a shallow drawer.,1
1277,"Philip k. cock must turn in his grave, with my stomach.",0
1278,A great feature is that the spatula head is removable for cleaning is.,1
1279,Then she said you ordered the pu which is what you got.,0
1280,the unit itself rests like a necklace around your neck.,1
1281,a convincing journey ... and ``his best friend remembers '' is up there with the most beautiful of the specials.,1
1282,camera fell from him after some uses.,0
1283,"windtalkers is without gratifying shape, the kind of film that invites you to choose its defects even if you have to admit that somehow it hit you where you live.",1
1284,This time Kaufman's imagination failed him.,0
1285,"I still have the privacy screen, after num_num months.",1
1286,"an absorbent life, a slice of depression that touches the true nerves and rings.",1
1287,"workmanlike, maybe, but still a movie with all the elements that made the other three great, scary moments to the movies.",1
1288,It's great if you have more than one guest to serve.,1
1289,"hilarious, acidic brit comedy.",1
1290,"Yes, they are light, and are not durable at all.",0
1291,It wasn't as good as our much cheaper model.,0
1292,It was the finger next to his finger hole.,1
1293,The characteristics of the product and the editorial review comes out germany as the origin of the manufacture.,0
1294,"Clearly, the margin of safety of overflow is much lower.",1
1295,It works well and I'm very happy with her.,1
1296,escape in its purest form.,1
1297,It's called cheating! I expected a box with fuel at least.,0
1298,Who else needs a shower?,0
1299,very impressed that in one minute incorporated all ingredients to perfection.,1
1300,"George, hire a real director and good writers for the next episode, please.",0
1301,I love cooking and you need sharp knives to cook.,1
1302,The chill is -lrb- long -rrb- gone.,0
1303,"his lack of quality earned him a place alongside these other two recent dumas bots-jobs, the man in the iron mask and the musketeer.",0
1304,"This pep-talk for faith, hope and charity does little to offend, but if sacrosanct sincerity was a crime, the producers of the film would be in the bond for life.",0
1305,"it virtually defines a comedy that 'is highly mediocre, with funny bits surfacing from time to time.",0
1306,I didn't have any trouble with the teflon who passed out.,1
1307,Funny enough for the type of movie it's...,1
1308,There is no heating plate in the unit but he doesn't need it.,1
1309,"he did wrong, blandly led, and could have been staged by someone who just graduated from primary school.",0
1310,"After that, it becomes stupid and Maudlin.",0
1311,Good movie.,1
1312,It is inspiring to characterize how people in these diverse cultures share the same human and spiritual needs.,1
1313,and it is much cheaper than getting it on the site of cusinart parts.,1
1314,"isn't quite the same as woo's best job earlier, but it's easily his best American movie ... just got back the shine of his Hong Kong movies.",1
1315,"The film is well shot and very tragic, and one to think about after the turnover of credits.",1
1316,It's a very good quality at a reasonable price.,1
1317,"But in its claustrophobic context centered on the child, it can be just as frightening and disturbing -- even punishing.",0
1318,"For the most part, I spy was a fun trick that will probably rank as one of Murphy's best performances in one of his less-favoured films.",1
1319,a refreshing and authentic tale.,1
1320,a true story without stunning and very pleasant.,1
1321,I would hate to put disposable filters every time I use a coffee maker.,1
1322,The arm has everything. It's my second choice of programmable flavor.,1
1323,"I doubt anyone remembers the image until the moment Christmas really revolves around, but maybe it'll be on video by then.",0
1324,suggested to use one of the amazon bubbler toys sells.,0
1325,"However, I think civilization iv is certainly not an overall improvement.",0
1326,The love of this blender was not as strong as some said.,1
1327,Wipe the plates with a paper towel.,1
1328,it makes it easy and neat to store and access all your scarves.,1
1329,the small green light on one side is very bright when fully charged.,1
1330,I agree with the others that it was difficult to open.,0
1331,I had to replace the paddles.,1
1332,"And after all this, the base broke too.",0
1333,denis and co-author michele petin 's screenplay impeccable penetrates with a crudeness that is both unshakeable and tantalize.,1
1334,the rastach procable number_num inch dock extender only works in part.,0
1335,it should reconnect easily when you are in the num_extend,1
1336,"Renner 's performance as dahmer is unforgettable, deeply absorbing.",1
1337,enough similarities with gymkata and howie long 'fire storm that my nails instinctively crawled towards my long-suffering eyeballs.,0
1338,"Although very similar to the first film based on j.k. rowling 's phenomenal fantasy best sellers, this second round of go has a pretty nice, pushed long head and a delicate attitude likely.",1
1339,need a cheap car charger and it seems to do the job.,1
1340,Fuller would surely have called this taste film and sometimes exalting a big thread.,1
1341,"personal revelations about what the shop means in the big picture, emblematic gambol characters fluidly throughout history, with charming results.",1
1342,"shamefully appetizing and, worse, fleeing from its own provocative theme.",0
1343,"ekobrew, the coffee still remains in this lower corner section.",0
1344,"adds a little bit of bulk to the phone, but not a lot.",1
1345,We like that he can go straight from the top of the stove to the oven.,1
1346,These clamps seem to have the locking mechanism upside down.,1
1347,"the manufacturers have abandoned the entertaining elements of the original and, instead, rehash old jokes and leave all life at the door.",0
1348,I had great hopes for this product since I bruised easily.,0
1349,All but the most discerning priests should take advantage of this non-threat but thrilling adventure.,1
1350,"But it's not bad for the wireless, I've had worse.",1
1351,"newton attracts our attention as a magnet, and acts around his best-known co-star, brand wahlberg.",1
1352,I felt I must have missed something if the reviews were so good.,0
1353,"city by the sea is the kinematic equivalent of defensive driving: it is prudent, conscientious and does not make major mistakes.",1
1354,The ring just left me cold and wet as if I were in the mess of sea water without rain clothes.,0
1355,"Roger Michell, who has done an attractive job in leading persuasion and in Notting Hill in England, becomes too arty in his American debut.",1
1356,Either you'll love it or you'll win it.,1
1357,"glib , satirical documentary that fudges the facts , makes easy points and engages in the cinematic equivalent of tabloid journalism .",0
1358,``collateral damage '' goes by numbers and represents entertainment of decent action - until the fool ends by forcing the spectator to suspend completely unbelief,0
1359,I set up two for the entrance to our house.,1
1360,"This miserable excuse for a short film on empty, believing in flatbush machismo will make it pass.",0
1361,Sometimes I'm here for hours num_num.,1
1362,That's what he does and he does it right.,1
1363,"ossed, bewitching and extremely difficult to forget.",1
1364,The head is pretty comfortable for me at least.,1
1365,"Although ganesh is a mid-level success, there is nothing so striking or fascinating or metaphorically significant in his career as to note two hours of our attention.",0
1366,"one of the most haunted, viciously honest films to come in recent memory.",1
1367,"intelligent science fiction for adults, with only a few false steps on the way.",1
1368,"Since then, I've replaced the game.",0
1369,That makes us laugh.,0
1370,"Most of the way, however, is a refreshing walk.",1
1371,Feels like six different films fighting each other for attention.,0
1372,"the rate of effort is "" e "" and "" b "" is "" boring "" .",0
1373,"3d images only improve the quality of the film's other world, giving it a strange combo of you are there the proximity to the disorienting unrealisticity of the apparently broken fourth wall of the film's screen.",1
1374,"a tender and touching drama, based on the true history of the quest for an African-American troubled to come to terms with his origins, reveals the desire that we all have in our hearts for acceptance within the family circle.",1
1375,"first things first, make sure you order the right helmet.",0
1376,I used a blade grinder for years before I bought a blade grinder.,1
1377,"a journey through memory, a celebration of life, and a sober rumination on fatality, classism, and ignorance.",1
1378,I was extremely satisfied with my purchase.,1
1379,She didn't like the handle of this one at all.,0
1380,Not the fastest but better than my other hot air brush.,0
1381,I've had mine for almost two years and they haven't broken.,1
1382,Is that what you're looking for?,0
1383,Just another story of fish out of the water that barely stays in the water.,0
1384,"Thirty years ago, it would have been revolutionary.",0
1385,Belt works well and installed in just a few minutes.,1
1386,The cord is very heavy to resist pitch.,1
1387,a monster fighting thriller also impersonal in its implacable like the video game series that inspired it.,0
1388,a journey absorbing into the mind and motivations of people under stress as well as a keen and insentimental look at variations on the theme of maternity.,1
1389,I just got this and recently had the chance to use it.,1
1390,I don't know why this shredder got so much mixed criticism.,1
1391,He doesn't need any genius to run this unit.,1
1392,A well done and well-intentioned snoozer.,0
1393,I bought this filter for a braun number_extend coffee maker.,1
1394,"The power team has shaped a comedy with more laughter than many, no doubt.",1
1395,"thought, hey why not try something different could work.",0
1396,we have tried number_num of these waffle manufacturers since Jan Num_extend,0
1397,A wildly funny prison hug.,1
1398,But even a hero can stumble sometimes.,0
1399,I just bought a num_extend ft cubic pocket freezer.,1
1400,There are companies that make dog biscuits with activated charcoal in it.,0
1401,"a smooth machine, well oiled, polished exquisite and padded.",1
1402,I got the wrong color and it shreds easily.,0
1403,"If you're grinding dry items, it should be okay.",0
1404,the voice of the earpiece says connected on the success of the completion.,1
1405,"If he tried to do something more, he would fail and maybe explode, but at this level of manic whim, he's pretty right.",1
1406,He's one of the best vacuum cleaners I've ever met.,1
1407,I think it was about $ when he came to the market.,1
1408,"For me, it was a very disappointing product.",0
1409,I've been using this grill for years.,1
1410,I used to use a good cook brand security opener and really liked it.,1
1411,"I'm saying after trying many cheap pathetic helmets, sigh.",1
1412,I wouldn't even give my current outside.,0
1413,the quality of the article was significantly different from that of the image .,0
1414,"At first, the sight of a blind person directing a film is hilarious, but as the film continues, the joke is slim.",0
1415,"anchored by a formidable performance of the abass, red satin shows that the idea of the self-realization of women knows few continental divisions.",1
1416,"The problem, it's with most of these things, is the script.",0
1417,"multiplayer is just as bad, although fortunately not worse.",0
1418,"In general, if a toy makes a noise, I don't care so much.",0
1419,The master of disaster - it's a piece of Dreck disguised as a comedy.,0
1420,The charger works with my wireless bluetooth speaker just fine so far.,1
1421,If I was spying were funny -lrb- enough -rrb- or exciting -lrb- enough -rrb- then it would be quite simple to forgive the financial extortion that he is trying to reap from the filming audience.,0
1422,The film often produces a captivating poetry.,1
1423,It just blows it out until the water evaporates into the air.,0
1424,"Basically , this product is a tear on consumers .",0
1425,Don't waste your time or money on these jeans.,0
1426,"Despite a few pins, the film is a blurred hug.",1
1427,I used the product for five days straight before I exhausted.,0
1428,"After seeing the sweep, I'm sorry about Madonna.",0
1429,Mark me as a non-believer in werewolf movies that are not serious and rely on stupidity as a substitute for humor.,0
1430,"often hilarious, well-shot and, above all, entertaining, hell house is a fascinating document of an event that must be seen to be believed.",1
1431,"the film could have been more satisfying if, in fact, it had been a little more satisfied instead of going for easy smiles.",0
1432,"First of all, this will cancel whatever warranty you have with microsoft.",0
1433,shipped directly from realook and arrived within two days.,1
1434,"cho 'is fearless to separate from human objects, not afraid to put his life naked in front of an audience.",1
1435,"fits perfectly, the cuts are plsced where they should be.",1
1436,"I've been using it for months, and I love it very much.",1
1437,"First, syrup should not run, it should ooze.",0
1438,So what's the point?,0
1439,I run it outside the window and connect it to a garden hose.,0
1440,"with grandchildren, this is the perfect combination of colorful and functional.",1
1441,These wine caps are very cheap and certainly do the job.,1
1442,a good image in the best sense of the word.,1
1443,The roomba just thinks it's furniture and doesn't get on it.,1
1444,Most of the pizza wheels I've seen are much smaller.,1
1445,I have to say it was well spent money.,1
1446,spoon bento and the bottler knife that is pretty nice.,1
1447,"Funny and, sometimes, poignant, the movie of George Hickenlooper's director is all taking place in pasadena, ``a city where people still read. ''",1
1448,It had a great cost and an excellent product.,1
1449,I like new images and I still love old stuff.,1
1450,It's just incredibly boring.,0
1451,another energy product that simply wastes our money.,0
1452,It just turned out to be good to replace what I had lost.,1
1453,you can practically smell patchouli oil.,0
1454,Looks like I splashed glitter on my face.,0
1455,"Fear of throwing in the farce, but only half-heart in his spy mechanics, all the queen's men is finally just a long drag.",0
1456,This happened after years of use num_num.,1
1457,I can see I'm going to use it a lot.,1
1458,"Of course in most sports games, graphics shouldn't matter.",0
1459,the ill-conceived modern ending falls flat where it should give a moral punch.,0
1460,That is not to say that these treats are bad by any means.,0
1461,They make beautiful night lights for children.,0
1462,This article works as I thought.,1
1463,wow im impressed by this device! how useful it is.,1
1464,"so young, so intelligent, such a talent, so wise \*\*\*.",1
1465,It is both a necessary political work and a fascinating documentary ...,1
1466,"There is enough science to make it count as educational, and enough beauty to make it unforgettable.",1
1467,bubba ho-tep is a wonderful film with a bravura lead performance by bruce campbell that does not deserve to leave the building until everyone is aware of it.,1
1468,he might as well have been a child problem iv.,0
1469,"It's good to go the next morning, completely clean.",1
1470,"He dares to be a little different, and that shade is what is worth it.",1
1471,Murder and chaos of this kind quickly become monotonous.,0
1472,I thought it was the hard plastic screen cover and that's t.,0
1473,"...a little imaginative, mean, cynical and glittering job.",0
1474,certainly one of the most widely produced in us.,0
1475,it remains clean and does not collect food stains.,1
1476,with an average usage its closest to about num_num hours.,1
1477,"The kids thought it was great, but it got old pretty fast.",0
1478,We bought this so our daughter could have fun with a toy.,0
1479,It comes at a good price and looks well done.,1
1480,Taking care of my cat offers a refreshing slice of Asian cinema.,1
1481,She's the best cook I've ever owned.,1
1482,"It's not in my bathtub, which is a standard size.",0
1483,an epic clic horror thread that ends up being even more stupid than its title.,0
1484,and yet it is compact and not too heavy.,1
1485,"Majidi's poetic love story is a lovely awakening of consciousness, so a little dredged at times.",1
1486,"being the great-grandson of author Wells, you would think that the filmmaker Simon Wells would have more respect for the material.",0
1487,"Considering the difficult places and the demanding waterfalls, it must have been a difficult shooting, but the film is difficult for the public as well.",0
1488,"Overall, we are not going to buy this product again.",0
1489,about as satisfying and predictable as the price to your local driving through.,0
1490,very good price but this one more difficult to use than my cusinart .,1
1491,I came to the conclusion that I wasted my money.,0
1492,"a bold and subversive film that crosses the grain of what is popular and powerful in this high-tech age, telling its truths with spelling imagery and fascinating philip glass music.",1
1493,It's a little gross.,0
1494,I had to fix it a few times because it was plastic.,1
1495,i ve was satisfied with most of the oxo products I bought.,1
1496,"I could turn it over, but I need a box opener.",0
1497,"it lists the ingredients, but never mixes and stirs.",0
1498,"Despite the long running time, the rhythm never feels loose -- there is no scene shouting ``bath break! ''",1
1499,It doesn't matter if you buy the stuff on Barris being a hit man.,0
1500,I hate falling for James Bond's license and wasting $,0
1501,It's like a poem.,1
1502,It's actually a little better than the filter that came with the unit.,1
1503,Everything fits into the palm of my child's hand.,0
1504,It's so full of bad choices that all you can do is shake your head in unbelief -- and worry about this classic olive parker intends to chew next time.,0
1505,"All I can say is ""fuhgeddabouit.""",0
1506,he simply presents his point of view that Ayurveda works.,1
1507,"There is not a character in the film with a little plausibility, not an event that is credible, not a confrontation that is not staged, not a moment that is not false.",0
1508,: pi also have little space in my kitchen.,1
1509,The plot is crushed on with yawning.,0
1510,I don't like this belt because of the lack of equipment.,0
1511,"as indicated by the many comments, this is an exceptional carpet cleaner.",1
1512,"tim story 'is not there yet - but "" barbershop "" shows that he is on his way.",1
1513,"overall I love them, and would probably buy them again.",1
1514,"splashes his drama all over the screen, subjecting his audience and characters to action that feels not only manufactured, but also so false you can see the puppet strings of the filmmakers.",0
1515,"it 's push-the-limits teen comedy, the guy written by people who don't come with funny legitimate, and it's so widely used that the good bits are desperately eclipsed.",0
1516,"I can hear the appellant clearly, vice versa.",1
1517,a map of the inner rhythms of love and jealousy and the sacrifice drawn with a regular stroke of a master.,1
1518,"waydowntown is by no means a perfect film, but it has a huge factor of charm and bursts of originality.",1
1519,"His characters are engaging, intimate and the dialogue is realistic and very moving.",1
1520,It's not that nothing fits as well as you don't have to worry.,1
1521,"The pianist is a beautiful work of valedictory for polanski, made richer by his own experiences, making his other films somewhat richer in the market.",1
1522,Bullock does a good job here working against its natural appeal.,1
1523,I wholeheartedly recommend that everyone see this film -- for its historical significance alone.,1
1524,"Also it gets very hot while it's plugged in, which made me freak out.",0
1525,#NAME?,1
1526,The first japan stylist on sex and blood hits the audience with what could be his most insane movie to date.,1
1527,"in this case, it is a great disappointment for num_extend",0
1528,"... with the taste of candy of this one falling faster than 25-cent bubble gum, I realized that it is a film to throw that does not support the test of time.",0
1529,"All this -lrb- powerpuff girls -rrb- charm is present in the film, but it is too thin.",0
1530,"a strong first quarter , slightly less the second quarter , and the second average half .",0
1531,Could the country really be as bad as its trailers?,0
1532,"a hard blow, but the depth and rigor of leigh, and his skill to inspire accomplished representations that are all the more impressive for their lack of sobriety, counterbalance to a notable degree the often-mined and desperate milieu of the film.",1
1533,It's hard to tell if the tuxedo is more boring or embarrassing - I'm ready to call it a draw.,0
1534,Nothing.,0
1535,leave these unpicked flowers -- they died on the vine.,0
1536,"reinforces the often forgotten fact of the remarkably variable human population and the state of mind, and its ability to heal with creative, natural and ancient antidotes.",1
1537,The cars that come with this garage are cute.,0
1538,Point of departure.,0
1539,"I wouldn't recommend that for a mobile, my tactile phone to anyone.",0
1540,For some reason it worked terribly for me.,0
1541,I'll add an update if I find it.,0
1542,would have been much more enjoyable if it simply threaded with the right alignment.,0
1543,We tried some recipes and we had fun with them.,1
1544,"Because it is made of cast iron, roasting is minimized.",1
1545,good for one day only . and opi tests this product on animals .,0
1546,"lathan and diggs have a considerable personal charm, and their screen report makes ancient history seem new.",1
1547,The tone moves abruptly from tension to celebration to soppy.,0
1548,Nothing about this is okay.,0
1549,"as written by michael berg and michael j. wilson of a wildson story, this implacable approach, all-wise-guys-all-the-time tries far too hard and gets tired in no time.",0
1550,These salmon are in the water not vegetable oil.,0
1551,the zester was fairly easy to clean after use.,1
1552,This product is used for pancakes of dollar size.,1
1553,"collateral damage is, despite its so-called post-9 \/ 11 provocation, an antiquity, at the end.",0
1554,but some unexpected zigs and zags help.,1
1555,This version embodies the prophetic book in a certain way even its demanding author could admire.,1
1556,"If you liked the 1982 film, then you'll still love it now.",1
1557,"An elegant psychological thriller, exquisitely modulated.",1
1558,"in adobo, ethnicity is not only the spice, but at the heart of more universal concerns.",1
1559,That's the second one I bought.,1
1560,serves well as a review of a society in transition.,1
1561,"None of this violates the letter of Behan's book, but missing is his mind, his ribald, the humor full of throat.",0
1562,"It's a good movie -- not a classic, but strange, entertaining and authentic.",1
1563,"for anyone who grew up on Disney's 1950 Treasure Island, or remembers the classic flammed 1934 winner, he feels like an impostor.",0
1564,I started using the nasal xlear spray a few years ago.,0
1565,"You might not want to hang out with Samantha, but you'll probably see a little bit of yourself in her unfinished story.",1
1566,the subject of swinging seems still ripe for a documentary -- but not this one.,0
1567,Just reinstall the previous ghost recognition games and basket shield.,0
1568,the sound is also very surprising for the price and is enough for me.,1
1569,I have no idea if it's me or that product doing it.,0
1570,i use is for more deep frying.,1
1571,i ve has learned that companies are making varying degrees of quality.,0
1572,"all characters are stereotypes, and their interaction is numb and predictable.",0
1573,"Damage, but thanks to some beautiful comic moments and several beautiful performances, this is not a total loss.",1
1574,"overall, it is awkward to keep the meter and unit clean.",0
1575,"the charge lamp lights up, but does not charge.",0
1576,This is not worth the money and the brand name is misleading.,0
1577,This cream will give you acne if you have sensitive skin.,0
1578,These permanently open your nasal passages and function functionally as announced.,0
1579,And that would be what you would need.,1
1580,"flavor and romantic, you could call it how Martha got her groove back -- assuming, it's, she never had one to start with.",1
1581,"suggests wordplays about ingredients and soup and someone being out of their noodles, but let's just say the ingredients don't add up quite to a meal.",0
1582,"cheap, low quality chicom range with even cheaper ring fasteners.",0
1583,Only problem is the blue light it becomes an annoying after a while.,1
1584,"While the mystery surrounding the nature of the boat's curse remains intriguing enough to support the sweet interest, the image refuses to offer a lot of accompanying food in the way of characterization, humor or simple old fun popcorn.",0
1585,It's one for the ages.,1
1586,his backup-the-planet message opposes his marketing crass.,0
1587,"Unfortunately, the picture couldn't capture me.",0
1588,"to credit ataris, this game was a little fun.",0
1589,choose your reaction: a. -rrb- that it's for sure it's funny!,1
1590,"where the jokes of the last time came out of the story of cho life, which provided a dramatic engrossing across the line, here the actor hides behind obviously built routines.",0
1591,"Otherwise, they fall from your head to the slightest leanness or inclination.",0
1592,"Much to my dismay, the incisor was nothing but garbage.",1
1593,I like that he uses natural ingredients but he was ineffective on my skin.,0
1594,"often exhausting and tearing to testify, but seldahl and wollter's performances sterling raise this well above the level of the usual film of Maudlin's disease.",1
1595,then contact hard and continue from there.,0
1596,It is the lame players who drive the halo multiplayer into the ground.,0
1597,"rain is a small treasure, enveloping the spectator in a literal and spiritual torpor that is anything but cathartic.",1
1598,This is not expected at all from a respected brand like sony.,0
1599,These come at hand with these special tender moments and celebrations.,1
1600,Fascized to keep clean and a real treasure.,1
1601,"First, there's nothing about it to really write at home.",0
1602,"do not, under any circumstances, consider taking a child younger than the average school age at this wallow in raw humour.",0
1603,Just make sure you don't misplace the beak cap.,1
1604,Then I put the cream on my feet especially around my toes and heels.,0
1605,I installed this on a sliding horizantally window.,1
1606,I found these patches very difficult to put on.,0
1607,I love how these rollers instead of sliding on the stem.,1
1608,"variously ridiculous, headbangingly noisy.",0
1609,The film overcomes the regular minefield of age-old photographs with powerful doses of honesty and sensitivity.,1
1610,an intelligent mix of facts and fiction.,1
1611,"Nevertheless, the smell lasts for num_num or num_num minutes tops.",0
1612,a frank and often fascinating documentary about a church of slopecostal in Dallas that assembles a haunted house developed each year to scare teenagers to attend the services.,1
1613,"Maybe it's too much to ask, but if a movie is really going to inspire me, I want a little more than that.",0
1614,"When the first villians are presented as `` spider '' and `` serpent '' you know that you ‘are in for a true winner, creativity at its summit.",0
1615,Only negative was the delirium was num_num days late.,1
1616,"works because, for the most part, it avoids stupid clichés and chicken nests that arrive to its brothers.",1
1617,"After that, you have to pay a subscription.",0
1618,Dolgin and Franco fashion a fascinating portrait of a young man born in vietnamese who avidly and easily assimilated as an all-American girl with a new name in the south of Tennessee.,1
1619,too lazy to enjoy its semi-humorous premise.,0
1620,I've pretreated the worst stains with the pet stainwoolite.,1
1621,"well written, well played and beautifully shot and marked, the film works on several levels, openly questioning social morals while scaring the audience with its attraction emotion.",1
1622,I have both a square and round pan I use this with .,1
1623,"It's not really a gourmet meal, but the price is right, even from the drive-thru.",1
1624,"So, this car looks cool and everything but its big step.",0
1625,"the best movie of this kind since ""Brazil.""",1
1626,"a frenzied search for laughter, with a success-to-pass report that does not exactly favor the public.",0
1627,Killing maids may well be the most complete of these films and also hit the closest to the truth.,1
1628,"for a film about two mismatched buddies, crystal and niro share little screen time and even less chemistry.",0
1629,the bowl is too light we even had it on a rubber mat.,0
1630,avoid heart pain and wasted bad records.,0
1631,its good as it does in Canada rather than China.,0
1632,"You will be left with the feeling of having just witnessed a great performance and, perhaps, yield to the desire to stand on your feet and shake it.",1
1633,Most of the new films have a bright glow.,1
1634,I couldn't stop using it.,1
1635,jacquot 's tosca is a treat.,1
1636,when buying I discovered that there was a new product update: model number_extend,1
1637,"long enough cord . made of porcelain , so no reliability .",1
1638,scriptwriters scott abbott and michael petroni turned the rice akasha complex into a cartoon monster.,0
1639,The knife got a little rusty after executing it through a cycle.,1
1640,I contacted q cell and they replaced the back cover.,0
1641,"Well-intentioned though he may be, his stories of morality soap-opera have the antiseptic, pre-programmed sensation of a special after school.",0
1642,I thought all the possibilities would be great.,0
1643,"the stupidest, most insulting film of the first quarter of 2002.",0
1644,I thought I was overloaded once she was fired.,0
1645,"favor the nails the role, giving a tight performance, focused illumined by sensational soubresauts.",1
1646,"This eco-friendly, wildlife-friendly film teaches good ethics while entertaining with its non-conventionally wacky but loving family",1
1647,"Sometimes funny, always very colorful and pleasantly highlighted in traditional almod style??var.",1
1648,I don't have my own padding to compensate for hard soles.,0
1649,I have smaller bt helmets that last longer than num_num.,1
1650,-Lrb- newton -rrb- wanders through Charlie completely ignorant that she needs to show some presence and the quality of the stars.,0
1651,"a little coarsely built but catchy, the quest looking at a person so snoring from himself, he becomes an enemy to his own race.",1
1652,"This is the kind of film that ends up feasting u.s. art house screens for no other reason than the fact that it is in French -lrb- well, most -rrb- with English subtitles and is magically ""significant"" because of this.",0
1653,Nothing more than a mediocre trifle.,0
1654,It's like I have an extension cord and male exits at both ends.,0
1655,"There is no denying the extensibility of the artist's conceptions, nor his ability to portray them with an outrageous elan, but really the whole series is so pretentious absurd, sumptuously praised by those who assimilate darkness to depth.",0
1656,Search for videos on swype if you want to see it in action.,1
1657,But this one does the job very well.,1
1658,every product I own from them has failed or has been a release.,0
1659,"I could barely make it, they taste so bad.",0
1660,presents a clever assessment of the average American musical torpor and desperate struggle to escape it.,1
1661,"From spiritual renaissance to bruising defeat, the vincent odyssey resonates in a profound way, comparable to classic films of denoir jeans.",1
1662,"Nothing debases a comedy concept quite like the grinding of bad ideas, and the showtime is full of them.",0
1663,I have no idea why it's a favorite cult.,0
1664,"astute, brutal and strangely soulful film.",1
1665,"It's not a narrative film -- I don't know if it's possible to make a narrative film on September 11, although I'm sure some will try -- but it's as close as anyone has dared to come.",1
1666,Do we really need a 77-minute film to tell us exactly why a romantic relationship between a 15-year-old boy and a 40-year-old woman doesn't work?,0
1667,the metal is very robust and the finish without stick is excellent.,1
1668,even the nonobservable soapfish is more original.,0
1669,"The garbage cans are quite inexcitable, but this one is terribly pleasant.",1
1670,"a recipe for the cinematographic disaster ... from Quentin tarantino, part guy ritchie, and part of the 1960s spy spoof, it's all bad.",0
1671,Fortunately for Mr. chin -- although unfortunately for his subjects -- the invisible hand of the market wrote a script that no human writer could have hoped to match.,1
1672,when you place the eyebrow attachment on you can get a mixed cut.,0
1673,"First of all, I'm not a hot halo.",0
1674,drinking coffee was a little less unpleasant than the odor suggested it would be.,0
1675,It's because of the cheaper short-lived lasers they put in.,0
1676,I won't buy any more in the future.,0
1677,both deeply strange and charmingly expensive.,1
1678,I really like how this counter-protective curves on the edge of the counter.,1
1679,"But for now, I'm very happy with that.",1
1680,de niro can enjoy the same free walk of criticism offered to cling to Eastwood in lazy blood.,0
1681,"while benigni - lrb- who the stars and co-written -rrb- seems to have a wonderful time, he could be alone in this.",0
1682,"The tablets are slowly charged, but this is to be expected.",1
1683,"Well, he made it worse like a rubber band texture.",0
1684,"If it seems like a minor miracle that his seven-year-old star is young enough to be the son of the non-agenarian filmmaker, even more incredible are the boldness with clear eyes and the quiet irony with which actor and director take up the urgent issues of life.",1
1685,I recently bought white rice popcorn for my dad who's been entertaining.,1
1686,"verbinski replaces the atmosphere for action, tedium for strong sensations.",0
1687,"A deliciously biting, bitter black comedy.",1
1688,"It fulfills my modest demands, and exceeds my expectations in appearance.",1
1689,A terrible live action movie.,0
1690,I bought this to grind xylitol and truvia sweeteners in a baking powder.,1
1691,Maudlin and melodramatic that we were waiting for.,0
1692,You could take a nap for an hour and don't miss anything.,0
1693,the casting is uniformly excellent and relaxed.,1
1694,"It's really another anaemic and deadly formulal buddy-cop movie of weapon origin, trying to pass from his lack of imagination as knowledge of the hip.",0
1695,"He did not have the smell much, however, complained.",0
1696,a refreshing Korean film about five high school friends who face a rising battle when they try to bring their relationships into deeper waters.,1
1697,I was also very disappointed with the speed with which it drains the batteries.,0
1698,I've used one for almost num_num years.,1
1699,"in the horror trilogy of fessenden, this theme has proven to be important to him and is particularly in the final.",1
1700,"Once you play a game, you played them all.",0
1701,There was almost nothing I liked about this product.,0
1702,I got this for my daughter num_num of the month for Christmas.,0
1703,"The divine secrets of the ya-ya fraternity may not be exactly divine, but it is certainly -- defiantly -- ya, only with all these wonderful songs and animated performances.",1
1704,"the smug, the oily behavior that donovan adopts throughout the dream stupidly called pipe is just disgusting.",0
1705,It takes several passages through certain types of hair to cut it.,0
1706,"Instead of accurately reporting a terrible true story, the film is more determined to become the next massacre of the Texas chainsaw.",0
1707,This unit makes the best fries I've ever done.,1
1708,over and over and over again.,0
1709,I wouldn't recommend this article for chewing dogs.,0
1710,"cleaning maintenance is fast, neglected cleaning takes more time and repeated cleanings.",1
1711,this cord seemed a business and got good feedback.,0
1712,It's barely something I'd give as a birthday present wrapped up.,0
1713,the film has absolutely no meaning.,0
1714,"taken individually or collectively, stories never add up as much as they promise.",0
1715,I can't believe how beautiful and substantial this ice cream is.,1
1716,It is solid and touching and exactly as stimulating the thought as it should be.,1
1717,It's just a little too low quality.,0
1718,"Always, this thing feels flimsy and ephemeral.",0
1719,"smith's approach is never to tease, except slowly and in this way that makes us consider our own eccentricities and how they are expressed by our houses.",1
1720,I've used it twice a day since I got it.,0
1721,"You've been to more than one indie movie in your life, chances are you've seen this kind of thing before.",0
1722,I would never recommend this terrible case of wasting money.,0
1723,"especially, the coating of this kitchen utensils has been cheap.",1
1724,the outrage is all plympton seemed to go this time.,0
1725,"Although the book only works about 300 pages, it is so densely packed ... that even an ambitious adaptation and a production elaborated like M. schepisi 's seems astute and fuzzy.",0
1726,"Everyone connected to this film seems to be part of an insider's click, which tends to produce formula films rather than fresh ones.",0
1727,the end is a cop-out.,0
1728,The film has an avalanche of stunning visual effects.,1
1729,"What is at stake in this film is nothing more than an obsolete, irritating notion of class.",0
1730,no battery to use and replace.,1
1731,ridiculous.,0
1732,"Just a collection of more penises, tits and gag of flatulence in search of a story.",0
1733,"As a wink to some neglected stars, standing in the shadow of motown is the cultural history of the best kind: informative, revealing and richly entertaining.",1
1734,"and if the hours win ""the best picture"" I could just.",1
1735,it does not slide anywhere in the place during use.,1
1736,Then both go into the dishwasher.,1
1737,"-lrb- director -rrb- byler can still have a big movie in him, but sometimes charlotte is only half one.",0
1738,A cop story that understands the psychic surprisingly well.,1
1739,I'm afraid to open the other pots.,0
1740,We barely need the subtitles to enjoy this colorful action farce.,1
1741,recently thrown into the trash as the line has exhausted.,1
1742,"Visit the spy-film territory as a novel that you do not pose, examine a footnote of the story rarely updated on the screen, and keep you from guessing from the first image to the end.",1
1743,"My oh mon, it's an invigorating electric movie.",1
1744,an irresistible combination of a good story animated on a large scale.,1
1745,"act , especially by drum , almost makes ``never ' '' valid , but -lrb- writer\/director -rrb- schaeffer should follow its own advice",0
1746,"This self-infested goofball is far from the only thing uncomfortable with the clumsy comedy flying Harvard, but it is the most obvious.",0
1747,"The directions were easy to follow, but the quality of the easel was pathetic.",0
1748,"Although a little patchwork in script and production, a brilliant, rich green, the environment does almost the work of the image.",1
1749,"will break over time however, it s rubber.",0
1750,Extremely boring.,0
1751,This formula cooler won't do much to stimulate the standard's career.,0
1752,No problems with this and worked with many devices.,1
1753,Around nowhere the children who appropriate the grasses as they found them and become self-made celebrity athletes -- a low version of the American dream.,1
1754,"If this is the danish idea of a good time, potential tourists might want to consider a different destination -- some joyful countries confused in a bloody civil war, maybe.",0
1755,"ostensibly celebrates the power of middle-aged girls, even though it presents friendship between women as pathetic, dysfunctional and destructive.",0
1756,"I did some research, and I followed this one.",0
1757,"While the island is both absurd and completely misogynistic, its views are incredibly beautiful to look at.",1
1758,"a gimmick looking for a movie: how to fit into the most stupid costumes and deliver as many stupid voices as possible, the plot mechanics are damned.",0
1759,"But buying in false truths and ""indie"" routine shooting, freundlich just made another safe film.",0
1760,I bought this in num_num and the stove is still in great shape.,1
1761,It will not be surprising that the film is not scary.,0
1762,...the last time I saw a theater full of people constantly checking their watches was during my sat.,0
1763,"As the movies of monsters of green guets go, it's a beautiful.",1
1764,"I had two problems, one caused the notation to num_num num_extend",1
1765,I don't give this article number_num stars because of the absurd price.,0
1766,recomiendo este vender porque tengo total seguridad que es una bella y honora persona .,1
1767,This is the most convenient thing to cut potatoes for scallops and chips.,1
1768,"Although the last effort of the controversial Korean filmmaker is not for all tastes, it offers magnificent imaging, effective performance, and an increasingly disturbing sense of foreboding.",1
1769,I bought this gift for my brother.,1
1770,"While surprisingly sincere, this small, medium story is adorned with impressive photo action and surfing.",1
1771,"a hideous, confusing show that could put the nail in the coffin of any future rice adaptation.",0
1772,"humor is based on the belief that knees in the crotch, elbows in the face and spit in the eye are intrinsically funny.",0
1773,the impact of the Armenian genocide is diluted by too much activity on stage at present.,0
1774,Good that they are from USA and not from China! .,0
1775,"Not ""dirty filming"" bad, but more like, ""I once had a nightmare like this, and it's now coming true' bad.",0
1776,"nice action, but there is no sense of connecting points, just points.",0
1777,delicious on fruits and kashii go lean crisp cereal.,1
1778,Cho fans are sure to be entertained; it's just in the interest of full disclosure to say that - on the sole basis of this film - I'm not one of them.,0
1779,ordinary melodrama that is heavy on religious symbols but wafer-thin on the dramatic substance,0
1780,Such a captivating experience is like being buried in a new environment.,1
1781,"I thought the concept was good, scuffy thinks the opposite.",0
1782,"an impressive beginning for the first time writer-director brand romanek, especially considering its past is in the music video.",1
1783,Those who have managed to avoid the deconstructionist theorization of the French philosopher jacques derrida at the university can now take a course of 85 minutes brushing with the documentary derrida .,0
1784,"a great end is not reconciled for a weak film, and crazy as hell doesn't even have a great end.",0
1785,let 's hit the bottom line of the consumer opinion: stay at home.,0
1786,"otterboxes are a little voluminous, but nothing protects better for the price.",1
1787,What Jackson has accomplished here is amazing in technical terms.,1
1788,The shots are as thick as cigarette smoke.,0
1789,After all the great reviews I thought I gave this a try.,0
1790,obvious politics and rudimentary animation reduce the chances that the attraction of hey arnold!,0
1791,-lrb- but it's -rrb- is worth recommending because of two wonderful performances by Michael Caine and Brendan Fraser.,1
1792,"When she speaks, her scary Egyptian halfgod voice is like the computer treated and overproduced as it was in his music.",0
1793,It's a shame because the ingredients seemed to be of quality.,0
1794,"Besides, it's not very full, even for rice.",0
1795,Was it ever possible to say that the williams really lived in a character?,0
1796,"heavy, patterned glass, and very chic look on the table.",1
1797,"what you would end up with if you took Orwell, bradbury, kafka, George lucas and the Wachowski brothers and threw them into a blender.",1
1798,"Could have been better like a documentary, with less of M. eyre's uninspired dramas and more of his sense of observation and indignation.",0
1799,"I bought this pan for steaks and fried potatoes, and fried eggs.",0
1800,I bought this cover for num_num cents plus shipping.,1
1801,"uncertain in tone ... a garble exercise in sexual politics, a short cut of varsity junior through very bad things.",0
1802,a film much more cynical and lazy than a fictional kaufman charlie could oppose .,0
1803,"A sophomorous exploration of the "" problems of life "" that most people have resolved long ago - or at least are tired of hearing people attack them.",0
1804,I've never had a problem answering the phone that way with my blackberry.,1
1805,Don't expect surprises in this list of teamwork photos ...,0
1806,"It is a film that will have people coming out midway, encourage others to stand up and applaud, and, no doubt, will leave the two sides engaged in a fierce debate for the years to come.",1
1807,"It's the kinematic equivalent of a good turn-page, and even if it's absurd, its claws are surprisingly deep-deep.",1
1808,"like bumblebee, michael reilly burke -lrb- octopus 2: river of fear -rrb- just has the right amount of charisma and threat.",1
1809,"for height, weight and price is really worth it.",1
1810,I bought it for a new iphone number_extend,1
1811,has a chaotic charm ... a diversion joyfully without consequence.,1
1812,He crushes it with a powder in just a few seconds.,1
1813,It's so refreshing to see the williams robin turn 180 degrees from the insulting and saporous fiasco rope that he's been doing for several years.,1
1814,"Like most link releases in recent years, some of the cascades are so disparate that they border on being cartoons.",0
1815,nokia knows how to design a very good interface.,0
1816,I also love that this grid doubles like an interior grid.,1
1817,My daughter used it for school for about num_num months until the strap broke.,0
1818,"Really, all this seems nice graphically wise.",0
1819,"I use it a lot, and I've never had a problem with it.",1
1820,The problem with the acrylics I found is the tipping factor.,0
1821,He pushed through the work without any problem.,1
1822,"Overall, the film lacks in some way the brilliant of Jelinek's novel.",0
1823,"As unstable as the plot is, the kaufman script is still memorable for some great liners.",1
1824,"every little as fake as most live action family movies disney are -- no real plot, no real conflict, no real point.",0
1825,"Finally, he wins you.",1
1826,I bought the frie to replace a glass press that broke.,1
1827,This gets the work done for the price.,1
1828,"Grant gets to display his rhythm to perfection, but also to show the range of action that can surprise some who thought that the comedy with a light heart was his fort.",1
1829,All songs build on the same words.,0
1830,"too stupid to be satire, too obviously hateful to be classified otherwise, the irritating slice of frank novak of the life of lumpen is as reliable killing the soul as its title is almost meaningless.",0
1831,"I bought them and when they arrived, they were torn apart.",0
1832,"Although the violence is much less sadistic than usual, the film is typical miike: fast, furious and full of imaginative flowers off-the-cuff.",1
1833,"for all its highfalutin title and its corkscrew story, the film turns out to be not much more than a shady human tale.",0
1834,An enchanting film that presents a bold tour of the past and takes in its warm arms the benefits of cultural artifacts inside the St. Petersburg Hermitage Museum.,1
1835,the zipper closure of the case closes with a flap that covers the zippered part.,1
1836,"and in this regard , on guard delivers .",1
1837,I bought this on the basis of comments rave others.,0
1838,the inside of the case that contacts the phone is not smooth at all.,0
1839,This one's sitting on our dust collection shelf.,0
1840,"I may have been nice, but I just went over the cheeks.",0
1841,"This perceptive, oscarinated documentary, in which children on both sides of the ever-increasing conflict have their say away from vigilant parental eyes, gives peace yet another chance.",1
1842,the daily challenge here is to keep the cat fur to a minimum.,1
1843,I'll never have a phone again without an otter box.,1
1844,You can probably crush them with your car and always agree.,0
1845,Cleans nicely and cooks waffles within a reasonable time.,1
1846,I put my kitchen appliances through the ringing.,1
1847,"If we don't demand a quality standard for the art we choose, we deserve the trash we get.",0
1848,"one of the biggest family-oriented films, fantasy-adventure ever.",1
1849,hardly poses as an image of horror ... but finds surprising depth in his gaze on the bonds of a small family.,1
1850,a frustrating combination of tense humour and heavy sentimentality.,0
1851,myers never knows when to let a gag die; so we are subjected to a mental-numbingly long riff on the poo and pee jokes after another.,0
1852,"After a few days, I noticed that I was exceptionally tired.",0
1853,an image that exalts the virtues of camaraderie and community in an astounding and animated way.,1
1854,"I guess he'll make soups even better than the old one, too.",1
1855,"fill the saucepan halfway with water, and put it to a boil.",1
1856,it works as announced if I am happy! : .,1
1857,loops stop accidental or intentional disappearance.,1
1858,audio is not a religion and it is not holy water.,0
1859,It takes this one away from your list to see.,0
1860,I don't think the weights of the pies are for me.,1
1861,"Maybe it's an easy-to-take swim, but this hair salon doesn't cut.",0
1862,They would turn around or hang up because of poorly rolled wheels.,0
1863,"an incredibly low-rent danish movie, it gathers a group of people in a sweet and charming way, so a little practical",1
1864,It holds the charge like when my phone was brand new.,1
1865,The glass cooker lids would pour water everywhere in a wet mess.,1
1866,"First, I put them both under my tongue simultaneously.",0
1867,quality is rapidly diminished by exposure to heat.,0
1868,I think that's the way to keep the fish wet.,1
1869,I seem to need to invest in a better popcorn.,1
1870,Nightwolf friendship is also cool where he juggles with his hammers.,0
1871,"smith 's point is simple and obvious - people's houses are extensions of themselves, and particularly eccentric people have particularly eccentric living spaces - but its subjects are charmers.",1
1872,"Block the red hot coils of my cookie leaves, and the glassware.",1
1873,I hope you don't have to go through these absurdities.,0
1874,birot 's director at the beginning - lrb- she co-wrote the script with the honor of Christophe?? -rrb- is not so bad that it is bland.,0
1875,is not stuck on the stem as some non-rolls do.,1
1876,... breathes a surprising new life in the familiar by amalgamating the genres and adding the true human complexity to its characters not so-stock. ',1
1877,Ethan Hawke has always imagined himself the bastard child of the beatnik generation and he 'is everywhere on his Chelsea walls.,0
1878,Maybe crush an easy target - these giant old creatures of the 1950s - but ... it recognizes and celebrates their politeness as the reason why people kick out of looking at them today.,1
1879,If you get this just be a little careful.,0
1880,automatically peels for the rental shelf sci-fi directly to the video.,0
1881,Even those of a single-digit age will be able to recognize that this story is too ridiculous ... even for the outcome.,0
1882,The pair made in Mexico is much better.,0
1883,both rub my raw dog and cause bleeding.,0
1884,if you want a cheaper subcontract with companies that specialize in this category.,0
1885,"He crashed for no reason, the backups were corrupted.",0
1886,the perfect movie for those who love sick comedies that can be snide.,1
1887,don't give me any confidence in buying one of the children's discovery toys.,0
1888,"It's more like a special of life -- pleasant, sweet and forgotten.",1
1889,It is Carion's first feature film but his script and direction hums with a confidence that many spend entire careers trying to achieve.,1
1890,"If you like motown music, you're going to love this documentary.",1
1891,the real thing is nong shim shin nooodle ramyun.,0
1892,These outdoor show business will enjoy a close look at people they don't really want to know.,1
1893,I don't remember when I bought that timer for the first time.,1
1894,The film has very little to offer in addition to involuntary laughter.,0
1895,It makes a boring sound when it's on.,0
1896,So I bought this product hoping it would help adjust my cycles.,0
1897,"Two days later, I didn't see them anywhere on the building.",0
1898,... in this incarnation his fizz is infectious.,1
1899,my first suggestion to anyone reading reviews on this product is to keep looking.,0
1900,really touching because it's realistic about all kinds of love.,1
1901,a fun apolitical documentary about life on the country track.,1
1902,"leaves you with a knot in your stomach, its power is undercut by its own evidence of head bang.",0
1903,very well designed and easy to understand.,0
1904,There is no way that this will last as long as it is claimed.,0
1905,more oil on my hands when cooking a steak or falafel.,1
1906,"a dark, flat and boring werewolf movie that refuses to develop a level of energy.",0
1907,I suggest a more tropical flavor with chilled water.,0
1908,hands down the most stimulating film of the year.,1
1909,I also tried a cheaper slipmark on rubber wide heads.,0
1910,"Reggio is a victim of relying on the very digital technology that he fervently despises, creating a meandering, unarticulated and ultimately disappointing film.",0
1911,"These spiders can overtake a motorcycle and wrap a person in a sticky cocoon in seconds, but they fall short of being interesting or entertaining.",0
1912,the casting is so weak in power that none of the characters come out as big ... and the setting remains indistinct.,0
1913,Old grandson likes all the things that have to do with building.,0
1914,"a triumph of the direction of art on narration, but what direction of art!",1
1915,"as tweedy talks about keeping his stock broker and repairing his pool, you aspire to some airborne TV series or naked groupies on the blink of an eye to animate things up.",0
1916,"There are touching moments in the stars, but for the most part it's a dull documentary, dour on what should be a joyful or at least fascinating subject.",0
1917,"where it should be deep, and hyper-climate where it should be sincere.",0
1918,this game does not give you any incentive to continue playing.,0
1919,I use these criticisms so strongly that I want to return them.,1
1920,fast; better than a mixer and is easy to use.,1
1921,a charming romantic comedy that is by far the lightest and most pleasant dogma movie.,1
1922,"Unfortunately, they're sandwiched in between the most elusive dry account of imaginable kahlo life.",0
1923,"first, and surprising was that they have removable sole inserts.",0
1924,It stays on and I'll unplug it when it's done.,1
1925,I loved it!,1
1926,"But looking at Huppert, a great riveting actress in a historic role, is riveting.",1
1927,"No movement, no yuks, not a lot of anything.",0
1928,They are thinner and keep the memory than the older ones.,0
1929,his tolerable but that's not the best thing to say about the headphones.,0
1930,the rest of the sticker is attached to the second film.,1
1931,"I mean, a convener who's clutched, forgiving and pretentious and diatribe against... well, just stuff.",0
1932,"an intelligent, serious, intimate film that falls the ball only when it stops for the blunt exhibition to make sure that you 'get its metaphysical point.",1
1933,"opens to a funeral, ends on the bed of the protagonist death and does not become much more live within three hours between.",0
1934,"If you're looking for a comedy to serve, it's better to look elsewhere.",0
1935,I like it better than any of the forman's articles.,1
1936,This offers very good protection for the phone.,1
1937,The true insight of the film makes the film sometimes too indulgence forgable.,1
1938,The new guy has a heart.,1
1939,A must have if you have one of the oldest eaters.,1
1940,a pleasantly mid-wit remake of the venerable Italian big business comedy on Madonna Street.,1
1941,"a taste of drive so unlucky, even the greedy consumers of pasteurized teas of moore will catch it as a cr?me br?le rancid.",0
1942,The lack of opposing views soon becomes tiring -- the film looks more like a series of toasts at a dinner-witness than a documentary.,0
1943,Friday after next has the same problem as next Friday -- he's called where chris tucker when you need him?,0
1944,mocking them now is an exercise in futility.,0
1945,"reggio's trippy, ambitious downer can also sometimes meet like nothing more than a glorified nike ad.",0
1946,"How on earth, or anywhere else, did the director ron underwood manage to blow up $100 million on this?",0
1947,"It's probably my phone, but it's been happening all the time since I got the battery.",1
1948,"Greengrass delivered an indisputable stylistic tour-de-force, and managed elements such as sound and cinematography with skill",1
1949,It stores in a really small place and is built to last.,1
1950,They also make noise if you manage to touch each other.,0
1951,Maybe an old num_extend girl could wear it.,0
1952,"It's easy to clean, but honestly I rarely clean it.",1
1953,"too much of this thriller well done but dangerously slow feels like a preamble to a bigger, more complicated story that never materializes.",0
1954,"waste of money, waste of time, wasting of blood.",0
1955,"cute, funny, warm digitally animated movie with lots of humor slapping for kids, lots of dance-jokes for adults and hearts enough for everyone.",1
1956,...watching this movie almost caused me to take my life.,0
1957,So I guess it's really a question of preference.,0
1958,"-lrb- schweiger is -rrb- talented and terribly charismatic, essential qualities for movie stars and social anarchists.",1
1959,Even the Hanson brothers can't save him.,0
1960,I'm not looking for that brand anymore.,0
1961,"With a few bucks, you could do something much better yourself.",0
1962,a dream casting of solid feminine talents that build a seamless set.,1
1963,Anyone who can count up to five - lrb- the target market of the film? -rrb-,0
1964,"when -lrb- palma's -rrb- bad, he's really bad, and fatal woman ranks with the worst he's done.",0
1965,very robust with a good selection of tooth sizes.,1
1966,too shy to bring a feeling of closure to a ugly chapter of the twentieth century.,0
1967,I can't believe I didn't buy this earlier.,1
1968,I could feel some grains even after a lot of tremors.,0
1969,The instructions came on the motorola number_extend and were very clear.,1
1970,"Biggie and tupac are so bold, he puts much more polite documentaries to shame.",1
1971,"attentive, provocative and entertaining.",1
1972,"Also, do not use this yellow fabric to clean your phone.",1
1973,very hard plastic and not that fun to play with at all.,0
1974,The English and metric measurements are in relief on each spoon.,1
1975,The biggest offense of the film is its complete and total lack of tension.,0
1976,a lot of monkeyfun for all.,1
1977,"There were other vegetables included, but you really couldn't taste them.",0
1978,"Everything you liked about it in 1982 is still there, for all those who want to be a child again, or show it to their own children.",1
1979,saves on cleaning and use of aluminum foil.,1
1980,the feel of the wheel is pleasant and I like the side scrolling function.,0
1981,"all performances are high notch and, once you get through accents, everything or nothing becomes emotional, although always positive, key to a seat.",1
1982,digital documentary-video about stand-up comedians is an excellent insight into a very different world.,1
1983,It's a glorious groove that lets you want more.,1
1984,I reported that he had not heard a word about it.,0
1985,This game offers nothing unique and graphics are not worth grating on.,0
1986,Everything is played with the sleepy heaviness of the synchronized swimmer wearing a combination of wool.,0
1987,Plays less like an age-old romance than an infomercial.,0
1988,I don't know how I did it without this practical concept.,1
1989,This pan dish is the perfect size and I love having a nice lid.,1
1990,"Not for everyone, but for those he connects with, it's a good start to the standard shooting rate.",1
1991,suck all the ' classics' of robert louis stevenson' the treasure island and fill the void with graphics of sci-fi video games...,0
1992,a predictable long-term scenario .,0
1993,I have bird feeders nom_num hanging from poles in my front and back garden.,0
1994,Nothing wrong with this wonderful innovation at all.,1
1995,an imaginative comedy\/thriller .,1
1996,a tasty exploration of paranoia and insecurity in the culture of fear of America.,1
1997,"On the other hand, for the power grid, you have something here.",1
1998,"like dicks with his passages, mcgrath craftsmanship completely moving scenes throughout his resolutely dramatic variation on the novel.",1
1999,"Those who would follow the hake on his creepy explorations ... are rewarded with brutal performances, engaged in Huppert and Magimel.",1
